,name ,servin _size,calories,total_fat,saturated_fat,cholesterol,vitamin_a,vitamin_a_rae,vitamin_b12,vitamin_b6,vitamin_c,vitamin_e,tocopherol_alpha,vitamin_k,carbohydrate,fiber,sugars,fat
0,Cornstarch,100,381,0.1,,0,0,0,0,0,0,0,0,0,91.27,0.9,0,0.05
1,"Nuts, pecans",100,691,72,6.2,0,56,3,0,0.21,1.1,1.4,1.4,3.5,13.86,9.6,3.97,71.97
2,"Eggplant, raw",100,25,0.2,,0,23,1,0,0.084,2.2,0.3,0.3,3.5,5.88,3,3.53,0.18
3,"Teff, uncooked",100,367,2.4,0.4,0,9,0,0,0.482,0,0.08,0.08,1.9,73.13,8,1.84,2.38
4,"Sherbet, orange",100,144,2,1.2,1,46,12,0.13,0.023,2.3,0.01,0.01,0,30.4,1.3,24.32,2
5,"Cauliflower, raw",100,25,0.3,0.1,0,0,0,0,0.184,48.2,0.08,0.08,15.5,4.97,2,1.91,0.28
6,"Taro leaves, raw",100,42,0.7,0.2,0,4825,241,0,0.146,52,2.02,2.02,108.6,6.7,3.7,3.01,0.74
7,"Lamb, raw, ground",100,282,23,10,73,0,0,2.31,0.13,0,0.2,0.2,3.6,0,0,0,23.41
8,"Cheese, camembert",100,300,24,15,72,820,241,1.3,0.227,0,0.21,0.21,2,0.46,0,0.46,24.26
9,Vegetarian fillets,100,290,18,2.8,0,0,0,4.2,1.5,0,3.45,3.45,0,9,6.1,0.8,18
10,"PACE, Picante Sauce",100,25,0,,0,313,0,0,0,0,0,0,0,6.25,3.1,6.25,0
11,"Goji berries, dried",100,349,0.4,,0,26822,0,0,0,48.4,0,0,0,77.06,13,45.61,0.39
12,"Mango nectar, canned",100,51,0.1,,0,692,35,0,0.015,15.2,0.21,0.21,0.8,13.12,0.3,12.45,0.06
13,"Crackers, rusk toast",100,407,7.2,1.4,78,41,12,0.18,0.047,0,0,0,0,72.3,0,0,7.2
14,"Chicken, boiled, feet",100,215,15,3.9,84,100,30,0.47,0.01,0,0.27,0.27,0.2,0.2,0,0,14.6
15,"Quail, raw, meat only",100,134,4.5,1.3,70,57,17,0.47,0.53,7.2,0,0,0,0,0,0,4.53
16,"Pie, lemon, fried pies",100,316,16,2.5,0,32,2,0.08,0.03,0,0,0,0,42.6,2.6,0,16.1
17,"Peppers, raw, jalapeno",100,29,0.4,0.1,0,1078,54,0,0.419,118.6,3.58,3.58,18.5,6.5,2.8,4.12,0.37
18,"Winged bean tuber, raw",100,148,0.9,0.2,0,0,0,0,0.075,0,0,0,0,28.1,0,0,0.9
19,"Salami, turkey, cooked",100,172,9.2,2.8,76,6,2,0.99,0.427,0,0.24,0.24,1.3,1.55,0.1,1.12,9.21
20,"Grapes, raw, muscadine",100,57,0.5,,0,67,3,0,0,6.5,0,0,0,13.93,3.9,0,0.47
21,"Nuts, raw, ginkgo nuts",100,182,1.7,0.3,0,558,28,0,0.328,15,0,0,0,37.6,0,0,1.68
22,"Spices, ground, savory",100,272,5.9,3.3,0,5130,257,0,1.81,50,0,0,0,68.73,45.7,0,5.91
23,"Candies, sesame crunch",100,516,33,4.7,0,6,0,0,0.491,0,0.16,0.16,0,50.3,7.7,31.17,33.3
24,"Cheese, low fat, cream",100,201,15,9.1,54,552,161,0.92,0.045,0,0.27,0.27,1.1,8.13,0,5.82,15.28
25,"PACE, Green Taco Sauce",100,25,0,,0,0,0,0,0,0,0,0,0,6.25,0,6.25,0
26,"Syrup, Canadian, maple",100,270,0,,0,0,0,0,0,0,0,0,0,67.38,0,59.92,0
27,"Ostrich, raw, top loin",100,119,3,1.2,75,0,0,4.94,0.509,0,0.2,0.2,0,0,0,0,2.95
28,"Chewing gum, sugarless",100,268,0.4,0.1,0,0,0,0,0,0,0,0,0,94.8,2.4,0,0.4
29,"Nuts, dried, pine nuts",100,673,68,4.9,0,29,1,0,0.094,0.8,9.33,9.33,53.9,13.08,3.7,3.59,68.37
30,"Pasta, unenriched, dry",100,371,1.5,0.3,0,0,0,0,0.142,0,0.11,0.11,0.1,74.67,3.2,2.67,1.51
31,"McDONALD'S, Side Salad",100,20,0.2,,0,2850,0,0,0,15.7,0,0,0,4.3,1.6,2.24,0.19
32,"Cookies, Marie biscuit",100,406,11,5.3,0,3,1,0.19,0.074,0,0.45,0.45,3.8,70.54,3.5,21.16,10.58
33,"Broccoli, raw, chinese",100,30,0.8,0.1,0,1720,86,0,0.074,29.6,0.5,0.5,89.1,4.67,2.6,0.88,0.76
34,"McDONALD'S, Hash Brown",100,271,16,2.3,0,2,0,0,0.18,5.6,2.14,2.14,0,28.56,2.8,0.54,16.3
35,"Agave, raw (Southwest)",100,68,0.2,,0,37,2,0,0.055,4,0.23,0.23,5.3,16.23,6.6,2.58,0.15
36,"Emu, raw, outside drum",100,103,0.5,0.1,78,0,0,6.92,0.676,0,0.17,0.17,0,0,0,0,0.48
37,"Nuts, dried, beechnuts",100,576,50,5.7,0,0,0,0,0.684,15.5,0,0,0,33.5,0,0,50
38,"Currants, dried, zante",100,283,0.3,,0,73,4,0,0.296,4.7,0.11,0.11,3.3,74.08,6.8,67.28,0.27
39,"Lentils, raw, sprouted",100,106,0.6,0.1,0,45,2,0,0.19,16.5,0,0,0,22.14,0,0,0.55
40,"Gravy, mix, dry, onion",100,322,3,1.9,2,0,0,0.7,0.1,7,0,0,0,67.64,6,0,3
41,"Pie, fruit, fried pies",100,316,16,2.5,0,27,5,0.08,0.03,1.3,1.72,1.72,4.1,42.6,2.6,21.4,16.1
42,"Snacks, cakes, popcorn",100,384,3.1,0.5,0,72,4,0,0.181,0,0.29,0.29,1.1,80.1,2.9,0.72,3.1
43,"Snack, Mixed Berry Bar",100,383,11,3.8,0,97,27,0.51,0.116,0.6,0.29,0.29,1.6,58.84,7.9,26.32,10.53
44,"Fish, raw, sheepshead",100,108,2.4,0.6,50,100,30,2,0.3,0,0,0,0,0,0,0,2.41
45,"Babyfood, pear, juice",100,47,0,,0,0,0,0,0.01,33.8,0.09,0.09,3.4,11.86,0.1,7.28,0
46,"Brussels sprouts, raw",100,43,0.3,0.1,0,754,38,0,0.219,85,0.88,0.88,177,8.95,3.8,2.2,0.3
47,"Broccoli raab, cooked",100,33,0.5,0.1,0,4533,227,0,0.22,37,2.53,2.53,256,3.12,2.8,0.62,0.52
48,"Butter oil, anhydrous",100,876,99,62,256,3069,840,0.01,0.001,0,2.8,2.8,8.6,0,0,0,99.48
49,"Chicory, raw, witloof",100,17,0.1,,0,29,1,0,0.042,2.8,0,0,0,4,3.1,0,0.1
50,"KEEBLER, Waffle Cones",100,424,5.3,0.9,0,0,0,0,0.03,0,0.05,0.05,0,87.7,1.8,31.6,5.3
51,"KEEBLER, Waffle Bowls",100,424,5.3,0.9,0,0,0,0,0.03,0,0.05,0.05,0,87.7,1.8,31.6,5.3
52,"Broccoli, raw, leaves",100,28,0.4,0.1,0,16000,0,0,0.159,93.2,0,0,0,5.06,2.3,1.48,0.35
53,"Durian, raw or frozen",100,147,5.3,,0,44,2,0,0.316,19.7,0,0,0,27.09,3.8,0,5.33
54,"Tomatoes, raw, orange",100,16,0.2,,0,1496,75,0,0.06,16,0,0,0,3.18,0.9,0,0.19
55,"Tomatoes, raw, yellow",100,15,0.3,,0,0,0,0,0.056,9,0,0,0,2.98,0.7,0,0.26
56,"Egg custards, dry mix",100,410,6.4,2,258,217,63,1.17,0.216,0.4,0,0,0,82.8,0,0,6.4
57,"Peanut flour, low fat",100,428,22,3,0,0,0,0,0.304,0,0,0,0,31.27,15.8,0,21.9
58,"Fish, smoked, haddock",100,116,1,0.2,77,80,24,1.6,0.4,0,0.55,0.55,0.1,0,0,0,0.96
59,"DENNY'S, french fries",100,282,14,2.5,0,0,0,0,0.22,1.6,0.98,0.98,28.8,35.2,3.5,0.85,14.13
60,"Ground turkey, cooked",100,203,10,2.7,93,79,24,1.34,0.633,0,0.11,0.11,0,0,0,0,10.4
61,"MURRAY, Vanilla Wafer",100,461,17,5.7,1,0,0,0,0,0,0,0,0,72.9,1.4,31.5,17.4
62,"WENDY'S, french fries",100,301,14,2.8,0,0,0,0,0.387,3.8,2,2,6.4,39.73,4,0.4,14.1
63,"Bread, toasted, wheat",100,313,4.3,1,0,0,0,0,0.153,0.2,0.24,0.24,5.7,55.77,4.7,6.42,4.27
64,"Danish pastry, cheese",100,374,22,6.8,23,128,35,0.2,0.04,0.1,0.35,0.35,6.9,37.2,1,6.95,21.9
65,"Nuts, glazed, walnuts",100,500,36,3.6,0,0,0,0,0,0,0,0,0,47.59,3.6,32.14,35.71
66,"Spices, garlic powder",100,331,0.7,0.2,0,0,0,0,1.654,1.2,0.67,0.67,0.4,72.73,9,2.43,0.73
67,"Oil, soybean lecithin",100,763,100,15,0,0,0,0,0,0,8.18,8.18,183.9,0,0,0,100
68,"Egg, fresh, raw, yolk",100,322,27,9.6,1085,1442,381,1.95,0.35,0,2.58,2.58,0.7,3.59,0,0.56,26.54
69,"Fireweed, raw, leaves",100,103,2.8,,0,3598,180,0,0.632,2.2,0,0,0,19.22,10.6,0,2.75
70,"Beef, pastrami, cured",100,147,5.8,2.7,68,42,2,1.87,0.221,0.3,0.12,0.12,0.7,0.36,0,0.1,5.82
71,"Frankfurter, meatless",100,233,14,1.7,0,0,0,2.35,0.078,0,1.92,1.92,0,7.7,3.9,0,13.73
72,"Emu, raw, flat fillet",100,102,0.7,0.2,71,0,0,6.12,0.582,0,0.22,0.22,0,0,0,0,0.74
73,"Emu, raw, inside drum",100,108,1.5,0.4,67,17,5,2.26,0.626,0,0.22,0.22,0,0,0,0,1.49
74,"Ice creams, chocolate",100,216,11,6.8,34,416,118,0.29,0.055,0.7,0.3,0.3,0.3,28.2,1.2,25.36,11
75,"Snacks, potato sticks",100,522,34,8.9,0,0,0,0,0.32,47.3,9.11,9.11,22.1,53.3,3.4,0.22,34.4
76,"USDA Commodity, salsa",100,36,0.2,,0,550,28,0,0.149,4,0,0,0,7,1.4,0,0.2
77,"Figs, uncooked, dried",100,249,0.9,0.1,0,10,0,0,0.106,1.2,0.35,0.35,15.6,63.87,9.8,47.92,0.93
78,"Game meat, raw, horse",100,133,4.6,1.4,52,0,0,3,0.38,1,0,0,0,0,0,0,4.6
79,"Syrup, fruit flavored",100,261,0,,0,0,0,0,0,0,0,0,0,65.1,0,65,0.02
80,"Broccoli, raw, stalks",100,28,0.4,0.1,0,400,20,0,0.159,93.2,0,0,0,5.24,0,0,0.35
81,"Cream, cultured, sour",100,198,19,10,59,447,124,0.21,0.041,0.9,0.38,0.38,1.5,4.63,0,3.41,19.35
82,"Gravy, canned, au jus",100,16,0.2,0.1,0,0,0,0.1,0.01,1,0,0,0,2.5,0,0,0.2
83,"McDONALD'S, Hamburger",100,264,10,3.5,27,55,0,0.83,0,0.6,0,0,0,30.28,1.3,6.03,10.09
84,"Cheese, port de salut",100,352,28,17,123,1092,315,1.5,0.053,0,0.24,0.24,2.4,0.57,0,0.57,28.2
85,SILK Original Creamer,100,100,6.7,,0,0,0,0,0,0,0,0,0,6.67,0,0,6.67
86,SILK Hazelnut Creamer,100,133,6.7,,0,0,0,0,0,200,0,0,0,20,0,20,6.67
87,"Soup, mix, dry, onion",100,293,0.3,0.1,0,15,1,0,0.582,3.4,0.13,0.13,1.4,65.07,6.6,4.65,0.34
88,"Mushrooms, raw, enoki",100,37,0.3,,0,0,0,0,0.1,0,0.01,0.01,0,7.81,2.7,0.22,0.29
89,Bacon and beef sticks,100,517,44,16,102,0,0,1.9,0.5,0,0,0,1.6,0.8,0,0.8,44.2
90,"Salami, pork, Italian",100,425,37,13,80,0,0,2.8,0.55,0,0,0,0,1.2,0,1.2,37
91,"Crackers, whole-wheat",100,427,14,2.1,0,0,0,0,0.185,0,1.41,1.41,27.2,69.55,10.3,1.19,14.13
92,"Peanuts, raw, spanish",100,570,50,7.1,0,0,0,0,0.348,0,0,0,0,15.83,9.5,0,49.6
93,"Hominy, white, canned",100,72,0.9,0.1,0,1,0,0,0.005,0,0.05,0.05,0.2,14.26,2.5,1.82,0.88
94,"Game meat, raw, moose",100,102,0.7,0.2,59,0,0,0,0,4,0,0,0,0,0,0,0.74
95,"Pears, red anjou, raw",100,62,0.1,,0,24,1,0,0.039,5.2,0.12,0.12,4.9,14.94,3,9.54,0.14
96,"Horseradish, prepared",100,48,0.7,0.1,0,2,0,0,0.073,24.9,0.01,0.01,1.3,11.29,3.3,7.99,0.69
97,"Fish, raw, butterfish",100,146,8,3.4,65,100,30,1.9,0.3,0,0,0,0,0,0,0,8.02
98,"Lebanon bologna, beef",100,172,10,2.8,55,39,12,2.9,0.391,0.9,0.57,0.57,0.3,0.44,0,0,10.44
99,Ham and cheese spread,100,245,19,8.6,61,304,91,0.73,0.13,0,0,0,0,2.28,0,0,18.53
100,"TACO BELL, Taco Salad",100,170,9.2,3,19,62,3,0.4,0.103,0,0.54,0.54,10.7,15.1,3,0,9.17
101,"Sauce, worcestershire",100,78,0,,0,79,5,0,0,13,0.08,0.08,1,19.46,0,10.03,0
102,"Candies, marshmallows",100,318,0.2,0.1,0,0,0,0,0.003,0,0,0,0,81.3,0.1,57.56,0.2
103,"Hummus, home prepared",100,177,8.6,1.1,0,5,0,0,0.399,7.9,0.75,0.75,3,20.12,4,0.27,8.59
104,Horned melon (Kiwano),100,44,1.3,,0,147,7,0,0.063,5.3,0,0,0,7.56,0,0,1.26
105,Ice cream sundae cone,100,254,14,2.7,15,410,117,0.35,0.05,0,0.11,0.11,0.5,28.89,1,21.26,14
106,"Peppers, raw, serrano",100,32,0.4,0.1,0,937,47,0,0.505,44.9,0.69,0.69,11.8,6.7,3.7,3.83,0.44
107,"Cabbage, cooked, napa",100,12,0.2,,0,263,13,0,0.037,3.2,0,0,0,2.23,0,0,0.17
108,"Peppers, dried, ancho",100,281,8.2,0.8,0,20438,1022,0,3.535,2,0,0,0,51.42,21.6,0,8.2
109,"Parsley, freeze-dried",100,271,5.2,,0,63240,0,0,1.375,149,0,0,0,42.38,32.7,0,5.2
110,"Spices, black, pepper",100,251,3.3,1.4,0,547,27,0,0.291,0,1.04,1.04,163.7,63.95,25.3,0.64,3.26
111,"Spices, white, pepper",100,296,2.1,0.6,0,0,0,0,0.1,21,0,0,0,68.61,26.2,0,2.12
112,"Yambean (jicama), raw",100,38,0.1,,0,21,1,0,0.042,20.2,0.46,0.46,0.3,8.82,4.9,1.8,0.09
113,"Nuts, dried, pilinuts",100,719,80,31,0,41,2,0,0.115,0.6,0,0,0,3.98,0,0,79.55
114,"Kiwifruit, raw, green",100,61,0.5,,0,87,4,0,0.063,92.7,1.46,1.46,40.3,14.66,3,8.99,0.52
115,"Drumstick leaves, raw",100,64,1.4,,0,7564,378,0,1.2,51.7,0,0,0,8.28,2,0,1.4
116,"Yautia (tannier), raw",100,98,0.4,0.1,0,8,0,0,0.237,5.2,0,0,0,23.63,1.5,0,0.4
117,"Candies, butterscotch",100,391,3.3,2.1,9,100,28,0,0,0,0.09,0.09,0.3,90.4,0,80.46,3.3
118,"Cucumber, raw, peeled",100,12,0.2,,0,72,4,0,0.051,3.2,0.03,0.03,7.2,2.16,0.7,1.38,0.16
119,"Dandelion greens, raw",100,45,0.7,0.2,0,10161,508,0,0.251,35,3.44,3.44,778.4,9.2,3.5,0.71,0.7
120,"Melons, raw, honeydew",100,36,0.1,,0,50,3,0,0.088,18,0.02,0.02,2.9,9.09,0.8,8.12,0.14
121,Potato salad with egg,100,157,9.4,1.4,17,163,19,0.07,0.115,0.8,0.68,0.68,14.3,16.18,1.3,4.95,9.4
122,"Mushrooms, raw, white",100,22,0.3,0.1,0,0,0,0.04,0.104,2.1,0.01,0.01,0,3.26,1,1.98,0.34
123,"Mushrooms, raw, morel",100,31,0.6,0.1,0,0,0,0,0.136,0,0,0,0,5.1,2.8,0.6,0.57
124,"Cheese, Mexican blend",100,358,29,17,95,659,174,1.23,0.061,0,0.25,0.25,2.5,1.75,0,1.23,28.51
125,"Oranges, Florida, raw",100,46,0.2,,0,225,11,0,0.051,45,0.18,0.18,0,11.54,2.4,9.14,0.21
126,"SILK Vanilla, soymilk",100,41,1.4,0.2,0,206,0,1.23,0,0,0,0,0,4.12,0.4,2.88,1.44
127,"Papaya nectar, canned",100,57,0.2,,0,361,18,0,0.009,3,0.24,0.24,0.8,14.51,0.6,13.91,0.15
128,"Fiddlehead ferns, raw",100,34,0.4,,0,3617,181,0,0,26.6,0,0,0,5.54,0,0,0.4
129,SILK Peach soy yogurt,100,94,1.2,,0,0,0,0,0,17.6,0,0,0,18.82,0.6,14.71,1.18
130,SILK Plain soy yogurt,100,66,1.8,0.2,0,0,0,0,0,13.2,0,0,0,9.69,0.4,5.29,1.76
131,"PACE, Enchilada Sauce",100,40,0,,0,667,0,0,0,2,0,0,0,8.33,1.7,6.67,0
132,Yeast extract spread,100,185,0.9,,0,0,0,0.5,0,0,0,0,0,20.42,6.5,1.6,0.9
133,"Tomatoes, raw, green",100,23,0.2,,0,642,32,0,0.081,23.4,0.38,0.38,10.1,5.1,1.1,4,0.2
134,"Mollusks, raw, snail",100,90,1.4,0.4,50,100,30,0.5,0.13,0,5,5,0.1,2,0,0,1.4
135,"Emu, raw, fan fillet",100,103,0.8,0.2,71,0,0,6.67,0.634,0,0.22,0.22,0,0,0,0,0.8
136,"Pasta, enriched, dry",100,371,1.5,0.3,0,0,0,0,0.142,0,0.11,0.11,0.1,74.67,3.2,2.67,1.51
137,"Cookies, gingersnaps",100,416,9.8,2.5,0,2,0,0,0.098,0,0.97,0.97,2.5,76.9,2.2,19.92,9.8
138,"Sour cream, fat free",100,74,0,,9,255,73,0.3,0.02,0,0,0,0,15.6,0,0.39,0
139,"MURRAY, Honey Graham",100,445,13,3.2,0,0,0,0,0,0,0,0,0,75.7,2.7,22,13.2
140,"Frankfurter, chicken",100,223,16,3.9,96,0,0,0.54,0.323,0,0.22,0.22,0,2.74,0,2.98,16.19
141,"Ham, canned, chopped",100,239,19,6.3,49,0,0,0.7,0.32,2,0.25,0.25,0,0.26,0,0,18.83
142,"Spices, dried, thyme",100,276,7.4,2.7,0,3800,190,0,0.55,50,7.48,7.48,1714.5,63.94,37,1.71,7.43
143,"Carrot juice, canned",100,40,0.2,,0,19124,956,0,0.217,8.5,1.16,1.16,15.5,9.28,0.8,3.91,0.15
144,"Corn, dried (Navajo)",100,386,5.2,0.8,0,0,0,0,0.372,0,0,0,0.9,74.93,0,5.38,5.22
145,"Pate, truffle flavor",100,327,29,10,105,15000,4505,3.2,0.06,2,0,0,0,6.3,0,0,28.5
146,"Fruit butters, apple",100,173,0.3,0.1,0,22,1,0,0.037,0.6,0.05,0.05,0.9,42.47,1.5,35.3,0.3
147,"Fast foods, coleslaw",100,153,9.9,1.6,4,95,28,0.01,0.112,14.6,0.54,0.54,70.9,14.89,1.9,12.19,9.91
148,"Salami, beef, cooked",100,261,22,9.9,71,0,0,3.06,0.18,0,0.19,0.19,1.3,1.9,0,1.5,22.2
149,"Spices, chili powder",100,282,14,2.5,0,29650,1483,0,2.094,0.7,38.14,38.14,105.7,49.7,34.8,7.19,14.28
150,"Spices, caraway seed",100,333,15,0.6,0,363,18,0,0.36,21,2.5,2.5,0,49.9,38,0.64,14.59
151,"Spices, dried, basil",100,233,4.1,2.2,0,744,37,0,1.34,0.8,10.7,10.7,1714.5,47.75,37.7,1.71,4.07
152,"Pickle relish, sweet",100,130,0.5,0.1,0,1218,61,0,0.015,1,0.58,0.58,83.8,35.06,1.1,29.13,0.47
153,"Chives, freeze-dried",100,311,3.5,0.6,0,68300,3415,0,1.996,660,0,0,0,64.29,26.2,0,3.5
154,"Fish, raw, sablefish",100,195,15,3.2,49,310,93,1.5,0.3,0,0,0,0,0,0,0,15.3
155,"Crackers, multigrain",100,482,20,3.3,0,5,0,0,0.117,0,1.75,1.75,36,67.6,3.5,12,20.4
156,"Spices, ground, mace",100,475,32,9.5,0,800,40,0,0.16,21,0,0,0,50.5,20.2,0,32.38
157,"Spices, onion powder",100,341,1,0.2,0,0,0,0,0.718,23.4,0.27,0.27,4.1,79.12,15.2,6.63,1.04
158,"Butter, without salt",100,717,81,50,215,2499,684,0.17,0.003,0,2.32,2.32,7,0.06,0,0.06,81.11
159,"Rice noodles, cooked",100,108,0.2,,0,0,0,0,0.006,0,0.03,0.03,0,24.01,1,0.03,0.2
160,Barley flour or meal,100,345,1.6,0.3,0,0,0,0,0.396,0,0.57,0.57,2.2,74.52,10.1,0.8,1.6
161,"Sesbania flower, raw",100,27,0,,0,0,0,0,0,73,0,0,0,6.73,0,0,0.04
162,"Garlic bread, frozen",100,350,17,5.3,0,44,13,0.08,0.083,0.2,1.18,1.18,29.5,41.72,2.5,3.69,16.61
163,"KFC, Popcorn Chicken",100,351,22,4,40,0,0,0.14,0.502,0,1.32,1.32,17.4,21.18,1,0,21.74
164,"APPLEBEE'S, coleslaw",100,120,7.1,1.1,2,1504,77,0,0.129,13.7,0.5,0.5,65.1,13.17,2.8,9.33,7.09
165,"Rolls, sweet, dinner",100,321,7.4,3.5,55,135,40,0.21,0.11,0.2,0.38,0.38,0.6,53.58,3.1,15.38,7.37
166,"Cherries, raw, sweet",100,63,0.2,,0,64,3,0,0.049,7,0.07,0.07,2.1,16.01,2.1,12.82,0.2
167,"Ostrich, raw, ground",100,165,8.7,2.2,71,0,0,4.61,0.475,0,0.24,0.24,0,0,0,0,8.7
168,"SILK Coffee, soymilk",100,62,1.4,0.2,0,123,0,0.37,0,0,0,0,0,10.29,0,9.47,1.44
169,"Snacks, banana chips",100,519,34,29,0,83,4,0,0.26,6.3,0.24,0.24,1.3,58.4,7.7,35.34,33.6
170,"Peaches, raw, yellow",100,39,0.3,,0,326,16,0,0.025,6.6,0.73,0.73,2.6,9.54,1.5,8.39,0.25
171,"Rolls, wheat, dinner",100,273,6.3,1.5,0,0,0,0,0.076,0,0.36,0.36,2.7,46,3.8,1.63,6.3
172,"Candies, HEATH BITES",100,530,30,16,19,232,0,0,0,0.8,0,0,0,63.39,2,60.02,30.38
173,"Chicken, raw, ground",100,143,8.1,2.3,86,0,0,0.56,0.512,0,0.27,0.27,0.8,0.04,0,0,8.1
174,"Pears, bartlett, raw",100,63,0.2,,0,28,1,0,0.026,4.4,0.12,0.12,3.8,15.01,3.1,9.69,0.16
175,"Toppings, strawberry",100,254,0.1,,0,18,1,0,0.012,13.7,0.1,0.1,0.7,66.3,0.7,27.38,0.1
176,"KEEBLER, Sugar Cones",100,375,3.7,0.8,0,0,0,0,0,0,0,0,0,78,2.1,26.4,3.7
177,"Seaweed, raw, wakame",100,45,0.6,0.1,0,360,18,0,0.002,3,1,1,5.3,9.14,0.5,0.65,0.64
178,"Seaweed, dried, agar",100,306,0.3,0.1,0,0,0,0,0.303,0,5,5,24.4,80.88,7.7,2.97,0.3
179,"Bread, cracked-wheat",100,260,3.9,0.9,0,0,0,0.02,0.304,0,0,0,0,49.5,5.5,0,3.9
180,"Amaranth leaves, raw",100,23,0.3,0.1,0,2917,146,0,0.192,43.3,0,0,1140,4.02,0,0,0.33
181,"Barley, raw, pearled",100,352,1.2,0.2,0,22,1,0,0.26,0,0.02,0.02,2.2,77.72,15.6,0.8,1.16
182,"Polish sausage, pork",100,326,29,10,70,0,0,0.98,0.19,1,0,0,0,1.63,0,0,28.72
183,"Spices, curry powder",100,325,14,1.6,0,19,1,0,0.105,0.7,25.24,25.24,99.8,55.83,53.2,2.76,14.01
184,"Bacon bits, meatless",100,476,26,4.1,0,0,0,1.2,0.08,1.9,6.9,6.9,0,28.6,10.2,0,25.9
185,"Semolina, unenriched",100,360,1.1,0.2,0,0,0,0,0.103,0,0,0,0,72.83,3.9,0,1.05
186,"Grape leaves, canned",100,69,2,0.3,0,5253,263,0,0.136,11.3,1.79,1.79,97.3,11.71,9.9,0,1.97
187,"Spices, ground, sage",100,315,13,7,0,5900,295,0,2.69,32.4,7.48,7.48,1714.5,60.73,40.3,1.71,12.75
188,"PACE, Red Taco Sauce",100,50,0,,0,625,0,0,0,0,0,0,0,12.5,0,6.25,0
189,"DENNY'S, hash browns",100,197,9,1.7,0,0,0,0,0.203,0,0.55,0.55,32.6,26.59,2.7,1.38,8.99
190,"DENNY'S, onion rings",100,385,22,3.7,0,5,0,0,0.089,0,1.23,1.23,50.6,41.05,2.4,4.76,22.23
191,"Ostrich, raw, oyster",100,125,3.7,1.2,73,0,0,4.91,0.507,0,0.2,0.2,0,0,0,0,3.67
192,"Oil, corn and canola",100,884,100,8,0,0,0,0,0,0,14.84,14.84,42.2,0,0,0,100
193,"Pumpkin flowers, raw",100,15,0.1,,0,1947,97,0,0,28,0,0,0,3.28,0,0,0.07
194,"Celery flakes, dried",100,319,2.1,0.6,0,1962,98,0,0.46,86.5,5.55,5.55,584.2,63.7,27.8,35.9,2.1
195,"Crackers, egg, matzo",100,391,2.1,0.5,83,42,13,0.19,0.054,0.1,0,0,0,78.6,2.8,0,2.1
196,"Loganberries, frozen",100,55,0.3,,0,35,2,0,0.065,15.3,0.87,0.87,7.8,13.02,5.3,7.7,0.31
197,"Tangerine juice, raw",100,43,0.2,,0,253,13,0,0.042,31,0.13,0.13,0,10.1,0.2,9.9,0.2
198,"Soybeans, raw, green",100,147,6.8,0.8,0,180,9,0,0.065,29,0,0,0,11.05,4.2,0,6.8
199,"Soybean, curd cheese",100,151,8.1,1.2,0,42,2,0,0.07,0,0.6,0.6,4.6,6.9,0,1.6,8.1
200,"Game meat, raw, bear",100,161,8.3,,0,0,0,0,0,0,0,0,0,0,0,0,8.3
201,"Game meat, raw, deer",100,120,2.4,1,85,0,0,6.31,0.37,0,0.2,0.2,1.1,0,0,0,2.42
202,"Oranges, navels, raw",100,49,0.2,,0,247,12,0,0.079,59.1,0.15,0.15,0,12.54,2.2,8.5,0.15
203,"Tostada shells, corn",100,474,23,7,0,0,0,0,0.363,0,0,0,0,64.43,5.8,0,23.38
204,"Fish, raw, swordfish",100,144,6.7,1.6,66,120,36,1.7,0.543,0,2.02,2.02,0.1,0,0,0,6.65
205,"Taro, raw, tahitian",100,44,1,0.2,0,2045,102,0,0.116,96,0,0,0,6.91,0,0,0.97
206,"Chicory greens, raw",100,23,0.3,0.1,0,5717,286,0,0.105,24,2.26,2.26,297.6,4.7,4,0.7,0.3
207,"Hearts of palm, raw",100,115,0.2,,0,68,3,0,0.81,8,0.5,0.5,0,25.61,1.5,17.16,0.2
208,"Chayote, raw, fruit",100,19,0.1,,0,0,0,0,0.076,7.7,0.12,0.12,4.1,4.51,1.7,1.66,0.13
209,"Fish, smoked, cisco",100,177,12,1.7,32,943,283,4.26,0.268,0,0.22,0.22,0.1,0,0,0,11.9
210,"Frankfurter, turkey",100,223,17,4,77,0,0,0.82,0.143,0,0.62,0.62,0,3.81,0,1.21,17.29
211,"Candies, jellybeans",100,375,0.1,,0,0,0,0,0.004,0,0,0,0,93.55,0.2,70,0.05
212,"Oil, ucuhuba butter",100,884,100,85,0,0,0,0,0,0,0.6,0.6,0,0,0,0,100
213,Soy protein isolate,100,335,3.4,0.4,0,0,0,0,0.1,0,0,0,0,0,0,0,3.39
214,"Syrups, light, corn",100,283,0.2,,0,0,0,0,0,0,0,0,0,76.79,0,76.77,0.2
215,"Fish, raw, milkfish",100,148,6.7,1.7,52,100,30,3.4,0.423,0,0,0,0,0,0,0,6.73
216,"Fish, raw, monkfish",100,76,1.5,0.3,25,40,12,0.9,0.24,1,0,0,0,0,0,0,1.52
217,"Mother's loaf, pork",100,282,22,8,45,0,0,1.05,0.18,1,0,0,0,7.53,0,0,22.3
218,"Tapioca, dry, pearl",100,358,0,,0,0,0,0,0.008,0,0,0,0,88.69,0.9,3.35,0.02
219,"Guavas, raw, common",100,68,1,0.3,0,624,31,0,0.11,228.3,0.73,0.73,2.6,14.32,5.4,8.92,0.95
220,"Spices, celery seed",100,392,25,2.2,0,52,3,0,0.89,17.1,1.07,1.07,0,41.35,11.8,0.67,25.27
221,"Candies, peanut bar",100,522,34,4.7,0,0,0,0,0.153,0,4.1,4.1,0,47.4,4.1,42.22,33.7
222,"Bread, toasted, rye",100,284,3.6,0.7,0,4,0,0,0.074,0.2,0.37,0.37,1.3,53.1,6.4,4.23,3.6
223,"Oil, apricot kernel",100,884,100,6.3,0,0,0,0,0,0,4,4,0,0,0,0,100
224,"Candies, YORK BITES",100,394,7.3,4.4,1,7,0,0,0,0,0,0,0,81.64,2,75,7.32
225,"Meatballs, meatless",100,197,9,1.4,0,0,0,1.5,0.2,0,1.73,1.73,0,8,4.6,1.25,9
226,"Emu, raw, full rump",100,112,1.6,0.4,85,15,4,2.24,0.643,0,0.23,0.23,0,0,0,0,1.64
227,"Mustard greens, raw",100,27,0.4,,0,3024,151,0,0.18,70,2.01,2.01,257.5,4.67,3.2,1.32,0.42
228,"Seaweed, raw, laver",100,35,0.3,0.1,0,5202,260,0,0.159,39,1,1,4,5.11,0.3,0.49,0.28
229,"Sweet rolls, cheese",100,360,18,6.1,76,254,0,0.3,0.069,0.2,0,0,0,43.7,1.2,0,18.3
230,"Figs, stewed, dried",100,107,0.4,0.1,0,4,0,0,0.133,4.4,0.15,0.15,6.7,27.57,4.2,23.35,0.4
231,"Bread sticks, plain",100,412,9.5,1.4,0,0,0,0,0.073,0,1.01,1.01,2.2,68.4,3,1.26,9.5
232,"SILK Mocha, soymilk",100,58,1.4,0.2,0,123,0,0.37,0,0,0,0,0,9.05,0,7.41,1.44
233,Milk and cereal bar,100,413,11,9.1,6,627,188,2,0.819,15.4,0.42,0.42,2.5,72.05,0.4,45.97,10.98
234,"Bread, pumpernickel",100,250,3.1,0.4,0,0,0,0,0.126,0,0.42,0.42,0.8,47.5,6.5,0.53,3.1
235,"Game meat, raw, elk",100,111,1.5,0.5,55,0,0,0,0,0,0,0,0,0,0,0,1.45
236,"PACE, Pico De Gallo",100,31,0,,0,313,0,0,0,3.8,0,0,0,9.38,0,6.25,0
237,"Ostrich, raw, round",100,116,2.4,0.8,71,0,0,5.01,0.517,0,0.2,0.2,0,0,0,0,2.4
238,"HORMEL, Cure 81 Ham",100,106,3.6,1.2,51,0,0,0,0,1.6,0,0,0,0.21,0,0,3.59
239,"Prune juice, canned",100,71,0,,0,3,0,0,0.218,4.1,0.12,0.12,3.4,17.45,1,16.45,0.03
240,"McDONALD'S, BIG MAC",100,257,15,3.8,36,188,0,0.88,0,0.4,0,0,0,20.08,1.6,3.97,14.96
241,"Soy flour, defatted",100,327,1.2,0.1,0,40,2,0,0.574,0,0.12,0.12,4.1,33.92,17.5,16.42,1.22
242,"Bread, toasted, egg",100,315,6.6,1.6,56,231,69,0.11,0.064,0,0.29,0.29,1,52.6,2.5,1.94,6.6
243,"Fish, raw, mahimahi",100,85,0.7,0.2,73,180,54,0.6,0.4,0,0,0,0,0,0,0,0.7
244,"Fish, raw, bluefish",100,124,4.2,0.9,59,398,120,5.39,0.402,0,0,0,0,0,0,0,4.24
245,"Spices, fennel seed",100,345,15,0.5,0,135,7,0,0.47,21,0,0,0,52.29,39.8,0,14.87
246,"Potatoes, skin, raw",100,58,0.1,,0,0,0,0,0.239,11.4,0,0,0,12.44,2.5,0,0.1
247,"Pepper, raw, banana",100,27,0.5,,0,340,17,0,0.357,82.7,0.69,0.69,9.5,5.35,3.4,1.95,0.45
248,"Drumstick pods, raw",100,37,0.2,,0,74,4,0,0.12,141,0,0,0,8.53,3.2,0,0.2
249,"Toppings, pineapple",100,253,0.1,,0,17,1,0,0.028,3.1,0.01,0.01,0.2,66.4,0.4,21.01,0.1
250,Acorn stew (Apache),100,95,3.5,1.3,20,0,0,0.68,0.055,0,0.3,0.3,0,9.22,0.7,0.34,3.47
251,"Tomatoes, sun-dried",100,258,3,0.4,0,874,44,0,0.332,39.2,0.01,0.01,43,55.76,12.3,37.59,2.97
252,"Guava sauce, cooked",100,36,0.1,,0,283,14,0,0.09,146.4,0.55,0.55,1.9,9.48,3.6,5.88,0.14
253,"Pumpkin leaves, raw",100,19,0.4,0.2,0,1942,97,0,0.207,11,0,0,0,2.33,0,0,0.4
254,"Melons, raw, casaba",100,28,0.1,,0,0,0,0,0.163,21.8,0.05,0.05,2.5,6.58,0.9,5.69,0.1
255,"Melon balls, frozen",100,33,0.3,0.1,0,1774,89,0,0.106,6.2,0,0,0,7.94,0.7,0,0.25
256,"Fish oil, cod liver",100,902,100,23,570,100000,30000,0,0,0,0,0,0,0,0,0,100
257,"Nuts, dried, acorns",100,509,31,4.1,0,0,0,0,0.695,0,0,0,0,53.66,0,0,31.41
258,"Rolls, pumpernickel",100,276,2.8,0.5,0,6,0,0,0.1,0,0.63,0.63,1.5,51.87,5.4,0.4,2.8
259,"Gravy, dry, chicken",100,381,9.7,2.9,19,308,38,0.48,0.202,0.6,0,0,0,62.09,0,0,9.73
260,"Fish, raw, tilefish",100,96,2.3,0.4,50,60,18,2.2,0.26,0,0,0,0,0,0,0,2.31
261,"Ice creams, vanilla",100,207,11,6.8,44,421,118,0.39,0.048,0.6,0.3,0.3,0.3,23.6,0.7,21.22,11
262,"SILK Plain, soymilk",100,41,1.7,0.2,0,206,0,1.23,0,0,0,0,0,3.29,0.4,2.47,1.65
263,"Cabbage, raw, savoy",100,27,0.1,,0,1000,50,0,0.19,31,0.17,0.17,68.8,6.1,3.1,2.27,0.1
264,"Fish, raw, tilapia",100,96,1.7,0.6,50,0,0,1.58,0.162,0,0.4,0.4,1.4,0,0,0,1.7
265,"Broccoli raab, raw",100,22,0.5,0.1,0,2622,131,0,0.171,20.2,1.62,1.62,224,2.85,2.7,0.38,0.49
266,"Corn grain, yellow",100,365,4.7,0.7,0,214,11,0,0.622,0,0.49,0.49,0.3,74.26,7.3,0.64,4.74
267,"Turtle, raw, green",100,89,0.5,0.1,50,100,30,1,0.12,0,0.5,0.5,0.1,0,0,0,0.5
268,"Chicory roots, raw",100,72,0.2,,0,6,0,0,0.241,5,0,0,0,17.51,1.5,8.73,0.2
269,Ice cream sandwich,100,237,8.6,2.3,21,286,86,0.05,0.028,0,0.4,0.4,1.3,37.14,0,18.57,8.57
270,"Croutons, seasoned",100,465,18,5.2,7,32,7,0.14,0.083,0,0.4,0.4,7.6,63.5,5,4.41,18.3
271,"Snacks, taro chips",100,498,25,6.4,0,142,7,0,0.438,5,11.34,11.34,18,68.1,7.2,3.82,24.9
272,"Prickly pears, raw",100,41,0.5,0.1,0,43,2,0,0.06,14,0,0,0,9.57,3.6,0,0.51
273,"Fish, raw, haddock",100,74,0.5,0.1,54,57,17,1.83,0.281,0,0.45,0.45,0.1,0,0,0,0.45
274,"Liver cheese, pork",100,304,26,9,174,17490,5252,24.55,0.47,3,0,0,0,2.1,0,0,25.6
275,"Ground turkey, raw",100,148,7.7,2,69,66,20,1,0.564,0,0.09,0.09,0,0,0,0,7.66
276,Jams and preserves,100,278,0.1,,0,0,0,0,0.02,8.8,0.12,0.12,0,68.86,1.1,48.5,0.07
277,"Carrots, raw, baby",100,35,0.1,,0,13790,690,0,0.105,2.6,0,0,9.4,8.24,2.9,4.76,0.13
278,"Oil, nutmeg butter",100,884,100,90,0,0,0,0,0,0,0.2,0.2,0,0,0,0,100
279,"Semolina, enriched",100,360,1.1,0.2,0,0,0,0,0.103,0,0.26,0.26,0,72.83,3.9,0,1.05
280,"Spices, anise seed",100,337,16,0.6,0,311,16,0,0.65,21,0,0,0,50.02,14.6,0,15.9
281,"Snacks, corn cakes",100,387,2.4,0.4,0,242,70,0,0.14,0,0,0,0,83.4,1.9,23.47,2.4
282,"Catsup, low sod m",100,101,0.1,,0,527,26,0,0.158,4.1,1.46,1.46,3,27.4,0.3,21.27,0.1
283,"Croissants, cheese",100,414,21,11,57,805,204,0.32,0.073,0.2,1.44,1.44,10.9,47,2.6,11.35,20.9
284,"Milk, fluid, sheep",100,108,7,4.6,27,147,44,0.71,0.06,4.2,0,0,0,5.36,0,0,7
285,"Acerola juice, raw",100,23,0.3,0.1,0,509,25,0,0.004,1600,0.18,0.18,1.4,4.8,0.3,4.5,0.3
286,"Jute, raw, potherb",100,34,0.3,,0,5559,278,0,0.6,37,0,0,0,5.8,0,0,0.25
287,"Fast food, biscuit",100,370,19,12,2,60,18,0,0.059,0,0.47,0.47,4.5,42.82,2.5,3.88,18.92
288,"Bagels, multigrain",100,241,1.2,,6,2,0,0,0.18,0,0.66,0.66,0.6,47.47,6.2,8.66,1.24
289,"Beef, dried, cured",100,153,1.9,1,79,0,0,1.59,0.386,0,0.38,0.38,1.3,2.76,0,2.7,1.94
290,"Nuts, almond paste",100,458,28,2.6,0,0,0,0,0.036,0.1,13.54,13.54,0,47.81,4.8,36.25,27.74
291,"Seaweed, raw, kelp",100,43,0.6,0.2,0,116,6,0,0.002,3,0.87,0.87,66,9.57,1.3,0.6,0.56
292,"Seaweed, raw, agar",100,26,0,,0,0,0,0,0.032,0,0.87,0.87,2.3,6.75,0.5,0.28,0.03
293,"Fish oil, menhaden",100,902,100,30,521,0,0,0,0,0,0,0,0,0,0,0,100
294,"Rolls, egg, dinner",100,307,6.4,1.6,50,26,5,0.24,0.053,0,0.36,0.36,2.1,52,3.7,4.3,6.4
295,"Bread, white wheat",100,238,2.2,0.6,0,4,0,0,0.08,0,0.38,0.38,7.7,43.91,9.2,5,2.15
296,"Onions, raw, sweet",100,32,0.1,,0,1,0,0,0.13,4.8,0.02,0.02,0.3,7.55,0.9,5.02,0.08
297,"Onions, raw, welsh",100,34,0.4,0.1,0,1160,0,0,0.072,27,0.51,0.51,193.4,6.5,2.4,2.18,0.4
298,"SILK Chai, soymilk",100,53,1.4,0.2,0,123,0,0.37,0,0,0,0,0,7.82,0,5.76,1.44
299,"Rolls, rye, dinner",100,286,3.4,0.6,0,8,0,0,0.062,0,0.34,0.34,3.1,53.1,4.9,1.17,3.4
300,"Gravy, dry, au jus",100,313,9.6,2,4,10,0,0.32,0.174,1,0,0,0,47.49,0,0,9.63
301,"Cheese, neufchatel",100,253,23,13,74,841,241,0.3,0.041,0,0.4,0.4,1.7,3.59,0,3.19,22.78
302,"Hummus, commercial",100,166,9.6,1.4,0,30,0,0,0.2,0,0,0,0,14.29,6,0,9.6
303,"Croissants, butter",100,406,21,12,67,744,206,0.16,0.058,0.2,0.84,0.84,1.8,45.8,2.6,11.26,21
304,"Carrot, dehydrated",100,341,1.5,0.3,0,68466,3423,0,1.04,14.6,5.45,5.45,108,79.57,23.6,38.82,1.49
305,"Vinegar, distilled",100,18,0,,0,0,0,0,0,0,0,0,0,0.04,0,0.04,0
306,"Sapote, raw, mamey",100,124,0.5,0.2,0,143,7,0,0.72,23,2.11,2.11,0,32.1,5.4,20.14,0.46
307,"Soy flour, low-fat",100,372,8.9,1.3,0,40,2,0,1.05,0,0.55,0.55,3.9,30.63,16,9.33,8.9
308,"Syrups, sugar free",100,52,0,,0,0,0,0,0,0,0,0,0,12.13,0.7,0.01,0
309,"Syrups, dark, corn",100,286,0,,0,0,0,0,0.009,0,0,0,0,77.59,0,77.59,0
310,"Taco shells, baked",100,476,22,7.1,0,17,1,0,0.203,0,0.69,0.69,8.6,63.49,6.7,1.5,21.79
311,"Spices, cumin seed",100,375,22,1.5,0,1270,64,0,0.435,7.7,3.33,3.33,5.4,44.24,10.5,2.25,22.27
312,"Bamboo shoots, raw",100,27,0.3,0.1,0,20,1,0,0.24,4,1,1,0,5.2,2.2,3,0.3
313,"Fish, raw, lingcod",100,85,1.1,0.2,52,50,15,3.6,0.3,0,0,0,0,0,0,0,1.06
314,"Whey, dried, sweet",100,353,1.1,0.7,6,30,8,2.37,0.584,1.5,0.02,0.02,0.1,74.46,0,74.46,1.07
315,"Whey, fluid, sweet",100,27,0.4,0.2,2,12,3,0.28,0.031,0.1,0,0,0,5.14,0,5.14,0.36
316,"Spices, poppy seed",100,525,42,4.5,0,0,0,0,0.247,1,1.77,1.77,0,28.13,19.5,2.99,41.56
317,"Babyfood, pretzels",100,397,2,0.4,0,8,0,0,0.083,3.8,0.28,0.28,0.3,82.2,2.3,3.08,2
318,"Fat, mutton tallow",100,902,100,47,102,0,0,0,0,0,2.8,2.8,0,0,0,0,100
319,"Coffeecake, cheese",100,339,15,5.4,85,287,86,0.34,0.058,0.1,0,0,0,44.3,1,0,15.2
320,"Sauce, horseradish",100,503,51,8.2,50,66,17,0.09,0.037,0.2,4.19,4.19,90.9,10.05,1,8.98,50.89
321,"Yardlong bean, raw",100,47,0.4,0.1,0,865,43,0,0.024,18.8,0,0,0,8.35,0,0,0.4
322,"Cress, raw, garden",100,32,0.7,,0,6917,346,0,0.247,69,0.7,0.7,541.9,5.5,1.1,4.4,0.7
323,"Dates, deglet noor",100,282,0.4,,0,10,0,0,0.165,0.4,0.05,0.05,2.7,75.03,8,63.35,0.39
324,"Lambsquarters, raw",100,43,0.8,0.1,0,11600,580,0,0.274,80,0,0,0,7.3,4,0,0.8
325,"Gravy, dry, turkey",100,367,7.2,2,14,35,8,0.58,0.204,0.2,0,0,0,65.12,0,0,7.19
326,Vital wheat gluten,100,370,1.9,0.3,0,0,0,0,0,0,0,0,0,13.79,0.6,0,1.85
327,"Turnip greens, raw",100,32,0.3,0.1,0,11587,579,0,0.263,60,2.86,2.86,251,7.13,3.2,0.81,0.3
328,"Sugars, granulated",100,387,0,,0,0,0,0,0,0,0,0,0,99.98,0,99.8,0
329,"Frankfurter, pork",100,269,24,8.7,66,263,79,0.49,0.322,2,0,0,0,0.28,0.1,0,23.68
330,"Pomegranates, raw",100,83,1.2,0.1,0,0,0,0,0.075,10.2,0.6,0.6,16.4,18.7,4,13.67,1.17
331,"Pears, raw, asian",100,42,0.2,,0,0,0,0,0.022,3.8,0.12,0.12,4.5,10.65,3.6,7.05,0.23
332,"Cookies, molasses",100,430,13,3.2,0,0,0,0,0.104,0,0.11,0.11,5.5,73.8,1,17.6,12.8
333,"Cookies, fig bars",100,348,7.3,1.1,0,33,9,0.09,0.075,0.3,0.65,0.65,5.8,70.9,4.6,46.36,7.3
334,Liverwurst spread,100,305,25,9.9,118,13636,4091,13.46,0.19,3.5,0,0,0,5.89,2.5,1.65,25.45
335,Roast beef spread,100,223,16,6.4,70,1,0,2.38,0.15,0.2,0,0,0,3.73,0.2,0.71,16.28
336,"Chard, raw, swiss",100,19,0.2,,0,6116,306,0,0.099,30,1.89,1.89,830,3.74,1.6,1.1,0.2
337,"Goose, raw, liver",100,133,4.3,1.6,515,30998,9309,54,0.76,4.5,0,0,0,6.32,0,0,4.28
338,"TACO BELL, Nachos",100,350,22,2.2,3,21,5,0.07,0.215,0,4.08,4.08,7.5,34.91,3.2,2.17,21.5
339,"Sausage, meatless",100,255,18,2.9,0,0,0,0,0.828,0,2.1,2.1,0,8.09,2.8,0,18.16
340,"Frankfurter, meat",100,290,26,7.7,77,0,0,1.57,0.166,0,0.19,0.19,0,4.17,0,0,25.76
341,"Rice flour, brown",100,363,2.8,0.6,0,0,0,0,0.736,0,0.6,0.6,0,76.48,4.6,0.66,2.78
342,"Peppermint, fresh",100,70,0.9,0.2,0,4248,212,0,0.129,31.8,0,0,0,14.89,8,0,0.94
343,"Vinegar, red wine",100,19,0,,0,0,0,0,0,0.5,0,0,0,0.27,0,0,0
344,"Vinegar, balsamic",100,88,0,,0,0,0,0,0,0,0,0,0,17.03,0,14.95,0
345,"Luxury loaf, pork",100,141,4.8,1.6,36,0,0,1.37,0.31,0,0,0,0,4.9,0,0,4.8
346,"Rye flour, med m",100,349,1.5,0.2,0,0,0,0,0.268,0,1.43,1.43,5.9,75.43,11.8,1.1,1.52
347,"DENNY'S, coleslaw",100,183,15,2.3,23,707,42,0,0.102,13.2,0.93,0.93,86.1,10.88,1.3,8.16,15.03
348,"Bread, wheat bran",100,248,3.4,0.8,0,0,0,0,0.176,0,0.32,0.32,1.3,47.8,4,9.68,3.4
349,"Croissants, apple",100,254,8.7,5,31,380,94,0.2,0.032,0.5,0,0,0,37.1,2.5,0,8.7
350,"Candies, Tamarind",100,368,0,,0,15,1,0,0.032,0,0.05,0.05,1.4,91.96,2.5,78.57,0
351,"Oheloberries, raw",100,28,0.2,,0,830,42,0,0,6,0,0,0,6.84,0,0,0.22
352,"PACE, Salsa Verde",100,47,1.6,,0,625,0,0,0,3.8,0,0,0,6.25,0,6.25,1.56
353,Barley malt flour,100,361,1.8,0.4,0,19,1,0,0.655,0.6,0.57,0.57,2.2,78.3,7.1,0.8,1.84
354,"Rice noodles, dry",100,364,0.6,0.2,0,0,0,0,0.015,0,0.11,0.11,0,80.18,1.6,0.12,0.56
355,"Fish oil, sardine",100,902,100,30,710,0,0,0,0,0,0,0,0,0,0,0,100
356,"Fish oil, herring",100,902,100,21,766,0,0,0,0,0,0,0,0,0,0,0,100
357,"Plantains, cooked",100,116,0.2,0.1,0,909,45,0,0.24,10.9,0.13,0.13,0.7,31.15,2.3,14,0.18
358,"Burdock root, raw",100,72,0.2,,0,0,0,0,0.24,3,0.38,0.38,1.6,17.34,3.3,2.9,0.15
359,"Butterbur, canned",100,3,0.1,,0,0,0,0,0.033,11.9,0,0,0,0.38,0,0,0.13
360,"Ostrich, raw, fan",100,117,2.7,1,73,0,0,4.97,0.513,0,0.2,0.2,0,0,0,0,2.65
361,"SILK Nog, soymilk",100,74,1.6,,0,0,0,0,0,0,0,0,0,12.3,0,9.84,1.64
362,"Gravy, dry, brown",100,367,9.6,3.3,3,27,8,0.7,0.1,0.3,0,0,0,59.38,2,0,9.61
363,"Cheese, provolone",100,351,27,17,69,880,236,1.46,0.073,0,0.23,0.23,2.2,2.14,0,0.56,26.62
364,"Cheese, roquefort",100,369,31,19,90,1047,294,0.64,0.124,0,0,0,0,2,0,0,30.64
365,"Muffins, oat bran",100,270,7.4,1.1,0,0,0,0.01,0.161,0,0.66,0.66,13,48.3,4.6,8.22,7.4
366,"Syrups, grenadine",100,268,0,,0,0,0,0,0,0,0,0,0,66.91,0,46.55,0
367,"Raisins, seedless",100,299,0.5,0.1,0,0,0,0,0.174,2.3,0.12,0.12,3.5,79.18,3.7,59.19,0.46
368,"Strawberries, raw",100,32,0.3,,0,12,1,0,0.047,58.8,0.29,0.29,2.2,7.68,2,4.89,0.3
369,"Fish, raw, burbot",100,90,0.8,0.2,60,15,5,0.8,0.3,0,0,0,0,0,0,0,0.81
370,"Wheat germ, crude",100,360,9.7,1.7,0,0,0,0,1.3,0,0,0,0,51.8,13.2,0,9.72
371,"Wheat, hard white",100,342,1.7,0.3,0,9,0,0,0.368,0,1.01,1.01,1.9,75.9,12.2,0.41,1.71
372,"Wheat bran, crude",100,216,4.3,0.6,0,9,0,0,1.303,0,1.49,1.49,1.9,64.51,42.8,0.41,4.25
373,"Gooseberries, raw",100,44,0.6,,0,290,15,0,0.08,27.7,0.37,0.37,0,10.18,4.3,0,0.58
374,"Spices, dill seed",100,305,15,0.7,0,53,3,0,0.25,21,0,0,0,55.17,21.1,0,14.54
375,"Oil, cocoa butter",100,884,100,60,0,0,0,0,0,0,1.8,1.8,24.7,0,0,0,100
376,"APPLEBEE'S, chili",100,157,9.8,4.2,45,1436,149,1.26,0.321,1.1,1.15,1.15,0,4.57,1.4,2.27,9.79
377,"Grape leaves, raw",100,93,2.1,0.3,0,27521,1376,0,0.4,11.1,2,2,108.6,17.31,11,6.3,2.12
378,"Kale, raw, scotch",100,42,0.6,0.1,0,3100,155,0,0.227,130,0,0,0,8.32,1.7,0,0.6
379,"Marmalade, orange",100,246,0,,0,62,3,0,0.019,4.8,0.06,0.06,0,66.3,0.7,60,0
380,"Whey, dried, acid",100,339,0.5,0.3,3,59,17,2.5,0.62,0.9,0,0,0,73.45,0,73.45,0.54
381,"Whey, fluid, acid",100,24,0.1,0.1,1,7,2,0.18,0.042,0.1,0,0,0,5.12,0,5.12,0.09
382,"Eggplant, pickled",100,49,0.7,0.1,0,50,3,0,0.14,0,0.03,0.03,3.7,9.77,2.5,4.8,0.7
383,"Babyfood, cookies",100,433,13,2.4,12,23,6,0.46,5.899,7,0.46,0.46,1.1,67.1,0.2,24.2,13.2
384,"Fennel, raw, bulb",100,31,0.2,0.1,0,963,48,0,0.047,12,0.58,0.58,62.8,7.3,3.1,3.93,0.2
385,"Egg, dried, whole",100,592,44,15,1630,999,300,2.96,0.499,0,3.88,3.88,1.2,1.13,0,0.56,43.9
386,"Coffeecake, fruit",100,311,10,2.5,7,140,7,0.02,0.037,0.8,0,0,0,51.5,2.5,0,10.2
387,"Candies, caramels",100,382,8.1,2.5,7,42,12,0.3,0.056,0.4,0.46,0.46,1.8,77,0,65.5,8.1
388,"Sour cream, light",100,136,11,6.6,35,328,90,0.42,0.02,0.9,0.3,0.3,0.5,7.1,0,0.22,10.6
389,"Egg, dried, white",100,382,0,,0,0,0,0.18,0.036,0,0,0,0,7.8,0,5.4,0
390,"Wild rice, cooked",100,101,0.3,,0,3,0,0,0.135,0,0.24,0.24,0.5,21.34,1.8,0.73,0.34
391,"Chicken, meatless",100,224,13,1.5,0,0,0,2.18,0.7,0,2.68,2.68,0,3.64,3.6,0,12.73
392,"Corn grain, white",100,365,4.7,0.7,0,0,0,0,0.622,0,0,0,0,74.26,0,0,4.74
393,"Veal, raw, ground",100,197,13,5.1,49,0,0,2.28,0.446,0,0.49,0.49,1.4,0,0,0,13.06
394,"Wheat, soft white",100,340,2,0.4,0,9,0,0,0.378,0,1.01,1.01,1.9,75.36,12.7,0.41,1.99
395,"Elderberries, raw",100,73,0.5,,0,600,30,0,0.23,36,0,0,0,18.4,7,0,0.5
396,"Nuts, raw, acorns",100,387,24,3.1,0,39,2,0,0.528,0,0,0,0,40.75,0,0,23.86
397,"Orange juice, raw",100,45,0.2,,0,200,10,0,0.04,50,0.04,0.04,0.1,10.4,0.2,8.4,0.2
398,"POPEYES, Coleslaw",100,161,11,1.9,7,185,56,0,0.102,14.7,0,0,0,14.12,1.7,10.83,11.18
399,"Cabbage, raw, red",100,31,0.2,,0,1116,56,0,0.209,57,0.11,0.11,38.2,7.37,2.1,3.83,0.16
400,"Blackberries, raw",100,43,0.5,,0,214,11,0,0.03,21,1.17,1.17,19.8,9.61,5.3,4.88,0.49
401,"Wasabi, raw, root",100,109,0.6,,0,35,2,0,0.274,41.9,0,0,0,23.54,7.8,0,0.63
402,"Cheese, limburger",100,327,27,17,90,1155,340,1.04,0.086,0,0.23,0.23,2.3,0.49,0,0.49,27.25
403,"Raspberries, raw",100,52,0.7,,0,33,2,0,0.055,26.2,0.87,0.87,7.8,11.94,6.5,4.42,0.65
404,"Corn bran, crude",100,224,0.9,0.1,0,71,4,0,0.152,0,0.42,0.42,0.3,85.64,79,0,0.92
405,"Bread, rice bran",100,243,4.6,0.7,0,3,0,0,0.268,0,0.65,0.65,1,43.5,4.9,4.67,4.6
406,"Taro shoots, raw",100,11,0.1,,0,50,3,0,0.111,21,0,0,0,2.32,0,0,0.09
407,"Sugars, powdered",100,389,0,,0,0,0,0,0,0,0,0,0,99.77,0,97.81,0
408,"Emu, raw, ground",100,134,4,1,69,0,0,6.75,0.642,0,0.24,0.24,0,0,0,0,4.03
409,"Cookies, fortune",100,378,2.7,0.7,2,3,1,0.01,0.013,0,0.03,0.03,1.1,84,1.6,45.42,2.7
410,"Fish, raw, cisco",100,98,1.9,0.4,50,100,30,1,0.3,0,0,0,0,0,0,0,1.91
411,"Couscous, cooked",100,112,0.2,,0,0,0,0,0.051,0,0.13,0.13,0.1,23.22,1.4,0.1,0.16
412,"Dill weed, fresh",100,43,1.1,0.1,0,7718,386,0,0.185,85,0,0,0,7.02,2.1,0,1.12
413,"Spearmint, dried",100,285,6,1.6,0,10579,529,0,2.579,0,0,0,0,52.04,29.8,0,6.03
414,"Spearmint, fresh",100,44,0.7,0.2,0,4054,203,0,0.158,13.3,0,0,0,8.41,6.8,0,0.73
415,Tamales (Navajo),100,153,6.1,2.4,17,0,0,0.54,0.143,1.7,0,0,0,18.12,3.1,0.99,6.12
416,"Rice bran, crude",100,316,21,4.2,0,0,0,0,4.07,0,4.92,4.92,1.9,49.69,21,0.9,20.85
417,"Rye flour, light",100,357,1.3,0.2,0,0,0,0,0.234,0,0.83,0.83,5.9,76.68,8,0.93,1.33
418,"Spices, bay leaf",100,313,8.4,2.3,0,6185,309,0,1.74,46.5,0,0,0,74.97,26.3,0,8.36
419,"Spices, cardamom",100,311,6.7,0.7,0,0,0,0,0.23,21,0,0,0,68.47,28,0,6.7
420,"Lemon juice, raw",100,22,0.2,,0,6,0,0,0.046,38.7,0.15,0.15,0,6.9,0.3,2.52,0.24
421,"Ginger root, raw",100,80,0.8,0.2,0,0,0,0,0.16,5,0.26,0.26,0.1,17.77,2,1.7,0.75
422,"Fish oil, salmon",100,902,100,20,485,0,0,0,0,0,0,0,0,0,0,0,100
423,"Fish, tuna salad",100,187,9.3,1.5,13,97,24,1.2,0.081,2.2,0,0,0,9.41,0,0,9.26
424,"Orange peel, raw",100,97,0.2,,0,420,21,0,0.176,136,0.25,0.25,0,25,10.6,0,0.2
425,"Blueberries, raw",100,57,0.3,,0,54,3,0,0.052,9.7,0.57,0.57,19.3,14.49,2.4,9.96,0.33
426,"Cheese, muenster",100,368,30,19,96,1012,298,1.47,0.056,0,0.26,0.26,2.5,1.12,0,1.12,30.04
427,"Beet greens, raw",100,22,0.1,,0,6326,316,0,0.106,30,1.5,1.5,400,4.33,3.7,0.5,0.13
428,"Cheese, cheshire",100,387,31,19,103,985,233,0.83,0.074,0,0,0,0,4.78,0,0,30.6
429,"Bagels, oat bran",100,255,1.2,0.2,0,4,1,0,0.043,0.2,0.33,0.33,0.4,53.3,3.6,1.63,1.2
430,"Fat, beef tallow",100,902,100,50,109,0,0,0,0,0,2.7,2.7,0,0,0,0,100
431,"Clementines, raw",100,47,0.2,,0,0,0,0,0.075,48.8,0.2,0.2,0,12.02,1.7,9.18,0.15
432,"Peas, raw, green",100,81,0.4,0.1,0,765,38,0,0.169,40,0.13,0.13,24.8,14.45,5.7,5.67,0.4
433,"Oat bran, cooked",100,40,0.9,0.2,0,0,0,0,0.025,0,0,0,0,11.44,2.6,0,0.86
434,"Pears, bosc, raw",100,67,0.1,,0,19,1,0,0.021,2.8,0.12,0.12,5.2,16.1,3.1,10.23,0.09
435,"Sugar, turbinado",100,399,0,,0,0,0,0,0,0,0,0,0,99.8,0,99.19,0
436,"Headcheese, pork",100,157,11,3.4,69,0,0,1.05,0.19,0,0.25,0.25,3.4,0,0,0,10.9
437,Ham salad spread,100,216,16,5,37,0,0,0.76,0.15,0,1.74,1.74,0,10.64,0,0,15.53
438,"Olive loaf, pork",100,235,17,5.9,38,200,60,1.26,0.23,0,0.25,0.25,3.4,9.2,0,0,16.5
439,"Pastrami, turkey",100,139,6.2,1.4,68,12,4,0.24,0.27,8.1,0.22,0.22,0,3.34,0.1,3.34,6.21
440,"Cranberries, raw",100,46,0.1,,0,63,3,0,0.057,14,1.32,1.32,5,11.97,3.6,4.27,0.13
441,"POPEYES, biscuit",100,401,24,12,2,212,64,0,0.047,0,1.02,1.02,0,40.95,3.8,3.46,23.71
442,"Egg, dried, yolk",100,669,59,20,2307,1590,477,5.11,0.742,0,4.81,4.81,1.5,0.66,0,0.23,59.13
443,"Quinoa, uncooked",100,368,6.1,0.7,0,14,1,0,0.487,0,2.44,2.44,0,64.16,7,0,6.07
444,"Emu, raw, oyster",100,141,4.9,1.2,81,0,0,6.76,0.643,0,0.24,0.24,0,0,0,0,4.86
445,"Rose-apples, raw",100,25,0.3,,0,339,17,0,0,22.3,0,0,0,5.7,0,0,0.3
446,"Cheese, monterey",100,373,30,19,89,769,198,0.83,0.079,0,0.26,0.26,2.5,0.68,0,0.5,30.28
447,"Fish, raw, scup",100,105,2.7,0.6,52,90,27,1.4,0.3,0,0.5,0.5,0.1,0,0,0,2.73
448,"Cheese, cheddar",100,404,33,19,99,1242,330,1.1,0.066,0,0.71,0.71,2.4,3.09,0,0.48,33.31
449,"Cheese, caraway",100,376,29,19,93,1054,271,0.27,0.074,0,0,0,0,3.06,0,0,29.2
450,"Oil, wheat germ",100,884,100,19,0,0,0,0,0,0,149.4,149.4,24.7,0,0,0,100
451,"Bread, oat bran",100,236,4.4,0.7,0,5,2,0,0.073,0,0.44,0.44,1.2,39.8,4.5,7.7,4.4
452,"Watermelon, raw",100,30,0.2,,0,569,28,0,0.045,8.1,0.05,0.05,0.1,7.55,0.4,6.2,0.15
453,Potato pancakes,100,268,15,2.5,95,113,32,0.29,0.448,27.6,0.23,0.23,2.7,27.81,3.3,1.79,14.76
454,Spinach souffle,100,172,13,6.1,118,2891,244,0.4,0.098,7.3,0.93,0.93,126.5,5.9,0.7,1.85,12.95
455,"Bacon, meatless",100,309,30,4.6,0,88,4,0,0.479,0,6.9,6.9,0,5.31,2.6,0,29.52
456,"Rosemary, fresh",100,131,5.9,2.8,0,2924,146,0,0.336,21.8,0,0,0,20.7,14.1,0,5.86
457,"Syrups, sorghum",100,290,0,,0,0,0,0,0.67,0,0,0,0,74.9,0,74.9,0
458,"Rye flour, dark",100,325,2.2,0.3,0,11,1,0,0.443,0,2.73,2.73,5.9,68.63,23.8,2.31,2.22
459,"Oil, tomatoseed",100,884,100,20,0,0,0,0,0,0,3.8,3.8,0,0,0,0,100
460,"Croutons, plain",100,407,6.6,1.5,0,0,0,0,0.026,0,0,0,0,73.5,5.1,0,6.6
461,"Lemon peel, raw",100,47,0.3,,0,50,3,0,0.172,129,0.25,0.25,0,16,10.6,4.17,0.3
462,"Spices, paprika",100,282,13,2.1,0,49254,2463,0,2.141,0.9,29.1,29.1,80.3,53.99,34.9,10.34,12.89
463,"Nectarines, raw",100,44,0.3,,0,332,17,0,0.025,5.4,0.77,0.77,2.2,10.55,1.7,7.89,0.32
464,"Mulberries, raw",100,43,0.4,,0,25,1,0,0.05,36.4,0.87,0.87,7.8,9.8,1.7,8.1,0.39
465,"Lotus root, raw",100,74,0.1,,0,0,0,0,0.258,44,0,0,0,17.23,4.9,0,0.1
466,"Sauce, barbecue",100,172,0.6,,0,224,11,0,0.075,0.6,0.8,0.8,1.8,40.77,0.9,33.24,0.63
467,"Fish, raw, spot",100,123,4.9,1.5,60,100,30,3,0.4,0,0,0,0,0,0,0,4.9
468,"Crabapples, raw",100,76,0.3,,0,40,2,0,0,8,0,0,0,19.95,0,0,0.3
469,"Breadfruit, raw",100,103,0.2,,0,0,0,0,0.1,29,0.1,0.1,0.5,27.12,4.9,11,0.23
470,Arrowroot flour,100,357,0.1,,0,0,0,0,0.005,0,0,0,0,88.15,3.4,0,0.1
471,"Pimento, canned",100,23,0.3,,0,2655,133,0,0.215,84.9,0.69,0.69,8.3,5.1,1.9,2.71,0.3
472,"Tomatillos, raw",100,32,1,0.1,0,114,6,0,0.056,11.7,0.38,0.38,10.1,5.84,1.9,3.93,1.02
473,"Raisins, seeded",100,296,0.5,0.2,0,0,0,0,0.188,5.4,0,0,0,78.47,6.8,0,0.54
474,"Bologna, turkey",100,209,16,4.4,75,32,9,0.23,0.243,13.3,0.45,0.45,0.3,4.68,0.5,2.9,16.05
475,Vanilla extract,100,288,0.1,,0,0,0,0,0.026,0,0,0,0,12.65,0,12.65,0.06
476,"Fish, raw, carp",100,127,5.6,1.1,66,30,9,1.53,0.19,1.6,0.63,0.63,0.1,0,0,0,5.6
477,"Wheat, sprouted",100,198,1.3,0.2,0,0,0,0,0.265,2.6,0,0,0,42.53,1.1,0,1.27
478,"Fish, raw, cusk",100,87,0.7,0.1,41,60,18,1.04,0.387,0,0,0,0,0,0,0,0.69
479,"Watercress, raw",100,11,0.1,,0,3191,160,0,0.129,43,1,1,250,1.29,0.5,0.2,0.1
480,"Fish, raw, ling",100,87,0.6,0.1,40,100,30,0.56,0.304,0,0,0,0,0,0,0,0.64
481,"Bread, cinnamon",100,253,5.3,,0,4,0,0.05,0.027,0,0.5,0.5,9.5,44.38,3.5,14.11,5.29
482,"Spices, saffron",100,310,5.9,1.6,0,530,27,0,1.01,80.8,0,0,0,65.37,3.9,0,5.85
483,"Lime juice, raw",100,25,0.1,,0,50,2,0,0.038,30,0.22,0.22,0.6,8.42,0.4,1.69,0.07
484,"Spelt, uncooked",100,338,2.4,0.4,0,10,0,0,0.23,0,0.79,0.79,3.6,70.19,10.7,6.82,2.43
485,"Cabbage, kimchi",100,15,0.5,0.1,0,93,5,0,0.213,0,0.11,0.11,43.6,2.4,1.6,1.06,0.5
486,"Seeds, flaxseed",100,534,42,3.7,0,0,0,0,0.473,0.6,0.31,0.31,4.3,28.88,27.3,1.55,42.16
487,"Cheese, gruyere",100,413,32,19,110,948,271,1.6,0.081,0,0.28,0.28,2.7,0.36,0,0.36,32.34
488,"Cheese, gjetost",100,466,30,19,94,1113,334,2.42,0.271,0,0,0,0,42.65,0,0,29.51
489,"Cheese, fontina",100,389,31,19,116,913,261,1.68,0.083,0,0.27,0.27,2.6,1.55,0,1.55,31.14
490,"Butter, salted",100,717,81,51,215,2499,684,0.17,0.003,0,2.32,2.32,7,0.06,0,0.06,81.11
491,"Oil, rice bran",100,884,100,20,0,0,0,0,0,0,32.3,32.3,24.7,0,0,0,100
492,"Crackers, milk",100,446,14,2.9,11,58,16,0.08,0.037,0.2,1.22,1.22,3.8,71.73,3.4,10.32,13.77
493,"Dates, medjool",100,277,0.2,,0,149,7,0,0.249,0,0,0,2.7,74.97,6.7,66.47,0.15
494,"Arrowroot, raw",100,65,0.2,,0,19,1,0,0.266,1.9,0,0,0,13.39,1.3,0,0.2
495,"Bread, oatmeal",100,269,4.4,0.7,0,16,5,0.03,0.068,0,0.48,0.48,1.5,48.5,4,8.14,4.4
496,"Bread, italian",100,271,3.5,,0,1,0,0,0.048,0,0.29,0.29,1.2,50.1,3.2,3.17,3.5
497,"Tamarinds, raw",100,239,0.6,0.3,0,30,2,0,0.066,3.5,0.1,0.1,2.8,62.5,5.1,38.8,0.6
498,"Millet, puffed",100,354,3.4,0.7,0,0,0,0,0.36,0,0.66,0.66,1.4,80,2.7,0.55,3.4
499,"Vinegar, cider",100,21,0,,0,0,0,0,0,0,0,0,0,0.93,0,0.4,0
500,"Scrapple, pork",100,213,14,4.7,49,2086,626,0.31,0.12,2.5,0.15,0.15,3.4,14.06,0.3,0.2,13.87
501,"Oil, poppyseed",100,884,100,14,0,0,0,0,0,0,11.4,11.4,0,0,0,0,100
502,"Oil, grapeseed",100,884,100,9.6,0,0,0,0,0,0,28.8,28.8,0,0,0,0,100
503,"Longans, dried",100,286,0.4,,0,0,0,0,0,28,0,0,0,74,0,0,0.4
504,"Pectin, liquid",100,11,0,,0,0,0,0,0,0,0,0,0,2.1,2.1,0,0
505,"Pretzels, soft",100,338,3.1,0.7,0,0,0,0,0.02,0,0.54,0.54,2.7,69.39,1.7,0.25,3.1
506,"Quinoa, cooked",100,120,1.9,0.2,0,5,0,0,0.123,0,0.63,0.63,0,21.3,2.8,0.87,1.92
507,"Plantains, raw",100,122,0.4,0.1,0,1127,56,0,0.299,18.4,0.14,0.14,0.7,31.89,2.3,15,0.37
508,"Parsley, fresh",100,36,0.8,0.1,0,8424,421,0,0.09,133,0.75,0.75,1640,6.33,3.3,0.85,0.79
509,"Barley, hulled",100,354,2.3,0.5,0,22,1,0,0.318,0,0.57,0.57,2.2,73.48,17.3,0.8,2.3
510,"Cheese, romano",100,387,27,17,104,415,96,1.12,0.085,0,0.23,0.23,2.2,3.63,0,0.73,26.94
511,Dulce de Leche,100,315,7.4,4.5,29,267,74,0.31,0.016,2.6,0.2,0.2,1.3,55.35,0,49.74,7.35
512,"Radicchio, raw",100,23,0.3,0.1,0,27,1,0,0.057,8,2.26,2.26,255.2,4.48,0.9,0.6,0.25
513,"Bulgur, cooked",100,83,0.2,,0,2,0,0,0.083,0,0.01,0.01,0.5,18.58,4.5,0.1,0.24
514,"Tempeh, cooked",100,195,11,3.4,0,0,0,0.14,0.199,0,0,0,0,7.62,0,0,11.38
515,Chicken spread,100,158,18,3.2,56,99,30,0.13,0.15,0,0,0,0,4.05,0.3,0.47,17.56
516,"Millet, cooked",100,119,1,0.2,0,3,0,0,0.108,0,0.02,0.02,0.3,23.67,1.3,0.13,1
517,"Capers, canned",100,23,0.9,0.2,0,138,7,0,0.023,4.3,0.88,0.88,24.6,4.89,3.2,0.41,0.86
518,"Sapodilla, raw",100,83,1.1,0.2,0,60,3,0,0.037,14.7,0,0,0,19.96,5.3,0,1.1
519,"Wild rice, raw",100,357,1.1,0.2,0,19,1,0,0.391,0,0.82,0.82,1.9,74.9,6.2,2.5,1.08
520,"Arrowhead, raw",100,99,0.3,,0,0,0,0,0.26,1.1,0,0,0,20.23,0,0,0.29
521,"Frog legs, raw",100,73,0.3,0.1,50,50,15,0.4,0.12,0,1,1,0.1,0,0,0,0.3
522,"Jackfruit, raw",100,95,0.6,0.2,0,110,5,0,0.329,13.7,0.34,0.34,0,23.25,1.5,19.08,0.64
523,"Litchis, dried",100,277,1.2,0.3,0,0,0,0,0.09,183,0.31,0.31,1.6,70.7,4.6,66.1,1.2
524,"Rutabagas, raw",100,37,0.2,,0,2,0,0,0.1,25,0.3,0.3,0.3,8.62,2.3,4.46,0.16
525,"Cornsalad, raw",100,21,0.4,,0,7092,355,0,0.273,38.2,0,0,0,3.6,0,0,0.4
526,"Strudel, apple",100,274,11,2,6,30,6,0.22,0.046,1.7,1.42,1.42,2.9,41.1,2.2,25.75,11.2
527,"Oil, cupu assu",100,884,100,53,0,0,0,0,0,0,0.6,0.6,0,0,0,0,100
528,"Cherimoya, raw",100,75,0.7,0.2,0,5,0,0,0.257,12.6,0.27,0.27,0,17.71,3,12.87,0.68
529,"Cheese, tilsit",100,340,26,17,102,1045,249,2.1,0.065,0,0,0,0,1.88,0,0,25.98
530,"Asparagus, raw",100,20,0.1,,0,756,38,0,0.091,5.6,1.13,1.13,41.6,3.88,2.1,1.88,0.12
531,"Apricots, raw",100,48,0.4,,0,1926,96,0,0.054,10,0.89,0.89,3.3,11.12,2,9.24,0.39
532,"Broccoli, raw",100,34,0.4,,0,623,31,0,0.175,89.2,0.78,0.78,101.6,6.64,2.6,1.7,0.37
533,"Cheese, brick",100,371,30,19,94,1080,292,1.26,0.065,0,0.26,0.26,2.5,2.79,0,0.51,29.68
534,"Sugars, brown",100,380,0,,0,0,0,0,0.041,0,0,0,0,98.09,0,97.02,0
535,Candied fruit,100,322,0.1,,0,19,1,0,0,0,0.04,0.04,0.3,82.74,1.6,80.68,0.07
536,"Bologna, beef",100,299,26,10,57,90,19,1.19,0.157,15.2,0.56,0.56,2.4,4.29,0,2.05,26.13
537,Blood sausage,100,379,35,13,120,0,0,1,0.04,0,0.13,0.13,0,1.29,0,1.29,34.5
538,"Nuts, almonds",100,579,50,3.8,0,2,0,0,0.137,0,25.63,25.63,0,21.55,12.5,4.35,49.93
539,"Shallots, raw",100,72,0.1,,0,4,0,0,0.345,8,0.04,0.04,0.8,16.8,3.2,7.87,0.1
540,"Couscous, dry",100,376,0.6,0.1,0,0,0,0,0.11,0,0,0,0,77.43,5,0,0.64
541,"Candies, hard",100,394,0.2,,0,0,0,0,0.003,0,0,0,0,98,0,62.9,0.2
542,Meat extender,100,311,3,0.4,0,32,2,6,1.336,0,0,0,0,34.71,17.5,0,2.97
543,"Syrups, maple",100,260,0.1,,0,0,0,0,0.002,0,0,0,0,67.04,0,60.46,0.06
544,Sorghum grain,100,329,3.5,0.6,0,0,0,0,0.443,0,0.5,0.5,0,72.09,6.7,2.53,3.46
545,"Oil, hazelnut",100,884,100,7.4,0,0,0,0,0,0,47.2,47.2,0,0,0,0,100
546,"Pepeao, dried",100,298,0.4,,0,0,0,0,0.95,1.4,0,0,0,81.03,0,0,0.44
547,"Purslane, raw",100,20,0.4,,0,1320,0,0,0.073,21,0,0,0,3.39,0,0,0.36
548,"Radishes, raw",100,16,0.1,,0,7,0,0,0.071,14.8,0,0,1.3,3.4,1.6,1.86,0.1
549,"Rolls, french",100,277,4.3,1,0,0,0,0,0.039,0,0.3,0.3,1.8,50.2,3.2,0.31,4.3
550,"Bagels, wheat",100,250,1.5,,0,0,0,0,0.147,0,0.32,0.32,1.5,48.89,4.1,6.12,1.53
551,"KFC, Coleslaw",100,144,8.6,1.3,2,4,1,0.03,0.121,14.6,0.54,0.54,70.9,15.65,2,13.54,8.64
552,"Parsnips, raw",100,75,0.3,0.1,0,0,0,0,0.09,17,1.49,1.49,22.5,17.99,4.9,4.8,0.3
553,"Sugars, maple",100,354,0.2,,0,0,0,0,0.003,0,0,0,0,90.9,0,84.87,0.2
554,"Collards, raw",100,32,0.6,0.1,0,5019,251,0,0.165,35.3,2.26,2.26,437.1,5.42,4,0.46,0.61
555,Rice crackers,100,416,5,,0,0,0,0,0.554,0,1.26,1.26,2.1,82.64,0,0,5
556,"Cheese, colby",100,394,32,20,95,994,264,0.83,0.079,0,0.28,0.28,2.7,2.57,0,0.52,32.11
557,"Cheese, cream",100,350,34,20,101,1111,308,0.22,0.056,0,0.86,0.86,2.1,5.52,0,3.76,34.44
558,"Bologna, pork",100,247,20,6.8,59,0,0,0.93,0.27,0,0.26,0.26,0.3,0.73,0,0,19.87
559,"Celeriac, raw",100,42,0.3,0.1,0,0,0,0,0.165,8,0.36,0.36,41,9.2,1.8,1.6,0.3
560,"Kumquats, raw",100,71,0.9,0.1,0,290,15,0,0.036,43.9,0.15,0.15,0,15.9,6.5,9.36,0.86
561,"Oat bran, raw",100,246,7,1.3,0,0,0,0,0.165,0,1.01,1.01,3.2,66.22,15.4,1.45,7.03
562,"Spelt, cooked",100,127,0.9,,0,4,0,0,0.08,0,0.26,0.26,0,26.44,3.9,0,0.85
563,"Bread, cheese",100,408,21,6.3,10,93,24,0.24,0.048,0,1.49,1.49,32.4,44.83,2.1,2.08,20.83
564,"Bread, potato",100,266,3.1,,0,89,24,0.15,0.232,0,0.47,0.47,6.8,47.07,6.3,9.38,3.13
565,"Kohlrabi, raw",100,27,0.1,,0,36,2,0,0.15,62,0.48,0.48,0.1,6.2,3.6,2.6,0.1
566,"Cheese, swiss",100,393,31,18,93,1047,288,3.06,0.071,0,0.6,0.6,1.4,1.44,0,0,30.99
567,"Cheese, gouda",100,356,27,18,114,563,165,1.54,0.08,0,0.24,0.24,2.3,2.22,0,2.22,27.44
568,Tomato powder,100,302,0.4,0.1,0,17247,862,0,0.457,116.7,12.25,12.25,48.8,74.68,16.5,43.9,0.44
569,"Cheese, blue",100,353,29,19,75,721,198,1.22,0.166,0,0.25,0.25,2.4,2.34,0,0.5,28.74
570,"Cheese, brie",100,334,28,17,100,592,174,1.65,0.235,0,0.24,0.24,2.3,0.45,0,0.45,27.68
571,"Celtuce, raw",100,18,0.3,,0,3500,175,0,0.05,19.5,0,0,0,3.65,1.7,0,0.3
572,"Thyme, fresh",100,101,1.7,0.5,0,4751,238,0,0.348,160.1,0,0,0,24.45,14,0,1.68
573,"Basil, fresh",100,23,0.6,,0,5275,264,0,0.155,18,0.8,0.8,414.8,2.65,1.6,0.3,0.64
574,"Rhubarb, raw",100,21,0.2,0.1,0,102,5,0,0.024,8,0.27,0.27,29.3,4.54,1.8,1.1,0.2
575,"Nopales, raw",100,16,0.1,,0,457,23,0,0.07,9.3,0,0,5.3,3.33,2.2,1.15,0.09
576,"Syrups, malt",100,318,0,,0,0,0,0,0.5,0,0,0,0,71.3,0,71.3,0
577,"Oil, teaseed",100,884,100,21,0,0,0,0,0,0,0,0,0,0,0,0,100
578,"Oil, sheanut",100,884,100,47,0,0,0,0,0,0,0,0,0,0,0,0,100
579,"Oil, babassu",100,884,100,81,0,0,0,0,0,0,19.1,19.1,0,0,0,0,100
580,"Longans, raw",100,60,0.1,,0,0,0,0,0,84,0,0,0,15.14,1.1,0,0.1
581,"Loquats, raw",100,47,0.2,,0,1528,76,0,0.1,1,0,0,0,12.14,1.7,0,0.2
582,"Epazote, raw",100,32,0.5,,0,57,3,0,0.152,3.6,0,0,0,7.44,3.8,0,0.52
583,"Pumpkin, raw",100,26,0.1,0.1,0,8513,426,0,0.061,9,1.06,1.06,1.1,6.5,0.5,2.76,0.1
584,"Carrots, raw",100,41,0.2,,0,16706,835,0,0.138,5.9,0.66,0.66,13.2,9.58,2.8,4.74,0.24
585,"Fish, surimi",100,99,0.9,0.2,30,67,20,1.6,0.03,0,0.63,0.63,0.1,6.85,0,0,0.9
586,"Cabbage, raw",100,25,0.1,,0,98,5,0,0.124,36.6,0.15,0.15,76,5.8,2.5,3.2,0.1
587,"Cardoon, raw",100,17,0.1,,0,0,0,0,0.116,2,0,0,0,4.07,1.6,0,0.1
588,"Abiyuch, raw",100,69,0.1,,0,100,5,0,0,54.1,0,0,0,17.6,5.3,8.55,0.1
589,"Bread, wheat",100,267,3.2,0.8,0,2,0,0,0.111,0.2,0.19,0.19,4.9,48.68,4,5.91,3.24
590,"Cheese, edam",100,357,28,18,89,825,243,1.54,0.076,0,0.24,0.24,2.3,1.43,0,1.43,27.8
591,"Cheese, feta",100,264,21,15,89,422,125,1.69,0.424,0,0.18,0.18,1.8,4.09,0,4.09,21.28
592,"Pummelo, raw",100,38,0,,0,8,0,0,0.036,61,0,0,0,9.62,1,0,0.04
593,"Quinces, raw",100,57,0.1,,0,40,2,0,0.04,15,0,0,0,15.3,1.9,0,0.1
594,Cracker meal,100,383,1.7,0.3,0,0,0,0,0.039,0,0.43,0.43,0.3,80.9,2.6,0.33,1.7
595,"Roselle, raw",100,49,0.6,,0,287,14,0,0,12,0,0,0,11.31,0,0,0.64
596,"Soursop, raw",100,66,0.3,0.1,0,2,0,0,0.059,20.6,0.08,0.08,0.4,16.84,3.3,13.54,0.3
597,"Oil, coconut",100,892,99,82,0,0,0,0,0,0,0.11,0.11,0.6,0,0,0,99.06
598,"Wheat, durum",100,339,2.5,0.5,0,0,0,0,0.419,0,0,0,0,71.13,0,0,2.47
599,"KFC, biscuit",100,358,17,12,1,0,0,0,0.063,0,0.26,0.26,0,43.55,2,4.04,17.05
600,Millet flour,100,382,4.3,0.5,0,0,0,0,0.372,0,0.11,0.11,0.8,75.12,3.5,1.66,4.25
601,"Arugula, raw",100,25,0.7,0.1,0,2373,119,0,0.073,15,0.43,0.43,108.6,3.65,1.6,2.05,0.66
602,Potato flour,100,357,0.3,0.1,0,0,0,0,0.769,3.8,0.25,0.25,0,83.1,5.9,3.52,0.34
603,"Litchis, raw",100,66,0.4,0.1,0,0,0,0,0.1,71.5,0.07,0.07,0.4,16.53,1.3,15.23,0.44
604,"Teff, cooked",100,101,0.7,,0,2,0,0,0.097,0,0,0,0,19.86,2.8,0,0.65
605,"Spinach, raw",100,23,0.4,0.1,0,9377,469,0,0.195,28.1,2.03,2.03,482.9,3.63,2.2,0.42,0.39
606,"Oil, mustard",100,884,100,12,0,0,0,0,0,0,0,0,0,0,0,0,100
607,"Oil, avocado",100,884,100,12,0,0,0,0,0,0,0,0,0,0,0,0,100
608,Phyllo dough,100,299,6,1.5,0,0,0,0,0.03,0,0.08,0.08,2.5,52.6,1.9,0.18,6
609,"Lentils, raw",100,352,1.1,0.2,0,39,2,0,0.54,4.5,0.49,0.49,5,63.35,10.7,2.03,1.06
610,"Fat, chicken",100,900,100,30,85,0,0,0,0,0,2.7,2.7,0,0,0,0,99.8
611,"Cassava, raw",100,160,0.3,0.1,0,13,1,0,0.088,20.6,0.19,0.19,1.9,38.06,1.8,1.7,0.28
612,"Turnips, raw",100,28,0.1,,0,0,0,0,0.09,21,0.03,0.03,0.1,6.43,1.8,3.8,0.1
613,"Bananas, raw",100,89,0.3,0.1,0,64,3,0,0.367,8.7,0.1,0.1,0.5,22.84,2.6,12.23,0.33
614,"Papayas, raw",100,43,0.3,0.1,0,950,47,0,0.038,60.9,0.3,0.3,2.6,10.82,1.7,7.82,0.26
615,Fruit syrup,100,341,0,,0,2,0,0,0.001,1.6,0.01,0.01,0.1,85.13,0.1,53,0
616,"Chives, raw",100,30,0.7,0.1,0,4353,218,0,0.138,58.1,0.21,0.21,212.7,4.35,2.5,1.85,0.73
617,Carob flour,100,222,0.7,0.1,0,14,1,0,0.366,0.2,0.63,0.63,0,88.88,39.8,49.08,0.65
618,Prune puree,100,257,0.2,,0,2000,100,0,0,4.3,0,0,0,65.1,3.3,39,0.2
619,"Salt, table",100,0,0,,0,0,0,0,0,0,0,0,0,0,0,0,0
620,Chewing gum,100,360,0.3,,0,0,0,0,0,0,0,0,0,96.7,2.4,66.08,0.3
621,"Fat, turkey",100,900,100,29,102,0,0,0,0,0,2.9,2.9,0,0,0,0,99.8
622,"Tofu, fried",100,270,20,2.9,0,27,1,0,0.099,0,0.04,0.04,7.8,8.86,3.9,2.72,20.18
623,"Borage, raw",100,21,0.7,0.2,0,4200,210,0,0.084,35,0,0,0,3.06,0,0,0.7
624,"Mangos, raw",100,60,0.4,0.1,0,1082,54,0,0.119,36.4,0.9,0.9,4.2,14.98,1.6,13.66,0.38
625,"Garlic, raw",100,149,0.5,0.1,0,9,0,0,1.235,31.2,0.08,0.08,1.7,33.06,2.1,1,0.5
626,"Endive, raw",100,17,0.2,,0,2167,108,0,0.02,6.5,0.44,0.44,231,3.35,3.1,0.25,0.2
627,Tofu yogurt,100,94,1.8,0.3,0,33,2,0,0.02,2.5,0.31,0.31,3.5,15.96,0.2,1.24,1.8
628,"Celery, raw",100,16,0.2,,0,449,22,0,0.074,3.1,0.27,0.27,29.3,2.97,1.6,1.34,0.17
629,"Bagels, egg",100,278,2.1,0.4,24,109,33,0.16,0.087,0.6,0,0,0,53,2.3,0,2.1
630,"Bulgur, dry",100,342,1.3,0.2,0,9,0,0,0.342,0,0.06,0.06,1.9,75.87,12.5,0.41,1.33
631,"Feijoa, raw",100,61,0.4,0.1,0,6,0,0,0.067,32.9,0.16,0.16,3.5,15.21,6.4,8.2,0.42
632,"Millet, raw",100,378,4.2,0.7,0,0,0,0,0.384,0,0.05,0.05,0.9,72.85,8.5,0,4.22
633,"Ham, minced",100,263,21,7.2,70,0,0,0.95,0.26,0,0.27,0.27,0,1.84,0,0,20.68
634,"Oil, almond",100,884,100,8.2,0,0,0,0,0,0,39.2,39.2,7,0,0,0,100
635,"Oil, walnut",100,884,100,9.1,0,0,0,0,0,0,0.4,0.4,15,0,0,0,100
636,"Jujube, raw",100,79,0.2,,0,40,2,0,0.081,69,0,0,0,20.23,0,0,0.2
637,"Oil, canola",100,884,100,7.4,0,0,0,0,0,0,17.46,17.46,71.3,0,0,0,100
638,"Syrup, Cane",100,269,0,,0,0,0,0,0,0,0,0,0,73.14,0,73.2,0
639,"Onions, raw",100,40,0.1,,0,2,0,0,0.12,7.4,0.02,0.02,0.4,9.34,1.7,4.24,0.1
640,Clif Z bar,100,409,9.7,2.7,0,7,0,0,0.073,39.1,0.98,0.98,8.7,74.72,8.3,30.56,9.72
641,Fish broth,100,16,0.6,0.1,0,4,1,0.1,0.01,0,0.15,0.15,0.2,0.4,0,0.09,0.6
642,"Fat, goose",100,900,100,28,100,0,0,0,0,0,2.7,2.7,0,0,0,0,99.8
643,"Bread, rye",100,259,3.3,0.6,0,7,0,0,0.075,0.4,0.33,0.33,1.2,48.3,5.8,3.85,3.3
644,"Eppaw, raw",100,150,1.8,,0,0,0,0,0.176,13,0,0,0,31.68,0,0,1.8
645,"Limes, raw",100,30,0.2,,0,50,2,0,0.043,29.1,0.22,0.22,0.6,10.54,2.8,1.69,0.2
646,"Pie, peach",100,224,10,1.5,0,140,10,0,0.023,0.9,0.94,0.94,3.3,32.9,0.8,16.23,10
647,"Pears, raw",100,57,0.1,,0,25,1,0,0.029,4.3,0.12,0.12,4.4,15.23,3.1,9.75,0.14
648,"Plums, raw",100,46,0.3,,0,345,17,0,0.029,9.5,0.26,0.26,6.4,11.42,1.4,9.92,0.28
649,"Rowal, raw",100,111,2,0.2,0,383,19,0,0,25.8,0,0,0,23.9,6.2,14.1,2
650,"Beets, raw",100,43,0.2,,0,33,2,0,0.067,4.9,0.04,0.04,0.2,9.56,2.8,6.76,0.17
651,"Bread, egg",100,287,6,1.6,51,211,63,0.1,0.064,0,0.26,0.26,0.9,47.8,2.3,1.78,6
652,Buckwheat,100,343,3.4,0.7,0,0,0,0,0.21,0,0,0,0,71.5,10,0,3.4
653,"Oil, palm",100,884,100,49,0,0,0,0,0,0,15.94,15.94,8,0,0,0,100
654,"Fat, duck",100,882,100,33,100,0,0,0,0,0,2.7,2.7,0,0,0,0,99.8
655,Triticale,100,336,2.1,0.4,0,0,0,0,0.138,0,0.9,0.9,0,72.13,0,0,2.09
656,Rye grain,100,338,1.6,0.2,0,11,1,0,0.294,0,0.85,0.85,5.9,75.86,15.1,0.98,1.63
657,"Dock, raw",100,22,0.7,,0,4000,200,0,0.122,48,0,0,0,3.2,2.9,0,0.7
658,"Kale, raw",100,49,0.9,0.1,0,9990,500,0,0.271,120,1.54,1.54,704.8,8.75,3.6,2.26,0.93
659,"Okra, raw",100,33,0.2,,0,716,36,0,0.215,23,0.27,0.27,31.3,7.45,3.2,1.48,0.19
660,"Taro, raw",100,112,0.2,,0,76,4,0,0.283,4.5,2.38,2.38,1,26.46,4.1,0.4,0.2
661,"Figs, raw",100,74,0.3,0.1,0,142,7,0,0.113,2,0.11,0.11,4.7,19.18,2.9,16.26,0.3
662,"Goat, raw",100,109,2.3,0.7,57,0,0,1.13,0,0,0,0,0,0,0,0,2.31
663,Molasses,100,290,0.1,,0,0,0,0,0.67,0,0,0,0,74.73,0,74.72,0.1
664,Zwieback,100,426,9.7,2.5,8,58,16,0,0.082,5.3,2.44,2.44,0.9,74.2,2.5,12.5,9.7
665,"Yam, raw",100,118,0.2,,0,138,7,0,0.293,17.1,0.35,0.35,2.3,27.88,4.1,0.5,0.17
666,"Oil, oat",100,884,100,20,0,0,0,0,0,0,14.4,14.4,24.7,0,0,0,100
667,Jellies,100,266,0,,0,5,0,0,0.02,0.9,0,0,0.3,69.95,1,51.22,0.02
668,Eggnog,100,88,4.2,2.6,59,206,59,0.45,0.05,1.5,0.21,0.21,0.3,8.05,0,8.05,4.19
669,Catsup,100,101,0.1,,0,527,26,0,0.158,4.1,1.46,1.46,3,27.4,0.3,21.27,0.1
670,Tempeh,100,192,11,2.5,0,0,0,0.08,0.215,0,0,0,0,7.64,0,0,10.8
671,Wasabi,100,292,11,2,0,1,0,0,0.05,0,3.44,3.44,3.1,46.13,6.1,13.2,10.9
672,Honey,100,304,0,,0,0,0,0,0.024,0.5,0,0,0,82.4,0.2,82.12,0
673,Natto,100,211,11,1.6,0,0,0,0,0.13,13,0.01,0.01,23.1,12.68,5.4,4.89,11
674,Okara,100,76,1.7,0.2,0,0,0,0,0.115,0,0,0,0,12.23,0,0,1.73
675,Papad,100,371,3.3,1.1,4,50,13,0,0.285,0,0.05,0.05,0.4,59.87,18.6,0,3.25
676,Lard,100,902,100,39,95,0,0,0,0,0,0.6,0.6,0,0,0,0,100
677,Oats,100,389,6.9,1.2,0,0,0,0,0.119,0,0,0,0,66.27,10.6,0,6.9
678,Miso,100,198,6,1,0,87,4,0.08,0.199,0,0.01,0.01,29.3,25.37,5.4,6.2,6.01
679,Poi,100,112,0.1,,0,66,3,0,0.273,4,2.3,2.3,1,27.23,0.4,0.39,0.14
680,"Spices, dried, oregano",100,265,4.3,1.6,0,1701,85,0,1.044,2.3,18.26,18.26,621.7,68.92,42.5,4.09,4.28
681,"Winged bean leaves, raw",100,74,1.1,0.3,0,8090,405,0,0.232,45,0,0,0,14.1,0,0,1.1
682,"Corn, raw, white, sweet",100,86,1.2,0.2,0,1,0,0,0.055,6.8,0.07,0.07,0.3,19.02,2.7,3.22,1.18
683,"Wheat flour, whole-grain",100,340,2.5,0.4,0,9,0,0,0.407,0,0.71,0.71,1.9,71.97,10.7,0.41,2.5
684,"CRACKER BARREL, coleslaw",100,175,13,2,11,777,43,0,0.125,14.2,0.97,0.97,88.1,13.01,1.6,11.07,13.22
685,"Fish, raw, king, mackerel",100,105,2,0.4,53,727,218,15.6,0.442,1.6,0,0,0,0,0,0,2
686,"Cookies, chocolate wafers",100,433,14,4.2,2,10,3,0.09,0.051,0,0.72,0.72,2.4,72.7,3.4,37.43,14.2
687,"Mushrooms, raw, portabella",100,22,0.4,0.1,0,0,0,0.05,0.148,0,0.02,0.02,0,3.87,1.3,2.5,0.35
688,"Fish, raw, striped, mullet",100,117,3.8,1.1,49,123,37,0.22,0.425,1.2,1,1,0.1,0,0,0,3.79
689,"Egg, poached, cooked, whole",100,143,9.5,3.1,370,538,160,0.71,0.144,0,1.04,1.04,0.3,0.71,0,0.37,9.47
690,"Noodles, chow mein, chinese",100,475,15,2.2,0,0,0,0,0.11,0,2.3,2.3,1.4,72.8,3.7,5.71,15.43
691,"Oil, cold pressed, flaxseed",100,884,100,9,0,0,0,0,0,0,0.47,0.47,9.3,0,0,0,99.98
692,"Triticale flour, whole-grain",100,338,1.8,0.3,0,0,0,0,0.403,0,0.9,0.9,0,73.14,14.6,0,1.81
693,"Cheese, queso anejo, mexican",100,373,30,19,105,220,64,1.38,0.047,0,0.26,0.26,2.5,4.63,0,4.63,29.98
694,"Smelt, dried (Alaska Native)",100,386,18,3.6,249,463,139,19.1,0.176,0,4.51,4.51,0,0,0,0,17.9
695,"Lamb, broiled, cooked, ground",100,283,20,8.1,97,0,0,2.61,0.14,0,0.14,0.14,5.3,0,0,0,19.65
696,"Tofu, dried-frozen (koyadofu)",100,477,30,4.4,0,518,26,0,0.286,0.7,0,0,0,10.03,7.2,0,30.34
697,Poultry salad sandwich spread,100,200,14,3.5,30,140,42,0.38,0.11,1,2.2,2.2,0,7.41,0,0,13.52
698,"Salami, beef and pork, cooked",100,336,26,9.3,89,0,0,1.52,0.459,0,0.22,0.22,3.2,2.4,0,0.96,25.9
699,"Rice flour, unenriched, white",100,366,1.4,0.4,0,0,0,0,0.436,0,0.11,0.11,0,80.13,2.4,0.12,1.42
700,"Yogurt, nonfat, fruit variety",100,95,0.2,0.1,2,12,2,0.47,0.04,0.7,0.06,0.06,1.1,19,0,19,0.2
701,"Babyfood, vegetable, crackers",100,477,20,2,0,3571,179,0,0.12,50.5,8.05,8.05,7.1,66.85,4,13,19.6
702,"Babyfood, fruit, baby, cookie",100,435,13,2.7,4,2348,117,0.22,0.21,1.5,1.48,1.48,3.2,73.7,3.4,24.2,12.6
703,"Chicken, raw, giblets, capons",100,130,5.2,1.6,292,14566,4374,12.95,0.47,18.4,0,0,0,1.42,0,0,5.18
704,"Fish, raw, mixed species, roe",100,143,6.4,1.5,374,299,90,10,0.16,16,7,7,0.2,1.5,0,0,6.42
705,"Fish, smoked, chinook, salmon",100,117,4.3,0.9,23,87,26,3.26,0.278,0,1.35,1.35,0.1,0,0,0,4.32
706,HOUSE FOODS Prem m Firm Tofu,100,85,4.2,0.7,0,0,0,0,0,1.1,0,0,0,0.97,0.9,0.4,4.19
707,"Crackers, whole grain, cheese",100,412,16,3.2,16,110,12,0.06,0.203,0,1.08,1.08,3.9,57.29,6.4,0,16.03
708,"Seeds, high-fat, sesame flour",100,526,37,5.2,0,69,3,0,0.152,0,0,0,0,26.62,0,0,37.1
709,"Peppers, canned, green, chili",100,21,0.3,,0,126,6,0,0.12,34.2,0,0,0,4.6,1.7,0,0.27
710,"Egg, raw, fresh, whole, quail",100,158,11,3.6,844,543,156,1.58,0.15,0,1.08,1.08,0.3,0.41,0,0.4,11.09
711,"Pumpkin, without salt, canned",100,34,0.3,0.1,0,15563,778,0,0.056,4.2,1.06,1.06,16,8.09,2.9,3.3,0.28
712,"Dove, cooked (includes squab)",100,213,13,3.7,116,95,28,0.41,0.57,2.9,0.06,0.06,4,0,0,0,13
713,"Beverages, orange, carbonated",100,48,0,,0,0,0,0,0,0,0,0,0,12.3,0,0,0
714,"Kefir, LIFEWAY, plain, lowfat",100,41,0.9,0.7,5,569,171,0.29,0.058,0.2,0.02,0.02,0.1,4.48,0,4.61,0.93
715,"Candies, ALMOND JOY Candy Bar",100,479,27,18,4,42,0,0,0,0.7,0,0,0,59.51,5,48.34,26.93
716,"Cheese substitute, mozzarella",100,248,12,3.7,0,1457,437,0.81,0.051,0.1,0.11,0.11,1,23.67,0,23.67,12.22
717,"Crustaceans, raw, queen, crab",100,90,1.2,0.1,55,150,45,9,0.15,7,0,0,0,0,0,0,1.18
718,"Wheat, cooked, KAMUT khorasan",100,132,0.8,0.1,0,4,0,0,0.07,0,0.24,0.24,0,27.6,4.3,3.07,0.83
719,"Sauce, ready-to-serve, hoisin",100,220,3.4,0.6,3,6,0,0,0.062,0.4,0.28,0.28,0.5,44.08,2.8,27.26,3.39
720,"Sauce, ready-to-serve, oyster",100,51,0.3,,0,0,0,0.41,0.016,0.1,0,0,0,10.92,0.3,0,0.25
721,"Noodles, dry, somen, japanese",100,356,0.8,0.1,0,0,0,0,0.05,0,0,0,0,74.1,4.3,0,0.81
722,"Crackers, reduced fat, cheese",100,418,12,3.3,0,56,9,0.03,0.044,0,1.88,1.88,3.8,68.19,3.3,0,11.67
723,"Cookies, reduced fat, oatmeal",100,365,10,4.1,20,402,92,0.08,0.044,0,1.1,1.1,11.3,64.62,16.1,32.14,10.04
724,"Cranberries, sweetened, dried",100,308,1.1,0.1,0,46,2,0,0.038,0.2,2.1,2.1,7.6,82.8,5.3,72.56,1.09
725,"Cheese, queso cotija, mexican",100,366,30,18,100,865,229,2.26,0.049,0,0.25,0.25,1.9,3.97,0,0,30
726,"Rolls, hard (includes kaiser)",100,293,4.3,0.6,0,0,0,0,0.035,0,0.42,0.42,0.6,52.7,2.3,1.77,4.3
727,"Ostrich, cooked, inside strip",100,164,4.3,1.7,97,0,0,6.44,0.562,0,0.24,0.24,0,0,0,0,4.26
728,"SILK Light Chocolate, soymilk",100,49,0.6,,0,206,0,1.23,0,0,0,0,0,9.05,0.8,7.82,0.62
729,"Candies, sugar-coated almonds",100,474,18,1.9,0,3,0,0,0.06,0,12.36,12.36,0,68.26,2.5,62.5,17.93
730,"KELLOGG'S, Corn Flakes Crumbs",100,367,0.4,0.1,0,212,64,0,0.6,0,0,0,0,84.4,1.2,9.3,0.4
731,"Cheese, queso seco, dry white",100,325,24,14,78,800,226,1.7,0.091,0,0.49,0.49,1.5,2.04,0,0.55,24.35
732,"Fish, raw, wild, coho, salmon",100,146,5.9,1.3,45,135,40,4.17,0.549,1,0.73,0.73,0.1,0,0,0,5.93
733,"Beets, drained solids, canned",100,31,0.1,,0,24,1,0,0.057,4.1,0.03,0.03,0.2,7.21,1.8,5.51,0.14
734,"Beef, reduced sod m, bologna",100,310,28,12,56,0,0,1.41,0.18,0,0.19,0.19,0.3,2,0,0,28.4
735,"Fast foods, hot fudge, sundae",100,180,5.5,3.2,13,140,37,0.41,0.08,1.5,0.42,0.42,0,30.17,0,0,5.46
736,"KEEBLER, Iced Oatmeal Cookies",100,467,18,5.8,0,0,0,0,0.01,0,0,0,0,69.5,4.1,35.6,18.3
737,"Ice creams, fat free, vanilla",100,138,0,,0,698,200,0.45,0.047,0,0,0,0,30.06,1,6.3,0
738,"Turkey Pot Pie, frozen entree",100,176,8.8,2.9,16,1767,0,0,0,0,0,0,0,17.7,1.1,0,8.8
739,"Peanut butter, reduced sod m",100,590,50,7.7,0,0,0,0,0.45,0,9.05,9.05,0.6,21.83,6.6,9.29,49.9
740,"Oil, salad or cooking, peanut",100,884,100,17,0,0,0,0,0,0,15.69,15.69,0.7,0,0,0,100
741,"Turkey, raw, meat only, whole",100,112,1.9,0.5,67,30,9,1.24,0.652,0,0.09,0.09,0,0.14,0,0.07,1.93
742,"Syrups, fudge-type, chocolate",100,350,8.9,4,1,2,1,0.06,0.02,0.2,2.63,2.63,2.5,62.9,2.8,34.82,8.9
743,"Corn, steamed (Navajo), white",100,386,5.2,0.8,0,0,0,0,0.289,0,0,0,0.8,75.2,16.6,6.47,5.18
744,"Fish, raw, mixed species, eel",100,184,12,2.4,126,3477,1043,3,0.067,1.8,4,4,0,0,0,0,11.66
745,"Spices, dried, coriander leaf",100,279,4.8,0.1,0,5850,293,0,0.61,566.7,1.03,1.03,1359.5,52.1,10.4,7.27,4.78
746,"Popovers, unenriched, dry mix",100,371,4.3,1,0,0,0,0.08,0.042,0.1,0,0,0,71,0,0,4.3
747,"Lemon grass (citronella), raw",100,99,0.5,0.1,0,6,0,0,0.08,2.6,0,0,0,25.31,0,0,0.49
748,"Candies, with almonds, nougat",100,398,1.7,1.7,0,1,0,0.01,0.02,0.3,2.77,2.77,0,92.39,3.3,44.97,1.67
749,"Fish, raw, Atlantic, mackerel",100,205,14,3.3,70,167,50,8.71,0.399,0.4,1.52,1.52,5,0,0,0,13.89
750,"Candies, REESE'S PIECES Candy",100,497,25,16,0,0,0,0.11,0.11,0,0.99,0.99,5.9,59.86,3,53.25,24.77
751,"Sauce, ready-to-serve, cheese",100,174,13,6,29,316,80,0.14,0.017,0.4,0,0,0,6.83,0.5,0.42,13.29
752,"Noodles, unenriched, dry, egg",100,384,4.4,1.2,84,62,17,0.29,0.216,0,0.37,0.37,0.5,71.27,3.3,1.88,4.44
753,"Egg, scrambled, cooked, whole",100,149,11,3.3,277,578,161,0.76,0.134,0,1.15,1.15,4,1.61,0,1.39,10.98
754,"Egg, raw, fresh, whole, goose",100,185,13,3.6,852,650,187,5.1,0.236,0,1.29,1.29,0.4,1.35,0,0.94,13.27
755,"Jujube, dried, fresh, Chinese",100,281,0.5,,0,0,0,0,0,217.6,0,0,0,72.52,6,0,0.5
756,"GIRL SCOUTS, Trefoils Cookies",100,498,23,7.3,1,0,0,0,0,0,0,0,0,68,1.6,20.7,22.9
757,"Quail, raw, meat only, breast",100,123,3,0.9,58,37,11,0.47,0.53,5.1,0,0,0,0,0,0,2.99
758,"Blueberries, sweetened, dried",100,317,2.5,0.2,0,141,7,0,0.152,23.8,2.35,2.35,59.4,80,7.5,67.5,2.5
759,"McDONALD'S, Hot Mustard Sauce",100,190,7.3,1,0,0,0,0.23,0.06,0,0.86,0.86,0,29.08,5,21.76,7.31
760,"Candies, PAYDAY Bar, HERSHEYS",100,490,25,4.8,0,1,0,0.02,0.235,0,2.47,2.47,0,52.88,3.8,40.32,25
761,"Sauce, ready-to-serve, tartar",100,211,17,3.3,7,165,11,0.02,0.044,2.3,1.68,1.68,50.4,13.3,0.5,4.25,16.7
762,Pulled pork in barbecue sauce,100,168,4.4,1.4,35,264,13,0.41,0.248,0.2,0.89,0.89,1.4,18.74,1.2,15.2,4.42
763,"Sauce, thick, white, homemade",100,186,14,3.4,6,469,130,0.26,0.038,0.7,0.38,0.38,1.2,11.61,0.3,3.98,13.83
764,"Veal, broiled, cooked, ground",100,172,7.6,3,103,0,0,1.27,0.39,0,0.15,0.15,1.2,0,0,0,7.56
765,"Bison, raw, grass-fed, ground",100,146,7.2,2.9,55,0,0,1.94,0.383,0,0.19,0.19,1.2,0.05,0,0,7.21
766,"Bread, bollilo, Mexican, roll",100,318,5.8,1.4,1,5,1,0.13,0.105,0.2,0,0,10.9,55.77,2.2,3.55,5.8
767,"McDONALD'S, Chicken McNUGGETS",100,302,20,3.3,44,0,0,0.33,0.398,1.2,0,0,0,15.09,0,0.08,19.81
768,"Currants, raw, european black",100,63,0.4,,0,230,12,0,0.066,181,1,1,0,15.38,0,0,0.41
769,"Pineapple, all varieties, raw",100,50,0.1,,0,58,3,0,0.112,47.8,0.02,0.02,0.7,13.12,1.4,9.85,0.12
770,"Fish, raw, Atlantic, wolffish",100,96,2.4,0.4,46,375,113,2.03,0.4,0,0,0,0,0,0,0,2.39
771,"Cereals ready-to-eat, FAMILIA",100,388,6.3,0.7,0,6,1,0.29,0.1,0.6,1.16,1.16,3.8,73.8,8.5,23.2,6.3
772,"Leavening agents, baking soda",100,0,0,,0,0,0,0,0,0,0,0,0,0,0,0,0
773,"Asparagus, unprepared, frozen",100,24,0.2,0.1,0,948,47,0,0.111,31.8,0,0,0,4.1,1.9,0,0.23
774,"English muffins, whole-wheat",100,203,2.1,0.3,0,5,0,0,0.163,0,0.41,0.41,1,40.4,6.7,8.09,2.1
775,"Ice creams, light, chocolate",100,187,7.2,4.4,28,425,71,0.14,0.023,1.2,0.2,0.2,0.6,25.7,0.8,24.71,7.19
776,"Crackers, wheat, melba toast",100,374,2.3,0.3,0,0,0,0,0.103,0,0,0,0,76.4,7.4,0,2.3
777,"Crackers, plain, melba toast",100,390,3.2,0.4,0,0,0,0,0.098,0,0.43,0.43,0.9,76.6,6.3,0.94,3.2
778,"Crackers, plain, wafers, rye",100,334,0.9,0.1,0,5,0,0,0.271,0.1,0.8,0.8,5.7,80.4,22.9,1.01,0.9
779,"Apples, with skin, gala, raw",100,57,0.1,,0,28,1,0,0.049,0,0.18,0.18,1.3,13.68,2.3,10.37,0.12
780,"Fish, dry heat, cooked, ling",100,111,0.8,,51,115,35,0.65,0.351,0,0,0,0,0,0,0,0.82
781,"Fish, dry heat, cooked, cusk",100,112,0.9,,53,69,21,1.2,0.447,0,0,0,0,0,0,0,0.88
782,"Peanut spread, reduced sugar",100,650,55,10,0,0,0,0,0.471,0,8.06,8.06,0.6,14.23,7.8,6.35,54.89
783,"Beerwurst, pork, beer salami",100,238,19,6.3,59,0,0,0.87,0.35,0,0,0,0,2.06,0,0,18.8
784,"Babyfood, junior, beef, meat",100,81,2.5,1.2,51,0,0,1.26,0.039,2.1,0.37,0.37,0.6,2.43,0,0,2.52
785,"Peppers, sauteed, red, sweet",100,133,13,1.6,0,2760,138,0,0.364,162.8,3.09,3.09,16.4,6.57,1.8,4.28,12.75
786,"Tree fern, with salt, cooked",100,40,0.1,,0,200,10,0,0.179,30,0,0,0,10.78,3.7,0,0.07
787,"Pheasant, meat and skin, raw",100,181,9.3,2.7,71,177,53,0.77,0.66,5.3,0,0,0,0,0,0,9.29
788,"Oil, salad or cooking, olive",100,884,100,14,0,0,0,0,0,0,14.35,14.35,60.2,0,0,0,100
789,"Squash, raw, hubbard, winter",100,40,0.5,0.1,0,1367,68,0,0.154,11,0.16,0.16,1.3,8.7,3.9,3.95,0.5
790,"Rambutan, syrup pack, canned",100,82,0.2,,0,3,0,0,0.02,4.9,0,0,0,20.87,0.9,0,0.21
791,"Fish, raw, Atlantic, herring",100,158,9,2,60,93,28,13.67,0.302,0.7,1.07,1.07,0.1,0,0,0,9.04
792,"Bologna, beef, pork, chicken",100,272,23,7,83,75,13,0.59,0.227,15.8,0.25,0.25,0.1,5.61,0,0,22.73
793,"DENNY'S, golden fried shrimp",100,319,20,3.5,83,6,2,0.4,0.085,0,2.61,2.61,35.3,20.93,1.5,0.75,20.01
794,"McDONALD'S, Hot Fudge Sundae",100,186,5.9,3.6,13,270,81,0.55,0.052,0,0.19,0.19,0,30.05,0.4,26.89,5.91
795,"Fish, raw, spanish, mackerel",100,139,6.3,1.8,76,130,39,2.4,0.4,1.6,0.69,0.69,0.1,0,0,0,6.3
796,"PEPPERIDGE FARM, White Bread",100,280,5.1,1.3,1,100,0,0,0,1.1,0,0,0,50.2,1.6,5.1,5.1
797,"Crackers, low sod m, cheese",100,503,25,9.6,13,156,17,0.46,0.553,0,0.3,0.3,11.2,58.2,2.4,0.28,25.3
798,"USDA Commodity, canned, pork",100,196,13,4.2,75,0,0,0.93,0.311,0,0.28,0.28,0,0.59,0,0,12.95
799,Orange Pineapple Juice Blend,100,51,0.1,,0,17,1,0,0.061,40.7,0.07,0.07,0.1,12.2,0.2,10.57,0.08
800,"Beverages, hard cider, AMBER",100,56,0,,0,27,1,0,0.021,2.3,0.09,0.09,1.1,5.92,0,5.92,0
801,"Babyfood, apple-banana juice",100,51,0.1,,0,9,0,0,0.06,27.9,0.02,0.02,0,12.3,0.2,11,0.1
802,"Spices, ground, mustard seed",100,508,36,2,0,31,2,0,0.397,7.1,5.07,5.07,5.4,28.09,12.2,6.79,36.24
803,"ON THE BORDER, refried beans",100,144,5,1.8,6,0,0,0.1,0,0,0.1,0.1,2.1,17.52,8.2,0.84,5
804,"Cornmeal, white, whole-grain",100,362,3.6,0.5,0,3,0,0,0.304,0,0.42,0.42,0.3,76.89,7.3,0.64,3.59
805,"Ground turkey, raw, fat free",100,112,2,0.5,55,25,7,0.51,0.857,0,0.07,0.07,0,0,0,0,1.95
806,"Kanpyo, (dried gourd strips)",100,258,0.6,,0,0,0,0,0.532,0.2,0,0,0,65.03,9.8,0,0.56
807,"Pancakes, reduced fat, plain",100,269,1.9,,24,24,7,0.1,0.039,0,0.25,0.25,1.9,57.32,1,8.57,1.9
808,"Tennis Bread, plain (Apache)",100,258,1.1,0.3,0,0,0,0,0.059,0,0.07,0.07,0.2,53.26,2.6,3.01,1.05
809,"USDA Commodity, canned, beef",100,246,18,8.6,77,0,0,1.66,0.168,0,1.96,1.96,9.6,0,0,0,17.57
810,"Cockles, raw (Alaska Native)",100,79,0.7,,0,0,0,0,0,0,0,0,0,4.7,0,0,0.7
811,"Yogurt, lowfat, plain, Greek",100,73,1.9,1.2,10,309,90,0.52,0.055,0.8,0.04,0.04,0.2,3.94,0,3.56,1.92
812,"Apples, with skin, fuji, raw",100,63,0.2,,0,38,2,0,0.045,0,0.18,0.18,1,15.22,2.1,11.68,0.18
813,"Cheese, low sod m, parmesan",100,451,30,19,79,463,125,1.4,0.1,0,0.27,0.27,2,3.7,0,0.85,29.99
814,"Peppers, canned, hot pickled",100,22,0.4,0.1,0,870,43,0,0.105,12.3,0.9,0.9,21.9,4.56,2.6,1.6,0.4
815,"McDONALD'S, Hotcakes (plain)",100,228,5.8,1.2,13,57,3,0,0.077,0,0.7,0.7,0,38.27,1.4,8.84,5.84
816,"Lettuce, raw, cos or romaine",100,17,0.3,,0,8710,436,0,0.074,4,0.13,0.13,102.5,3.29,2.1,1.19,0.3
817,"MURRAY, JACKS Vanilla Wafers",100,438,12,3.8,6,0,0,0,0.02,0,0,0,0,78.1,1.1,37.6,11.9
818,"Noodles, dry, soba, japanese",100,336,0.7,0.1,0,0,0,0,0.24,0,0,0,0,74.62,0,0,0.71
819,"Beverages, powder, Cocoa mix",100,398,4,2.4,0,4,1,0.35,0.114,0.2,0.19,0.19,0.9,83.73,3.7,65.55,4
820,"Game meat, raw, ground, deer",100,157,7.1,3.4,80,0,0,1.87,0.464,0,0.45,0.45,1.2,0,0,0,7.13
821,"Dessert topping, pressurized",100,264,22,19,0,78,4,0,0,0,0.85,0.85,5.5,16.07,0,16.07,22.3
822,"Cheese, reduced fat, cheddar",100,309,20,13,76,522,145,1.41,0.084,0,0.48,0.48,1.5,4.06,0,0.26,20.41
823,"Cream, light whipping, fluid",100,292,31,19,111,1013,279,0.2,0.028,0.6,0.88,0.88,2.7,2.96,0,2.96,30.91
824,"Cream, heavy whipping, fluid",100,340,36,23,113,1470,411,0.16,0.035,0.6,0.92,0.92,3.2,2.74,0,2.92,36.08
825,"Pinon Nuts, roasted (Navajo)",100,541,34,3.2,0,0,0,0,0.116,0,11.3,11.3,0,51.06,43.4,0,34.08
826,"Mothbeans, raw, mature seeds",100,343,1.6,0.4,0,32,2,0,0.366,4,0,0,0,61.52,0,0,1.61
827,"Bread, toasted, pumpernickel",100,275,3.4,0.5,0,0,0,0,0.124,0,0.46,0.46,0.9,52.2,7.1,0.58,3.4
828,"Bread, enriched, white, pita",100,275,1.2,0.2,0,0,0,0,0.034,0,0.3,0.3,0.2,55.7,2.2,1.3,1.2
829,"Beef, raw, ground, grass-fed",100,198,13,5.3,62,0,0,1.97,0.355,0,0.35,0.35,1.1,0,0,0,12.73
830,"Muffins, dry mix, wheat bran",100,396,12,2.9,0,0,0,0,0.282,0,0,0,0,73,0,0,12
831,"Candies, semisweet chocolate",100,480,30,18,0,0,0,0,0.035,0,0.26,0.26,5.6,63.9,5.9,54.5,30
832,"Sauce, dry, cheese sauce mix",100,438,18,8.4,23,202,56,0.46,0.182,0.9,0,0,0,60.52,1,10.26,18.33
833,"Cranberry juice, unsweetened",100,46,0.1,,0,45,2,0,0.052,9.3,1.2,1.2,5.1,12.2,0.1,12.1,0.13
834,"Ostrich, cooked, tip trimmed",100,145,2.6,1,85,0,0,6.25,0.545,0,0.23,0.23,0,0,0,0,2.57
835,"Cake, dry mix, light, yellow",100,404,5.5,1.4,0,13,4,0.11,0.026,0,0,0,0,84.1,1.3,0,5.5
836,"Buckwheat flour, whole-groat",100,335,3.1,0.7,0,0,0,0,0.582,0,0.32,0.32,7,70.59,10,2.6,3.1
837,"Sweet potato, mashed, canned",100,101,0.2,,0,8699,435,0,0.235,5.2,1.09,1.09,2.4,23.19,1.7,5.45,0.2
838,"Sausage, smoked, hot, turkey",100,158,8.8,3.4,53,144,43,0.43,0.381,30.4,0.09,0.09,0.8,4.65,0.3,3.2,8.75
839,"Pastrami, 98% fat-free, beef",100,95,1.2,,47,0,0,1.76,0.18,34.6,0,0,0,1.54,0,0,1.16
840,"Fish, dry heat, cooked, scup",100,135,3.5,,67,104,31,1.62,0.346,0,0,0,0,0,0,0,3.5
841,"Fish, dry heat, cooked, spot",100,158,6.3,1.9,77,115,35,3.46,0.462,0,0,0,0,0,0,0,6.28
842,"Rice, raw, long-grain, brown",100,367,3.2,0.6,0,0,0,0,0.477,0,0.6,0.6,0.6,76.25,3.6,0.66,3.2
843,"Babyfood, junior, lamb, meat",100,112,5.2,2.6,38,27,8,2.27,0.183,1.7,0.4,0.4,0,0,0,0,5.2
844,"Oil, and olive, peanut, corn",100,884,100,14,0,0,0,0,0,0,14.78,14.78,21,0,0,0,100
845,"Soy flour, roasted, full-fat",100,439,22,3.2,0,122,6,0,0.351,0,1.98,1.98,71,30.38,9.7,7.61,21.86
846,"Fish, dry heat, cooked, carp",100,162,7.2,1.4,84,32,10,1.47,0.219,1.6,0,0,0,0,0,0,7.17
847,"Fish, raw, european, anchovy",100,131,4.8,1.3,60,50,15,0.62,0.143,0,0.57,0.57,0.1,0,0,0,4.84
848,"Game meat, raw, wild, rabbit",100,114,2.3,0.7,81,0,0,0,0,0,0,0,0,0,0,0,2.32
849,"PACE, Dry Taco Seasoning Mix",100,188,0,,0,9381,0,0,0,45,0,0,0,56.29,18.8,18.76,0
850,"Alfalfa seeds, raw, sprouted",100,23,0.7,0.1,0,155,8,0,0.034,8.2,0.02,0.02,30.5,2.1,1.9,0.2,0.69
851,"Squash, raw (Navajo), Indian",100,26,0.2,,0,0,0,0,0.058,4.5,0,0,0,5.64,0,3.54,0.2
852,"Fish, raw, Atlantic, croaker",100,104,3.2,1.1,61,41,12,2.5,0.3,0,1.29,1.29,0.1,0,0,0,3.17
853,"SMART SOUP, Greek Minestrone",100,40,0.5,,0,0,0,0,0,0,0,0,0,8.4,2.7,2.7,0.53
854,"Cream, lowfat, half and half",100,72,5,3.3,17,170,47,0.19,0.05,0,0.12,0.12,0.6,3.33,0,3.33,5
855,"Babyfood, mixed fruit, juice",100,47,0.1,,0,42,2,0,0.043,63.6,0.04,0.04,0.9,11.7,0.1,8.46,0.1
856,"Milk shakes, thick chocolate",100,119,2.7,1.7,11,67,18,0.32,0.025,0,0.05,0.05,0.2,21.15,0.3,20.85,2.7
857,"Grapefruit juice, raw, white",100,39,0.1,,0,10,1,0,0.044,38,0.22,0.22,0,9.2,0.1,9.1,0.1
858,"Babyfood, arrowroot, cookies",100,424,10,1,0,0,0,0.07,0.04,5.5,3.86,3.86,0.5,75.4,0.2,0,10
859,"Fish, raw, Atlantic, pollock",100,92,1,0.1,71,46,14,3.19,0.287,0,0.23,0.23,0.1,0,0,0,0.98
860,"Egg, raw, fresh, whole, duck",100,185,14,3.7,884,674,194,5.4,0.25,0,1.34,1.34,0.4,1.45,0,0.93,13.77
861,"McDONALD'S, Sausage McMUFFIN",100,333,21,7.3,39,260,0,0.45,0.153,0,0.28,0.28,0,24.52,1.4,1.93,21.06
862,HEALTHY REQUEST Tomato juice,100,21,0,,0,2058,0,0,0,29.6,5.56,5.56,0,4.53,0.8,3.7,0
863,"Crackers, whole-wheat, matzo",100,351,1.5,0.2,0,0,0,0,0.159,0,0,0,0,78.9,11.8,0,1.5
864,"Soup, dry, cubed, beef broth",100,170,4,2,4,1,0,1,0.2,0,0,0,0,16.1,0,14.51,4
865,"Puddings, ready-to-eat, rice",100,108,2.2,1.2,12,69,19,0.15,0.052,1.3,0.07,0.07,0.2,18.39,0.3,11.59,2.15
866,"Pectin, dry mix, unsweetened",100,325,0.3,0.1,0,3,0,0,0.01,0,0,0,0,90.4,8.6,0,0.3
867,"Candies, CARAMELLO Candy Bar",100,462,21,13,27,303,0,0,0,1.7,0,0,0,63.81,1.2,56.92,21.19
868,"Veal, raw, external fat only",100,503,52,19,86,0,0,1.35,0.154,0,0.3,0.3,2.8,0.89,0,0,51.6
869,"Seeds, raw, breadfruit seeds",100,191,5.6,1.5,0,256,13,0,0.32,6.6,0,0,0,29.24,5.2,0,5.59
870,"Mushrooms, stir-fried, white",100,26,0.3,,0,0,0,0,0.042,0,0,0,0,4.04,1.8,0,0.33
871,"Snacks, rolls, fruit leather",100,371,3,0.7,0,57,6,0,0.3,120,0.56,0.56,18.2,85.8,0,49.16,3
872,"Sauce, thin, white, homemade",100,105,6.7,2.2,8,262,73,0.3,0.041,0.8,0.17,0.17,0.6,7.4,0.1,4.78,6.73
873,"Sauce, ready-to-serve, salsa",100,29,0.2,,0,461,23,0,0.172,1.9,1.28,1.28,4.3,6.64,1.9,4.01,0.17
874,"Peppers, raw, red, hot chili",100,40,0.4,,0,952,48,0,0.506,143.7,0.69,0.69,14,8.81,1.5,5.3,0.44
875,"Squash, raw, scallop, summer",100,18,0.2,,0,217,11,0,0.109,18,0.13,0.13,3.3,3.84,1.2,2.39,0.2
876,"Currants, raw, red and white",100,56,0.2,,0,42,2,0,0.07,41,0.1,0.1,11,13.8,4.3,7.37,0.2
877,"Crustaceans, raw, blue, crab",100,87,1.1,0.2,78,5,2,9,0.15,3,0,0,0,0.04,0,0,1.08
878,"Pie fillings, cherry, canned",100,115,0.1,,0,205,10,0,0.037,3.6,0,0,0,28,0.6,0,0.07
879,"Yogurt, nonfat, plain, Greek",100,59,0.4,0.1,5,4,1,0.75,0.063,0,0.01,0.01,0,3.6,0,3.24,0.39
880,"Crackers, reduced fat, wheat",100,444,13,2.1,0,0,0,0.14,0.15,0,1.18,1.18,24.7,71.52,3.4,15.01,13.37
881,"Gravy, powder, dry, mushroom",100,328,4,2.4,3,1,0,0.7,0.1,7,0.15,0.15,0.2,64.66,4.8,3.26,4
882,"Gravy, dry, unspecified type",100,344,8,2.9,4,0,0,0.7,0.1,7,0,0,0,58,0,0,8
883,"Seeds, low-fat, sesame flour",100,333,1.8,0.2,0,64,3,0,0.142,0,0,0,0,35.51,0,0,1.75
884,"Mushrooms, microwaved, white",100,35,0.5,0.1,0,0,0,0,0.049,0,0,0,0,6.04,2.5,0,0.46
885,"Beverages, AMP, Energy drink",100,46,0.1,,0,0,0,0.6,0.2,0,0,0,0,12.08,0,12.08,0.08
886,SILK Black Cherry soy yogurt,100,88,1.2,,0,0,0,0,0,17.6,0,0,0,17.06,0.6,11.76,1.18
887,"Snack, original bar, BALANCE",100,415,12,1.1,1,5000,1496,1.24,0.89,11.2,5.84,5.84,1.3,48.73,3.1,34.89,12
888,"Beverages, well, tap, water",100,0,0,,0,0,0,0,0,0,0,0,0,0,0,0,0
889,"Chrysanthemum, raw, garland",100,24,0.6,,0,2320,116,0,0.176,1.4,0,0,350,3.02,3,0,0.56
890,"Stew, moose (Alaska Native)",100,55,0.5,,0,1043,0,0,0.03,1,0,0,0,6,0.5,0,0.5
891,"Ice creams, rich, chocolate",100,251,17,10,60,713,201,0.18,0.033,0.5,0.46,0.46,1.5,19.78,0.9,17.35,16.98
892,"Oil, walrus (Alaska Native)",100,900,100,,120,2600,0,0,0,0,0,0,0,0,0,0,100
893,"Grapefruit juice, raw, pink",100,39,0.1,,0,440,22,0,0.044,38,0,0,0,9.2,0,0,0.1
894,"Babyfood, junior, ham, meat",100,97,3.8,1.3,29,0,0,0.1,0.2,2.1,0.4,0.4,0,3.7,0,0,3.8
895,"Radish seeds, raw, sprouted",100,43,2.5,0.8,0,391,20,0,0.285,28.9,0,0,0,3.6,0,0,2.53
896,"MORI-NU, firm, silken, Tofu",100,62,2.7,0.4,0,0,0,0,0.011,0,0,0,0,2.4,0.1,1.27,2.7
897,"MORI-NU, soft, silken, Tofu",100,55,2.7,0.4,0,0,0,0,0.011,0,0,0,0,2.9,0.1,1.31,2.7
898,"Bread, rye, reduced-calorie",100,203,2.9,0.4,0,4,0,0.04,0.077,0.4,0.28,0.28,0.6,40.5,12,2.29,2.9
899,"Snacks, air-popped, popcorn",100,387,4.5,0.6,0,196,10,0,0.157,0,0.29,0.29,1.2,77.78,14.5,0.87,4.54
900,"Muffins, dry mix, blueberry",100,293,3.3,1.2,0,18,1,0,0.082,2.3,0,0,0,61,1.4,32.73,3.25
901,"Frankfurter, unheated, beef",100,316,28,11,55,0,0,1.38,0.185,0,0.2,0.2,1.8,3.36,0,1.31,28.3
902,"Turkey, raw, giblets, whole",100,124,5.1,1.5,333,13129,3939,13.06,0.654,0,0.25,0.25,0,0.07,0,0,5.09
903,"Corn pudding, home prepared",100,131,5,2.5,72,296,57,0.31,0.127,3.7,0.27,0.27,0.5,16.97,1.2,6.59,5.04
904,"Popovers, enriched, dry mix",100,371,4.3,1,0,0,0,0.08,0.042,0.1,0,0,0,71,0,0,4.3
905,"Soybeans, raw, mature seeds",100,446,20,2.9,0,22,1,0,0.377,6,0.85,0.85,47,30.16,9.3,7.33,19.94
906,"Beef sausage, cooked, fresh",100,332,28,11,82,81,13,2.01,0.313,0,0.24,0.24,1.1,0.35,0,0,27.98
907,"Luncheon meat, canned, pork",100,334,30,11,62,0,0,0.9,0.21,1,0.26,0.26,0,2.1,0,0,30.3
908,"MURRAY, Vanilla Sugar Wafer",100,527,26,8.6,0,0,0,0,0,0,0,0,0,70,1,41,25.7
909,"Radishes, raw, white icicle",100,14,0.1,,0,0,0,0,0.075,29,0,0,0,2.63,1.4,0,0.1
910,"Vinespinach, raw, (basella)",100,19,0.3,,0,8000,400,0,0.24,102,0,0,0,3.4,0,0,0.3
911,"Syrups, high-fructose, corn",100,281,0,,0,0,0,0,0,0,0,0,0,76,0,75.65,0
912,"Stew, steamed corn (Navajo)",100,112,3.8,1.6,0,0,0,0,0.12,0,0,0,0.7,10.8,2.3,0.51,3.75
913,"OSCAR MAYER, Bologna (beef)",100,316,29,13,64,0,0,1.43,0.17,0,0,0,0,2.45,0,1.4,29.1
914,"Ostrich, raw, outside strip",100,120,2.2,0.8,79,0,0,5.33,0.549,0,0.21,0.21,0,0,0,0,2.21
915,"Milk, fluid, indian buffalo",100,97,6.9,4.6,19,178,53,0.36,0.023,2.3,0,0,0,5.18,0,0,6.89
916,"Nuts, dried, black, walnuts",100,619,59,3.5,0,40,2,0,0.583,1.7,2.08,2.08,2.7,9.58,6.8,1.1,59.33
917,"ON THE BORDER, Mexican rice",100,195,4.9,0.9,0,61,3,0.09,0,0.3,0.59,0.59,12.3,34.15,1.1,1.38,4.86
918,"Mushrooms, raw, Chanterelle",100,38,0.5,,0,0,0,0,0.044,0,0,0,0,6.86,3.8,1.16,0.53
919,"McDONALD'S, Baked Apple Pie",100,323,16,4,0,0,0,0,0.049,32.3,1.94,1.94,0,43.62,2,17.25,15.66
920,"McDONALD'S, Sausage Biscuit",100,376,25,11,29,26,8,0.39,0.128,0,0.75,0.75,0,27.2,1.2,1.97,25.4
921,"CHICK-FIL-A, Chick-n-Strips",100,228,11,2.1,56,0,0,0.19,0.476,1,1.56,1.56,0,10.39,0.9,1.24,11.2
922,"Edamame, unprepared, frozen",100,109,4.7,,0,0,0,0,0.135,9.7,0.72,0.72,31.4,7.61,4.8,2.48,4.73
923,"Mollusks, raw, blue, mussel",100,86,2.2,0.4,28,160,48,12,0.05,8,0.55,0.55,0.1,3.69,0,0,2.24
924,"Quail, total edible, cooked",100,227,14,4,86,234,70,0.36,0.62,2.3,0.7,0.7,4.2,0,0,0,14.1
925,"Cereals, dry, CREAM OF RICE",100,370,0.5,0.1,0,0,0,0,0.195,0,0.11,0.11,0.1,82.4,0.7,0.3,0.5
926,"LEAN POCKETS, Ham N Cheddar",100,230,6.5,2.4,20,0,0,0.44,0.102,0.1,0.29,0.29,1.7,32.52,1.7,7.6,6.53
927,"Snacks, tropical, trail mix",100,442,17,8.5,0,49,2,0,0.327,7.6,0,0,0,65.6,0,0,17.1
928,"Nuts, full fat, acorn flour",100,501,30,3.9,0,51,3,0,0.688,0,0,0,0,54.65,0,0,30.17
929,"Sauce, ready-to-serve, fish",100,35,0,,0,12,4,0.48,0.396,0.5,0,0,0,3.64,0,3.64,0.01
930,"Fish, raw, european, turbot",100,95,3,0.8,48,35,11,2.2,0.21,1.7,0,0,0,0,0,0,2.95
931,"Fast foods, caramel, sundae",100,196,6,2.9,16,170,45,0.39,0.03,2.2,0.58,0.58,0,31.81,0,0,5.98
932,"Pie fillings, canned, apple",100,100,0.1,,0,24,2,0,0.016,1.7,0.04,0.04,0.5,26.1,1,13.8,0.1
933,"Sauce, ready-to-serve, plum",100,184,1,0.2,0,43,2,0,0.078,0.5,0,0,0,42.81,0.7,0,1.04
934,"Ostrich, cooked, inside leg",100,141,1.9,0.7,73,0,0,6.36,0.555,0,0.22,0.22,0,0,0,0,1.94
935,"Gravy, mushroom, CAMPBELL'S",100,34,1.7,,8,0,0,0,0,0,0,0,0,5.08,0,1.69,1.69
936,"Snacks, smoked, beef sticks",100,550,50,21,133,250,13,1,0.205,6.8,0,0,0,5.4,0,0,49.6
937,"Cheese, whole milk, ricotta",100,174,13,8.3,51,445,120,0.34,0.043,0,0.11,0.11,1.1,3.04,0,0.27,12.98
938,SILK French Vanilla Creamer,100,133,6.7,,0,0,0,0,0,0,0,0,0,20,0,20,6.67
939,"Bread, canned, boston brown",100,195,1.5,0.3,1,87,25,0.01,0.082,0,0.32,0.32,2.5,43.3,4.7,2.42,1.5
940,"Cheese, queso blanco, white",100,310,24,14,70,555,157,1.75,0.086,0,0.47,0.47,1.6,2.53,0,1.76,24.31
941,"Cheese, queso fresco, fresh",100,299,24,13,69,806,224,1.68,0.076,0,0.37,0.37,1,2.98,0,2.32,23.82
942,"Beverages, powder, Lemonade",100,376,1.1,0.2,0,0,0,0,0.026,39.9,0.14,0.14,0,97.57,0.4,94.7,1.05
943,"Apricots, sweetened, frozen",100,98,0.1,,0,1680,84,0,0.06,9,0,0,0,25.1,2.2,0,0.1
944,"Muffins, toaster-type, corn",100,346,11,1.7,13,97,18,0.03,0.048,0,0,0,0,57.9,1.6,0,11.3
945,"Tomatoes, cooked, ripe, red",100,18,0.1,,0,489,24,0,0.079,22.8,0.56,0.56,2.8,4.01,0.7,2.49,0.11
946,"Squash, raw, baby, zucchini",100,21,0.4,0.1,0,490,25,0,0.142,34.1,0,0,0,3.11,1.1,0,0.4
947,HORMEL Canadian Style Bacon,100,122,4.9,1.8,49,0,0,0,0,1.4,0,0,0,1.87,0,1.43,4.94
948,"McDONALD'S, QUARTER POUNDER",100,244,12,4,39,56,0,1.28,0,0.9,0,0,0,22.17,1.6,5.13,11.55
949,"Brotwurst, link, beef, pork",100,323,28,9.9,63,0,0,2.05,0.13,0,0.27,0.27,0,2.98,0,2.98,27.8
950,"Pork, cooked, ground, fresh",100,297,21,7.7,94,8,2,0.54,0.391,0.7,0.21,0.21,0,0,0,0,20.77
951,"Sausage, raw, pork, Italian",100,346,31,11,76,0,0,0.91,0.3,2,0,0,0,0.65,0,0,31.33
952,Ham and cheese loaf or roll,100,241,19,7,58,0,0,0.81,0.26,0,0.27,0.27,0,4,0,0,18.7
953,"CRACKER BARREL, steak fries",100,255,13,2.4,0,0,0,0,0.236,0.9,1.34,1.34,32.1,30.87,3.5,0.86,13.18
954,"McDONALD'S, Sausage Burrito",100,277,16,6.4,137,0,0,0.74,0.102,0,0,0,0,22.97,1.2,2.57,15.63
955,"Candies, CHUNKY Bar, NESTLE",100,475,28,13,10,0,0,0,0,0,0,0,0,60,2.5,52.5,27.5
956,"Fish, raw, freshwater, drum",100,119,4.9,1.1,64,170,51,2,0.3,1,0,0,0,0,0,0,4.93
957,"Pate, canned, chicken liver",100,201,13,4,391,724,217,8.07,0.26,10,0.98,0.98,0,6.55,0,0,13.1
958,"BURGER KING, Chicken Strips",100,292,15,2.7,44,11,3,0.15,0.402,1.1,3.93,3.93,6.3,20.49,1.3,0,15.25
959,"Pork, raw, salt pork, cured",100,748,81,29,86,0,0,0.29,0.08,0,0,0,0,0,0,0,80.5
960,"Cereals ready-to-eat, ALPEN",100,352,3.3,0.5,0,0,0,0.12,0.28,8.7,0.51,0.51,2.5,75.7,9.1,20,3.3
961,"Light ice cream, Creamsicle",100,165,3.1,1.8,8,324,93,0.36,0.038,13.8,0.09,0.09,0.3,32.75,0,18.46,3.08
962,"Toppings, marshmallow cream",100,322,0.3,0.1,0,1,0,0,0.002,0,0,0,0,79,0.1,46.8,0.3
963,"Fish, raw, Pacific, herring",100,195,14,3.3,77,106,32,10,0.45,0,0,0,0,0,0,0,13.88
964,"Sandwich spread, beef, pork",100,235,17,6,38,87,26,1.12,0.12,0,1.74,1.74,1.6,11.94,0.2,0,17.34
965,"Nuts, hazelnuts or filberts",100,628,61,4.5,0,20,1,0,0.563,6.3,15.03,15.03,14.2,16.7,9.7,4.34,60.75
966,"Babyfood, teething biscuits",100,392,4.2,1.2,7,116,28,0.07,0.111,9.1,1.1,1.1,0.5,76.4,1.4,12.65,4.2
967,"PACE, Organic Picante Sauce",100,25,0,,0,625,0,0,0,0,0,0,0,6.25,3.1,6.25,0
968,"Peppers, raw, yellow, sweet",100,27,0.2,,0,200,10,0,0.168,183.5,0,0,0,6.32,0.9,0,0.21
969,"Fish, raw, florida, pompano",100,164,9.5,3.5,50,132,40,1.3,0.2,0,0.18,0.18,0.1,0,0,0,9.47
970,"Potato salad, home-prepared",100,143,8.2,1.4,68,157,32,0,0.141,10,0,0,0,11.17,1.3,0,8.2
971,"GIRL SCOUTS, Chalet Cookies",100,478,19,6.4,0,0,0,0,0.02,0,0,0,0,72.3,1.5,35.4,19.1
972,"GIRL SCOUTS, Samoas Cookies",100,489,26,18,2,0,0,0,0.05,0,0,0,0,64.1,4.4,35.8,25.8
973,"Cheese, semisoft type, goat",100,364,30,21,79,1464,407,0.22,0.06,0,0.26,0.26,2.5,0.12,0,0.12,29.84
974,"Game meat, raw, ground, elk",100,172,8.8,3.5,66,0,0,2.13,0.336,0,0.28,0.28,0,0,0,0,8.82
975,"Candies, unsweetened, carob",100,540,31,29,1,10,1,0.28,0.13,0.5,1.57,1.57,7.7,56.29,3.8,34.11,31.36
976,"Babyfood, toddler, potatoes",100,52,0.1,,0,0,0,0,0.07,10.5,0.02,0.02,0.2,11.73,0.9,0.91,0.1
977,"Veal, cooked, seam fat only",100,505,50,16,82,0,0,1.62,0.203,0,0.52,0.52,2.4,2.11,0,0,50.17
978,"Sauce, ready-to-serve, duck",100,245,0.1,0.1,0,168,8,0,0.032,0.9,0.2,0.2,0.3,60.61,0.6,30.54,0.13
979,"Corn dogs, prepared, frozen",100,250,12,3.5,44,166,48,0.48,0.117,0.5,0.6,0.6,5.8,26.96,1,7.54,12.02
980,"Seeds, paste, sesame butter",100,586,51,7.1,0,50,3,0,0.816,0,0,0,0,24.05,5.5,0,50.87
981,"Noodles, enriched, dry, egg",100,384,4.4,1.2,84,62,17,0.29,0.216,0,0.37,0.37,0.5,71.27,3.3,1.88,4.44
982,"Persimmons, dried, japanese",100,274,0.6,,0,767,38,0,0,0,0,0,0,73.43,14.5,0,0.59
983,"Carrots, unprepared, frozen",100,36,0.5,,0,14210,710,0,0.095,2.5,0.57,0.57,17.6,7.9,3.3,4.76,0.46
984,"Carambola, raw, (starfruit)",100,31,0.3,,0,61,3,0,0.017,34.4,0.15,0.15,0,6.73,2.8,3.98,0.33
985,"Fast foods, chicken tenders",100,271,14,2.5,48,11,3,0.16,0.426,1.1,3.17,3.17,8,17.25,1.2,0.4,13.95
986,"Beans, home prepared, baked",100,155,5.2,1.9,5,0,0,0,0.09,1.1,0,0,0,21.63,5.5,0,5.15
987,"Cream, half and half, fluid",100,123,10,7,35,354,97,0.19,0.05,0.9,0.25,0.25,1.3,4.73,0,4.13,10.39
988,"SILK Light Vanilla, soymilk",100,33,0.8,,0,206,0,1.23,0,0,0,0,0,4.12,0.4,2.88,0.82
989,"Turnips, unprepared, frozen",100,16,0.2,,0,26,1,0,0.048,4.4,0,0,0,2.94,1.8,0,0.16
990,"PACE, Cilantro Chunky Salsa",100,25,0,,0,313,0,0,0,0,0,0,0,6.25,3.1,6.25,0
991,"PACE, Chipotle Chunky Salsa",100,25,0,,0,625,0,0,0,0,0,0,0,6.25,3.1,6.25,0
992,"Jams and preserves, apricot",100,242,0.2,,0,205,10,0,0.02,8.8,0.13,0.13,0,64.4,0.3,43.4,0.2
993,"Butter, with salt, whipped",100,718,78,45,225,2468,683,0.07,0.008,0,1.37,1.37,4.6,2.87,0,0.06,78.3
994,"Ham, cooked, smoked, honey",100,122,2.4,0.9,22,0,0,0.38,0.231,0.6,0,0,0,7.27,0,0,2.37
995,"Spaghetti, cooked, spinach",100,130,0.6,0.1,0,152,8,0,0.096,0,0,0,0,26.15,0,0,0.63
996,"Bockwurst, raw, veal, pork",100,301,26,10,93,256,15,0.86,0.378,3.2,0.38,0.38,70.2,2.95,1,1.33,25.87
997,"Guinea hen, raw, meat only",100,110,2.5,0.6,63,41,12,0.37,0.47,1.7,0,0,0,0,0,0,2.47
998,"Cookies, soft-type, raisin",100,401,14,3.5,2,5,2,0.03,0.052,0.4,2.22,2.22,3.9,68,1.2,47.56,13.6
999,"Squash, raw, acorn, winter",100,40,0.1,,0,367,18,0,0.154,11,0,0,0,10.42,1.5,0,0.1
