Month,Total Fossil Fuels Production,Nuclear Electric Power Production,Total Renewable Energy Production,Total Primary Energy Production,Primary Energy Imports,Primary Energy Exports,Primary Energy Net Imports,Primary Energy Stock Change and Other,Total Fossil Fuels Consumption,Nuclear Electric Power Consumption,Total Renewable Energy Consumption,Total Primary Energy Consumption
1973 January,4.932632,0.068103,0.403981,5.404715,1.17308,0.125781,1.047299,0.771858,6.747651,0.068103,0.403981,7.223873
1973 February,4.729582,0.064634,0.3609,5.155115,1.168005,0.120883,1.047122,0.390129,6.163095,0.064634,0.3609,6.592366
1973 March,4.946902,0.072494,0.400161,5.419556,1.309473,0.13995,1.169523,-0.06764,6.044647,0.072494,0.400161,6.521439
1973 April,4.716271,0.06407,0.38047,5.160812,1.085169,0.194185,0.890984,-0.110067,5.493184,0.06407,0.38047,5.941729
1973 May,4.956995,0.062111,0.392141,5.411246,1.162804,0.196775,0.966029,-0.305335,5.613551,0.062111,0.392141,6.07194
1973 June,4.716096,0.073968,0.377232,5.167296,1.129614,0.178871,0.950743,-0.315356,5.347479,0.073968,0.377232,5.802683
1973 July,4.748276,0.07589,0.367325,5.191492,1.216246,0.164134,1.052112,-0.291695,5.504556,0.07589,0.367325,5.951909
1973 August,5.041997,0.084883,0.353757,5.480638,1.297848,0.191049,1.106799,-0.39578,5.748879,0.084883,0.353757,6.191657
1973 September,4.731504,0.085724,0.307006,5.124234,1.226145,0.146492,1.079652,-0.430371,5.376782,0.085724,0.307006,5.773515
1973 October,4.998321,0.081971,0.323453,5.403745,1.315774,0.207655,1.108119,-0.337003,5.7653,0.081971,0.323453,6.174862
1973 November,4.810504,0.088773,0.337817,5.237093,1.321809,0.183453,1.138356,0.143584,6.08844,0.088773,0.337817,6.519033
1973 December,4.880197,0.087557,0.406694,5.374447,1.207179,0.183859,1.023319,0.489137,6.388515,0.087557,0.406694,6.886904
1974 January,4.961042,0.084855,0.437467,5.483364,1.083235,0.121461,0.961774,0.458905,6.378043,0.084855,0.437467,6.904043
1974 February,4.569843,0.090577,0.399942,5.060362,0.955624,0.164831,0.790793,0.463145,5.820458,0.090577,0.399942,6.3143
1974 March,4.881263,0.097966,0.423474,5.402702,1.064548,0.132223,0.932325,0.035739,5.845649,0.097966,0.423474,6.370767
1974 April,4.775157,0.079566,0.422323,5.277046,1.156477,0.186646,0.969831,-0.38581,5.355618,0.079566,0.422323,5.861066
1974 May,4.966595,0.073242,0.427657,5.467495,1.280713,0.217693,1.06302,-0.66603,5.359907,0.073242,0.427657,5.864485
1974 June,4.557055,0.079015,0.409281,5.045352,1.211565,0.225425,0.986139,-0.389243,5.150392,0.079015,0.409281,5.642248
1974 July,4.716243,0.113953,0.409719,5.239915,1.28033,0.200632,1.079698,-0.334259,5.458003,0.113953,0.409719,5.985353
1974 August,4.736135,0.137654,0.386101,5.259889,1.260397,0.19058,1.069817,-0.314204,5.488069,0.137654,0.386101,6.015502
1974 September,4.614156,0.12288,0.35391,5.090946,1.154422,0.169578,0.984844,-0.364592,5.230848,0.12288,0.35391,5.711198
1974 October,4.900053,0.121248,0.343703,5.365003,1.232624,0.246304,0.98632,-0.169305,5.713389,0.121248,0.343703,6.182018
1974 November,4.181238,0.122819,0.351633,4.65569,1.305091,0.225305,1.079786,0.50007,5.757535,0.122819,0.351633,6.235546
1974 December,4.435595,0.148309,0.376642,4.960546,1.31925,0.122687,1.196563,0.68555,6.314029,0.148309,0.376642,6.842659
1975 January,4.731639,0.153503,0.392756,5.277898,1.347568,0.162773,1.184795,0.593424,6.508066,0.153503,0.392756,7.056118
1975 February,4.381549,0.140232,0.368278,4.890059,1.108542,0.171418,0.937124,0.341812,5.658866,0.140232,0.368278,6.168996
1975 March,4.643579,0.163893,0.42349,5.230962,1.140333,0.199517,0.940816,0.211704,5.794307,0.163893,0.42349,6.383482
1975 April,4.533965,0.146773,0.405368,5.086106,0.97805,0.208831,0.76922,-0.057411,5.244039,0.146773,0.405368,5.797914
1975 May,4.644549,0.15158,0.421283,5.217412,1.040395,0.234229,0.806166,-0.531911,4.917011,0.15158,0.421283,5.491667
1975 June,4.553746,0.140348,0.411622,5.105715,1.033375,0.215488,0.817887,-0.487975,4.881923,0.140348,0.411622,5.435627
1975 July,4.396385,0.169294,0.398459,4.964138,1.168491,0.172327,0.996164,-0.291195,5.099561,0.169294,0.398459,5.669107
1975 August,4.518846,0.174883,0.36823,5.061959,1.226702,0.203021,1.023681,-0.341322,5.199413,0.174883,0.36823,5.744318
1975 September,4.486607,0.158543,0.341957,4.987107,1.275391,0.168853,1.106538,-0.595252,4.996158,0.158543,0.341957,5.498393
1975 October,4.700282,0.161078,0.368786,5.230146,1.235454,0.16808,1.067373,-0.388816,5.377048,0.161078,0.368786,5.908704
1975 November,4.461868,0.155988,0.383196,5.001053,1.215872,0.238836,0.977036,-0.127678,5.309492,0.155988,0.383196,5.850411
1975 December,4.643518,0.183682,0.403696,5.230896,1.262216,0.179878,1.082337,0.613458,6.337521,0.183682,0.403696,6.926691
1976 January,4.59452,0.177844,0.421775,5.19414,1.3127,0.133918,1.178782,0.939402,6.710216,0.177844,0.421775,7.312324
1976 February,4.416439,0.158824,0.396173,4.971436,1.229336,0.130286,1.09905,0.322967,5.836128,0.158824,0.396173,6.393452
1976 March,4.753379,0.15458,0.427044,5.335003,1.305794,0.148215,1.157579,-0.100949,5.807521,0.15458,0.427044,6.391633
1976 April,4.543052,0.121316,0.396931,5.061299,1.253496,0.203014,1.050483,-0.256462,5.334664,0.121316,0.396931,5.855319
1976 May,4.622377,0.131784,0.415728,5.169888,1.236985,0.193529,1.043456,-0.420022,5.243322,0.131784,0.415728,5.793322
1976 June,4.575462,0.174072,0.411555,5.16109,1.399163,0.222274,1.176889,-0.513435,5.236508,0.174072,0.411555,5.824544
1976 July,4.313708,0.195628,0.421425,4.930762,1.511982,0.1835,1.328482,-0.234563,5.40514,0.195628,0.421425,6.024682
1976 August,4.487455,0.202851,0.398129,5.088436,1.429463,0.164321,1.265142,-0.382852,5.367256,0.202851,0.398129,5.970726
1976 September,4.530889,0.191006,0.356984,5.07888,1.476783,0.197788,1.278995,-0.618356,5.18912,0.191006,0.356984,5.739519
1976 October,4.600868,0.191723,0.369186,5.161777,1.467472,0.200412,1.267061,-0.18424,5.681201,0.191723,0.369186,6.244598
1976 November,4.547319,0.178235,0.351386,5.07694,1.508602,0.214592,1.29401,0.358976,6.197897,0.178235,0.351386,6.729925
1976 December,4.698756,0.233256,0.360834,5.292846,1.628283,0.179839,1.448444,0.917189,7.0619,0.233256,0.360834,7.658479
1977 January,4.316486,0.238556,0.378521,4.933563,1.710226,0.100279,1.609947,1.308942,7.230327,0.238556,0.378521,7.852451
1977 February,4.252271,0.211078,0.304328,4.767677,1.738127,0.127518,1.610609,0.276578,6.134899,0.211078,0.304328,6.654863
1977 March,4.888075,0.222619,0.368966,5.479659,1.809005,0.136544,1.672461,-0.578259,5.97723,0.222619,0.368966,6.573861
1977 April,4.597192,0.213943,0.351301,5.162437,1.623215,0.195647,1.427568,-0.6107,5.409177,0.213943,0.351301,5.979305
1977 May,4.72232,0.221834,0.356923,5.301077,1.647862,0.210991,1.436871,-0.740491,5.413653,0.221834,0.356923,5.997456
1977 June,4.645165,0.23172,0.336485,5.213369,1.653446,0.208999,1.444448,-0.571927,5.512801,0.23172,0.336485,6.08589
1977 July,4.417123,0.235032,0.336903,4.989057,1.732038,0.195242,1.536797,-0.330069,5.618804,0.235032,0.336903,6.195785
1977 August,4.607554,0.244991,0.335881,5.188426,1.642039,0.165718,1.47632,-0.364124,5.714704,0.244991,0.335881,6.300623
1977 September,4.803085,0.211395,0.328075,5.342555,1.593901,0.192805,1.401096,-0.663427,5.535869,0.211395,0.328075,6.080223
1977 October,4.8703,0.205053,0.341368,5.416721,1.619758,0.186155,1.433603,-0.577906,5.72095,0.205053,0.341368,6.272418
1977 November,4.821366,0.209548,0.370168,5.401081,1.525978,0.171202,1.354776,-0.270563,5.900695,0.209548,0.370168,6.485295
1977 December,4.12168,0.255994,0.400048,4.777722,1.652535,0.16079,1.491745,1.17278,6.781158,0.255994,0.400048,7.442248
1978 January,3.91598,0.282638,0.438983,4.637601,1.609273,0.076735,1.532539,1.551345,6.994146,0.282638,0.438983,7.721485
1978 February,3.676065,0.238869,0.391866,4.3068,1.42092,0.056798,1.364122,1.381459,6.416481,0.238869,0.391866,7.052381
1978 March,4.352372,0.245611,0.433459,5.031442,1.646151,0.064605,1.581546,0.352515,6.280715,0.245611,0.433459,6.965503
1978 April,4.705855,0.192342,0.434379,5.332575,1.466543,0.132187,1.334356,-0.497,5.537677,0.192342,0.434379,6.169931
1978 May,4.959267,0.223373,0.475883,5.658523,1.479371,0.181963,1.297408,-0.617937,5.63302,0.223373,0.475883,6.337994
1978 June,4.7963,0.242728,0.432628,5.471656,1.512571,0.21968,1.292891,-0.614643,5.469015,0.242728,0.432628,6.149904
1978 July,4.632517,0.273603,0.431461,5.337581,1.600652,0.160129,1.440523,-0.437914,5.629409,0.273603,0.431461,6.34019
1978 August,4.841779,0.280082,0.408417,5.530277,1.601528,0.176105,1.425422,-0.459619,5.801865,0.280082,0.408417,6.496081
1978 September,4.564316,0.242769,0.392287,5.199372,1.682186,0.183946,1.49824,-0.61006,5.446963,0.242769,0.392287,6.087552
1978 October,4.959112,0.251605,0.379436,5.590153,1.616595,0.222759,1.393835,-0.558751,5.788479,0.251605,0.379436,6.425237
1978 November,4.85622,0.272438,0.379078,5.507736,1.666014,0.236659,1.429356,-0.251623,6.02842,0.272438,0.379078,6.685469
1978 December,4.770957,0.278067,0.407564,5.456588,1.804366,0.208871,1.595495,0.422408,6.783142,0.278067,0.407564,7.474491
1979 January,4.742426,0.302351,0.447796,5.492573,1.769279,0.174569,1.594709,1.004923,7.336166,0.302351,0.447796,8.092205
1979 February,4.408445,0.281883,0.390487,5.080815,1.515101,0.15928,1.355821,0.973569,6.732512,0.281883,0.390487,7.410205
1979 March,4.952546,0.264739,0.457799,5.675084,1.708567,0.241045,1.467522,0.007815,6.42199,0.264739,0.457799,7.150421
1979 April,4.770662,0.200369,0.445932,5.416962,1.50324,0.233873,1.269367,-0.398909,5.635417,0.200369,0.445932,6.28742
1979 May,4.977269,0.163455,0.48908,5.629804,1.587866,0.250145,1.337721,-0.620881,5.688216,0.163455,0.48908,6.346644
1979 June,4.847761,0.174776,0.441683,5.464221,1.581381,0.250673,1.330708,-0.651859,5.520908,0.174776,0.441683,6.14307
1979 July,4.524046,0.226552,0.424513,5.175111,1.669406,0.265735,1.40367,-0.302246,5.619578,0.226552,0.424513,6.276536
1979 August,4.98963,0.263316,0.40921,5.662156,1.674783,0.259451,1.415332,-0.584493,5.814576,0.263316,0.40921,6.492996
1979 September,4.717572,0.237204,0.378903,5.333679,1.52275,0.218586,1.304164,-0.584935,5.431098,0.237204,0.378903,6.052908
1979 October,5.178934,0.227745,0.397602,5.804281,1.694041,0.28248,1.411561,-0.672622,5.911981,0.227745,0.397602,6.54322
1979 November,4.94752,0.209477,0.41474,5.571737,1.551628,0.261386,1.290242,-0.182937,6.049123,0.209477,0.41474,6.679042
1979 December,4.89564,0.223959,0.425109,5.544708,1.681775,0.25789,1.423885,0.369039,6.682671,0.223959,0.425109,7.337632
1980 January,5.11377,0.215389,0.478943,5.808102,1.679961,0.225585,1.454376,0.302537,6.864636,0.215389,0.478943,7.565016
1980 February,4.804588,0.210277,0.424298,5.439163,1.458972,0.208653,1.250319,0.433663,6.482913,0.210277,0.424298,7.123145
1980 March,5.14794,0.218584,0.469134,5.835658,1.461064,0.262475,1.198588,-0.012339,6.328141,0.218584,0.469134,7.021907
1980 April,4.909243,0.205,0.477356,5.591598,1.32502,0.285794,1.039226,-0.472372,5.470245,0.205,0.477356,6.158453
1980 May,5.010862,0.200541,0.517456,5.728859,1.266758,0.343299,0.923459,-0.644948,5.283326,0.200541,0.517456,6.00737
1980 June,4.833075,0.199859,0.497768,5.530702,1.27309,0.358751,0.914339,-0.572578,5.168984,0.199859,0.497768,5.872463
1980 July,4.687391,0.229329,0.471331,5.388052,1.195105,0.322017,0.873088,-0.125692,5.42874,0.229329,0.471331,6.135448
1980 August,4.782434,0.265424,0.429358,5.477215,1.18835,0.311891,0.876459,-0.290075,5.36277,0.265424,0.429358,6.063599
1980 September,4.775533,0.257127,0.401712,5.434372,1.154368,0.329056,0.825311,-0.289239,5.305752,0.257127,0.401712,5.970443
1980 October,4.962184,0.267351,0.402564,5.632099,1.233094,0.369312,0.863782,-0.179291,5.640628,0.267351,0.402564,6.31659
1980 November,4.828384,0.228892,0.409876,5.467152,1.212647,0.34119,0.871458,0.081628,5.775618,0.228892,0.409876,6.420238
1980 December,5.124584,0.241396,0.448546,5.814526,1.3478,0.33675,1.01105,0.538219,6.667805,0.241396,0.448546,7.363795
1981 January,4.933286,0.26228,0.462381,5.657948,1.327837,0.260909,1.066928,0.914377,6.904959,0.26228,0.462381,7.639252
1981 February,4.710872,0.238196,0.427043,5.37611,1.193052,0.276662,0.916391,0.192008,5.810571,0.238196,0.427043,6.484509
1981 March,5.201903,0.242709,0.443808,5.88842,1.173761,0.369183,0.804578,-0.086788,5.910062,0.242709,0.443808,6.60621
1981 April,4.135199,0.227726,0.43802,4.800945,1.066492,0.324137,0.742355,0.331906,5.20014,0.227726,0.43802,5.875206
1981 May,4.245212,0.217546,0.480423,4.943181,1.112558,0.273023,0.839534,0.156835,5.231949,0.217546,0.480423,5.93955
1981 June,4.672515,0.233457,0.496995,5.402967,1.022351,0.245397,0.776954,-0.184218,5.255929,0.233457,0.496995,5.995702
1981 July,5.007101,0.254569,0.491304,5.752973,1.121443,0.392644,0.728799,-0.273337,5.452931,0.254569,0.491304,6.208435
1981 August,5.177108,0.297219,0.454028,5.928355,1.113573,0.41954,0.694033,-0.509471,5.352038,0.297219,0.454028,6.112916
1981 September,5.06372,0.269115,0.40722,5.740055,1.183724,0.410856,0.772868,-0.692172,5.135095,0.269115,0.40722,5.820751
1981 October,5.254067,0.226731,0.416966,5.897764,1.160414,0.465502,0.694912,-0.448601,5.490746,0.226731,0.416966,6.144075
1981 November,4.954065,0.251301,0.418476,5.623842,1.090669,0.439771,0.650898,-0.136429,5.459212,0.251301,0.418476,6.13831
1981 December,5.132915,0.286743,0.477024,5.896682,1.153155,0.429619,0.723536,0.468348,6.315167,0.286743,0.477024,7.088566
1982 January,4.918393,0.284331,0.51444,5.717164,1.06643,0.316441,0.749989,0.981013,6.640697,0.284331,0.51444,7.448166
1982 February,4.728817,0.223538,0.489624,5.441978,0.872937,0.373937,0.499,0.53027,5.750531,0.223538,0.489624,6.471248
1982 March,5.267363,0.251971,0.544724,6.064058,0.892758,0.440048,0.45271,0.027239,5.740713,0.251971,0.544724,6.544007
1982 April,4.87061,0.241222,0.517128,5.62896,0.83866,0.425018,0.413643,-0.002017,5.27593,0.241222,0.517128,6.040586
1982 May,4.856617,0.239606,0.525795,5.622018,0.940268,0.417923,0.522345,-0.541984,4.829676,0.239606,0.525795,5.602379
1982 June,4.760056,0.26604,0.518974,5.54507,0.992314,0.414798,0.577516,-0.549912,4.78391,0.26604,0.518974,5.572673
1982 July,4.590146,0.281997,0.519267,5.39141,1.133264,0.383841,0.749423,-0.304981,5.028317,0.281997,0.519267,5.835852
1982 August,4.8292,0.276671,0.483203,5.589074,1.01679,0.356374,0.660416,-0.430863,5.047842,0.276671,0.483203,5.818627
1982 September,4.613666,0.281149,0.433748,5.328563,1.017597,0.374181,0.643417,-0.422708,4.823564,0.281149,0.433748,5.549273
1982 October,4.764703,0.257422,0.439874,5.461999,1.041527,0.436056,0.605471,-0.340962,5.017757,0.257422,0.439874,5.726507
1982 November,4.580885,0.257281,0.46993,5.308096,1.100767,0.348893,0.751875,-0.081028,5.241011,0.257281,0.46993,5.978943
1982 December,4.635404,0.269921,0.52293,5.428255,0.947767,0.320089,0.627678,0.402519,5.655954,0.269921,0.52293,6.458452
1983 January,4.702314,0.273422,0.562279,5.538015,0.921274,0.299176,0.622098,0.74739,6.062504,0.273422,0.562279,6.907502
1983 February,4.289048,0.242067,0.523276,5.05439,0.710558,0.262163,0.448395,0.562861,5.290891,0.242067,0.523276,6.065647
1983 March,4.665589,0.260523,0.572853,5.498964,0.76137,0.316061,0.445309,0.487597,5.58921,0.260523,0.572853,6.431871
1983 April,4.434922,0.243561,0.561458,5.23994,0.908755,0.310203,0.598553,0.031185,5.055553,0.243561,0.561458,5.869679
1983 May,4.490949,0.240465,0.581741,5.313155,0.98575,0.343613,0.642137,-0.262568,4.862973,0.240465,0.581741,5.692724
1983 June,4.370639,0.263376,0.569493,5.203508,0.996939,0.331364,0.665575,-0.191096,4.836114,0.263376,0.569493,5.677988
1983 July,4.325726,0.279191,0.550993,5.155909,1.101022,0.271255,0.829766,-0.044353,5.100754,0.279191,0.550993,5.941322
1983 August,4.710642,0.285725,0.528288,5.524655,1.174792,0.34676,0.828032,-0.224057,5.303409,0.285725,0.528288,6.128631
1983 September,4.546845,0.272705,0.476173,5.295724,1.146221,0.322919,0.823301,-0.419217,4.938737,0.272705,0.476173,5.699808
1983 October,4.699021,0.281314,0.474251,5.454585,1.024738,0.323607,0.70113,-0.454264,4.933914,0.281314,0.474251,5.701452
1983 November,4.57485,0.272735,0.507035,5.354621,0.996576,0.277961,0.718614,-0.137634,5.145302,0.272735,0.507035,5.935601
1983 December,4.557628,0.287465,0.587773,5.432865,1.023809,0.287847,0.735962,0.69453,5.977512,0.287465,0.587773,6.863357
1984 January,4.974302,0.317844,0.570081,5.862227,1.078119,0.244738,0.833381,0.958467,6.755532,0.317844,0.570081,7.654075
1984 February,4.770232,0.308326,0.535239,5.613797,1.030642,0.217414,0.813228,0.196071,5.770207,0.308326,0.535239,6.623097
1984 March,5.060365,0.296499,0.57904,5.935904,1.026372,0.313676,0.712695,0.210073,5.973514,0.296499,0.57904,6.858673
1984 April,4.813677,0.262738,0.566019,5.642434,1.013233,0.324792,0.688441,-0.060419,5.431746,0.262738,0.566019,6.270456
1984 May,5.066725,0.280471,0.593504,5.940699,1.146603,0.363003,0.783599,-0.553537,5.286097,0.280471,0.593504,6.170762
1984 June,4.841043,0.274321,0.553321,5.668685,1.017653,0.364921,0.652732,-0.294932,5.188581,0.274321,0.553321,6.026485
1984 July,4.924416,0.306687,0.547618,5.778721,1.039496,0.324437,0.715059,-0.338267,5.288875,0.306687,0.547618,6.155513
1984 August,5.242373,0.319793,0.524053,6.086219,0.973125,0.357832,0.615294,-0.378398,5.46417,0.319793,0.524053,6.323114
1984 September,4.889833,0.316027,0.47091,5.67677,0.979169,0.353487,0.625682,-0.541275,4.961915,0.316027,0.47091,5.761176
1984 October,4.800286,0.268621,0.47962,5.548527,1.113921,0.293857,0.820063,-0.407618,5.19925,0.268621,0.47962,5.960973
1984 November,4.636625,0.266462,0.48611,5.389197,1.062052,0.268968,0.793083,-0.081487,5.337341,0.266462,0.48611,6.100793
1984 December,4.789315,0.334742,0.532347,5.656405,0.990343,0.359021,0.631322,0.378709,5.788606,0.334742,0.532347,6.666436
1985 January,4.868823,0.384371,0.555205,5.808399,0.90482,0.303303,0.601517,0.967338,6.42789,0.384371,0.555205,7.377254
1985 February,4.573561,0.32729,0.511838,5.412689,0.73896,0.30413,0.43483,1.032745,6.03303,0.32729,0.511838,6.880264
1985 March,4.985737,0.32972,0.525002,5.840459,0.938271,0.311093,0.627179,0.109915,5.710393,0.32972,0.525002,6.577553
1985 April,4.80526,0.28104,0.512937,5.599237,1.009283,0.32678,0.682503,-0.17561,5.302405,0.28104,0.512937,6.10613
1985 May,4.906735,0.304823,0.542968,5.754526,1.120084,0.378169,0.741914,-0.491088,5.146409,0.304823,0.542968,6.005352
1985 June,4.670048,0.32755,0.50733,5.504928,0.932317,0.337928,0.594389,-0.218837,5.033449,0.32755,0.50733,5.88048
1985 July,4.656111,0.373727,0.489577,5.519414,0.962098,0.324699,0.6374,0.030629,5.309635,0.373727,0.489577,6.187443
1985 August,4.85715,0.369775,0.475912,5.702836,0.924128,0.416556,0.507572,0.046579,5.395869,0.369775,0.475912,6.256987
1985 September,4.673938,0.366541,0.454274,5.494752,0.937626,0.362598,0.575029,-0.310781,4.925617,0.366541,0.454274,5.759
1985 October,4.929382,0.331461,0.475406,5.736249,1.003525,0.362454,0.641071,-0.351075,5.207793,0.331461,0.475406,6.026246
1985 November,4.63135,0.320428,0.499606,5.451384,1.145918,0.403539,0.742379,-0.134645,5.228088,0.320428,0.499606,6.059118
1985 December,4.943628,0.358837,0.53396,5.836425,1.163543,0.36493,0.798614,0.584066,6.315121,0.358837,0.53396,7.219105
1986 January,5.143178,0.383159,0.486064,6.012402,1.118689,0.31788,0.800809,0.582336,6.514033,0.383159,0.486064,7.395548
1986 February,4.634737,0.346156,0.479122,5.460015,0.850971,0.285113,0.565858,0.594526,5.785886,0.346156,0.479122,6.620399
1986 March,4.965916,0.325549,0.558538,5.850002,0.918255,0.305316,0.612939,0.313024,5.883728,0.325549,0.558538,6.775964
1986 April,4.664471,0.322413,0.539897,5.526781,1.007339,0.376285,0.631055,-0.048284,5.239137,0.322413,0.539897,6.109551
1986 May,4.70561,0.337725,0.545072,5.588407,1.219801,0.362502,0.8573,-0.346323,5.206938,0.337725,0.545072,6.099383
1986 June,4.537852,0.331481,0.527412,5.396746,1.255401,0.313467,0.941933,-0.322853,5.147695,0.331481,0.527412,6.015826
1986 July,4.536041,0.379718,0.513292,5.429051,1.314651,0.336621,0.97803,-0.052872,5.451039,0.379718,0.513292,6.354208
1986 August,4.667907,0.396534,0.482847,5.547289,1.360371,0.372569,0.987802,-0.31139,5.331362,0.396534,0.482847,6.223701
1986 September,4.511383,0.387113,0.472114,5.37061,1.309332,0.34579,0.963542,-0.515514,4.947904,0.387113,0.472114,5.818638
1986 October,4.768518,0.383103,0.482113,5.633734,1.243122,0.348583,0.894539,-0.488362,5.164399,0.383103,0.482113,6.039911
1986 November,4.591745,0.369674,0.492321,5.45374,1.239755,0.32966,0.910095,-0.24457,5.247547,0.369674,0.492321,6.119265
1986 December,4.811648,0.417484,0.532346,5.761479,1.313714,0.327693,0.986021,0.279762,6.066258,0.417484,0.532346,7.027262
1987 January,4.931783,0.417417,0.521265,5.870465,1.262434,0.279001,0.983433,0.618435,6.520368,0.417417,0.521265,7.472334
1987 February,4.528326,0.382159,0.452878,5.363363,1.07584,0.288662,0.787178,0.578527,5.879311,0.382159,0.452878,6.729068
1987 March,4.875851,0.389382,0.498782,5.764016,1.147062,0.309288,0.837773,0.165247,5.863944,0.389382,0.498782,6.767036
1987 April,4.617703,0.349992,0.477656,5.445351,1.12268,0.321842,0.800839,0.067679,5.470761,0.349992,0.477656,6.313868
1987 May,4.619925,0.358374,0.509032,5.487331,1.173728,0.298087,0.875641,-0.163716,5.319684,0.358374,0.509032,6.199256
1987 June,4.635733,0.38176,0.466873,5.484367,1.259103,0.317274,0.94183,-0.145975,5.417632,0.38176,0.466873,6.280222
1987 July,4.543756,0.41826,0.467691,5.429708,1.455012,0.304889,1.150123,0.046828,5.724864,0.41826,0.467691,6.626659
1987 August,4.798734,0.431801,0.448986,5.679521,1.44313,0.331515,1.111615,-0.276581,5.618573,0.431801,0.448986,6.514555
1987 September,4.721206,0.414191,0.437201,5.572598,1.345792,0.321435,1.024357,-0.473074,5.26135,0.414191,0.437201,6.123881
1987 October,4.997007,0.381045,0.442655,5.820707,1.386298,0.29986,1.086438,-0.544376,5.527906,0.381045,0.442655,6.362769
1987 November,4.846465,0.390924,0.423208,5.660598,1.360877,0.327548,1.033329,-0.35187,5.517998,0.390924,0.423208,6.342057
1987 December,5.014152,0.438627,0.47558,5.92836,1.366267,0.412549,0.953718,0.3953,6.352849,0.438627,0.47558,7.277377
1988 January,4.950223,0.473469,0.495132,5.918824,1.451051,0.284978,1.166073,0.715419,6.820914,0.473469,0.495132,7.800316
1988 February,4.752379,0.447892,0.446663,5.646934,1.357434,0.272704,1.08473,0.576522,6.402514,0.447892,0.446663,7.308187
1988 March,5.086477,0.465555,0.469098,6.021131,1.387994,0.347037,1.040957,0.234659,6.351358,0.465555,0.469098,7.296746
1988 April,4.695146,0.424786,0.455993,5.575924,1.381018,0.361577,1.019441,-0.145559,5.560392,0.424786,0.455993,6.449806
1988 May,4.744347,0.430975,0.486212,5.661535,1.461137,0.36761,1.093527,-0.364226,5.466201,0.430975,0.486212,6.390836
1988 June,4.660775,0.467326,0.453891,5.581993,1.382768,0.388899,0.993869,-0.068124,5.577641,0.467326,0.453891,6.507738
1988 July,4.550257,0.528281,0.442602,5.52114,1.442954,0.376724,1.066231,0.158659,5.763547,0.528281,0.442602,6.74603
1988 August,4.994209,0.519872,0.437214,5.951295,1.451522,0.402504,1.049017,-0.012135,6.018489,0.519872,0.437214,6.988178
1988 September,4.720908,0.49056,0.426312,5.63778,1.42076,0.393352,1.027408,-0.324311,5.415734,0.49056,0.426312,6.340877
1988 October,4.865084,0.451551,0.422602,5.739237,1.540071,0.378123,1.161948,-0.314478,5.704981,0.451551,0.422602,6.586707
1988 November,4.884987,0.419662,0.448903,5.753552,1.481504,0.357231,1.124273,-0.1736,5.829882,0.419662,0.448903,6.704226
1988 December,4.941064,0.467038,0.472132,5.880234,1.537717,0.435713,1.102003,0.558122,6.596231,0.467038,0.472132,7.54036
1989 January,4.999261,0.490288,0.509148,5.998696,1.627406,0.3138,1.313606,0.326454,6.634584,0.490288,0.509148,7.638756
1989 February,4.541252,0.409824,0.461436,5.412511,1.434034,0.331006,1.103028,0.714072,6.352085,0.409824,0.461436,7.229611
1989 March,5.054078,0.419471,0.532717,6.006266,1.47982,0.393816,1.086004,0.448911,6.586898,0.419471,0.532717,7.541181
1989 April,4.706294,0.354476,0.530099,5.590869,1.543229,0.397376,1.145853,-0.076298,5.772522,0.354476,0.530099,6.660424
1989 May,4.894828,0.405739,0.562702,5.863269,1.539957,0.412071,1.127886,-0.355764,5.66289,0.405739,0.562702,6.635392
1989 June,4.649672,0.454815,0.546138,5.650625,1.520105,0.436451,1.083654,-0.040453,5.687456,0.454815,0.546138,6.693826
1989 July,4.433687,0.553819,0.525099,5.512605,1.643288,0.319511,1.323777,0.019681,5.769796,0.553819,0.525099,6.856063
1989 August,4.975478,0.581511,0.513156,6.070146,1.678367,0.40208,1.276287,-0.318252,5.927662,0.581511,0.513156,7.028181
1989 September,4.718105,0.474507,0.487951,5.680563,1.536456,0.382094,1.154362,-0.353947,5.515428,0.474507,0.487951,6.480979
1989 October,4.921508,0.460972,0.511061,5.89354,1.637013,0.408364,1.228649,-0.331554,5.818518,0.460972,0.511061,6.790635
1989 November,4.890853,0.459296,0.521326,5.871475,1.595702,0.444459,1.151243,-0.082413,5.962743,0.459296,0.521326,6.940305
1989 December,4.662688,0.537442,0.533842,5.733972,1.53092,0.41987,1.11105,1.400438,7.175947,0.537442,0.533842,8.24546
1990 January,5.179279,0.583273,0.511273,6.273824,1.814349,0.344036,1.470313,0.065094,6.71583,0.583273,0.511273,7.809232
1990 February,4.657415,0.528705,0.508362,5.694481,1.502284,0.312469,1.189816,0.119414,5.970118,0.528705,0.508362,7.003711
1990 March,5.088291,0.487694,0.567936,6.143921,1.575624,0.405798,1.169826,-0.008481,6.25336,0.487694,0.567936,7.305266
1990 April,4.765123,0.407576,0.530432,5.703131,1.51224,0.370383,1.141857,-0.077158,5.83131,0.407576,0.530432,6.76783
1990 May,4.890589,0.454445,0.525675,5.87071,1.735659,0.395314,1.340345,-0.465019,5.766968,0.454445,0.525675,6.746036
1990 June,4.715347,0.490288,0.503364,5.709,1.669248,0.398404,1.270844,-0.223801,5.763212,0.490288,0.503364,6.756044
1990 July,4.697539,0.567668,0.499497,5.764705,1.780529,0.376414,1.404115,-0.136588,5.961692,0.567668,0.499497,7.032232
1990 August,4.997071,0.590033,0.497457,6.084561,1.698821,0.427652,1.271169,-0.076565,6.188925,0.590033,0.497457,7.279164
1990 September,4.686923,0.513067,0.447351,5.647341,1.429787,0.429923,0.999864,-0.033839,5.650824,0.513067,0.447351,6.613366
1990 October,5.150339,0.459207,0.460201,6.069747,1.380127,0.411267,0.96886,-0.231607,5.882538,0.459207,0.460201,6.807
1990 November,4.927586,0.476554,0.459567,5.863706,1.382103,0.452523,0.929581,-0.02159,5.832145,0.476554,0.459567,6.771697
1990 December,4.767685,0.545839,0.528928,5.842452,1.336487,0.428301,0.908186,0.791643,6.464655,0.545839,0.528928,7.542281
1991 January,5.071747,0.570005,0.569478,6.21123,1.471087,0.390709,1.080379,0.782312,6.931248,0.570005,0.569478,8.073921
1991 February,4.680405,0.501792,0.465118,5.647315,1.286755,0.459208,0.827547,0.387292,5.892879,0.501792,0.465118,6.862154
1991 March,4.988368,0.514987,0.51911,6.022465,1.37714,0.390163,0.986977,0.12972,6.101053,0.514987,0.51911,7.139161
1991 April,4.729014,0.43646,0.492914,5.658388,1.464692,0.321809,1.142883,-0.264742,5.602625,0.43646,0.492914,6.536529
1991 May,4.763018,0.490175,0.540591,5.793784,1.7076,0.480037,1.227563,-0.366601,5.618474,0.490175,0.540591,6.654746
1991 June,4.560109,0.568322,0.51364,5.642071,1.600869,0.414046,1.186823,-0.130927,5.612394,0.568322,0.51364,6.697966
1991 July,4.691643,0.636742,0.499537,5.827921,1.570141,0.448328,1.121813,0.149042,5.955334,0.636742,0.499537,7.098775
1991 August,4.89135,0.613027,0.512231,6.016608,1.725884,0.442335,1.283548,-0.187715,5.978671,0.613027,0.512231,7.112442
1991 September,4.684678,0.543843,0.491724,5.720245,1.5365,0.426834,1.109667,-0.172234,5.614724,0.543843,0.491724,6.657677
1991 October,5.059727,0.49959,0.467137,6.026454,1.533753,0.424921,1.108832,-0.276703,5.883668,0.49959,0.467137,6.858583
1991 November,4.824607,0.485359,0.467744,5.777709,1.527844,0.457316,1.070529,0.158015,6.046869,0.485359,0.467744,7.006253
1991 December,4.886484,0.561832,0.528582,5.976898,1.532556,0.485261,1.047295,0.659082,6.586641,0.561832,0.528582,7.683275
1992 January,5.064879,0.605734,0.535607,6.206219,1.590406,0.448024,1.142381,0.634758,6.835561,0.605734,0.535607,7.983359
1992 February,4.652962,0.552907,0.449195,5.655065,1.356391,0.362809,0.993582,0.594618,6.234612,0.552907,0.449195,7.243264
1992 March,4.904112,0.479942,0.482785,5.866839,1.483558,0.407686,1.075872,0.405894,6.381501,0.479942,0.482785,7.348605
1992 April,4.74219,0.442584,0.445956,5.63073,1.621017,0.408689,1.212328,-0.001359,5.94784,0.442584,0.445956,6.841699
1992 May,4.759585,0.477764,0.45524,5.692589,1.620481,0.42779,1.192691,-0.187164,5.75883,0.477764,0.45524,6.698116
1992 June,4.666411,0.535959,0.497883,5.700253,1.588682,0.418893,1.169789,-0.15483,5.675539,0.535959,0.497883,6.715212
1992 July,4.772195,0.586886,0.486979,5.84606,1.740163,0.436025,1.304138,0.009631,6.076354,0.586886,0.486979,7.159829
1992 August,4.768049,0.614183,0.491443,5.873675,1.700604,0.361507,1.339097,-0.18354,5.915606,0.614183,0.491443,7.029232
1992 September,4.709341,0.533178,0.458264,5.700783,1.631103,0.411916,1.219187,-0.237799,5.682676,0.533178,0.458264,6.682171
1992 October,4.937301,0.510817,0.472681,5.920799,1.755176,0.377684,1.377492,-0.396662,5.908912,0.510817,0.472681,6.901629
1992 November,4.724958,0.531147,0.498632,5.754737,1.622571,0.421614,1.200957,0.122935,6.040422,0.531147,0.498632,7.078629
1992 December,4.912697,0.608106,0.545914,6.066717,1.662053,0.454305,1.207748,0.76997,6.881807,0.608106,0.545914,8.044434
1993 January,4.807679,0.620536,0.564645,5.99286,1.680292,0.389729,1.290564,0.623401,6.714885,0.620536,0.563875,7.906824
1993 February,4.417378,0.539056,0.477338,5.433772,1.522006,0.356372,1.165634,0.820386,6.395945,0.539056,0.47773,7.419792
1993 March,4.892433,0.489546,0.543315,5.925294,1.739272,0.337857,1.401415,0.484915,6.771593,0.489546,0.543537,7.811624
1993 April,4.609189,0.453758,0.527479,5.590426,1.757399,0.33444,1.422959,-0.110557,5.917162,0.453758,0.526705,6.902829
1993 May,4.552242,0.529053,0.537105,5.6184,1.769177,0.368658,1.40052,-0.373319,5.576916,0.529053,0.536102,6.645601
1993 June,4.60316,0.552722,0.50669,5.662572,1.764122,0.395983,1.36814,-0.187543,5.780633,0.552722,0.506208,6.843169
1993 July,4.444029,0.593499,0.491687,5.529215,1.904233,0.366057,1.538176,0.240358,6.214218,0.593499,0.491496,7.307749
1993 August,4.592797,0.590418,0.502293,5.685507,1.775181,0.313203,1.461978,0.185735,6.23037,0.590418,0.501478,7.33322
1993 September,4.587056,0.525081,0.461702,5.573839,1.73156,0.330493,1.401067,-0.159841,5.817883,0.525081,0.462236,6.815065
1993 October,4.767653,0.466738,0.468762,5.703153,1.913722,0.336807,1.576916,-0.297004,6.036419,0.466738,0.468918,6.983065
1993 November,4.69533,0.492243,0.482151,5.669725,1.819945,0.313287,1.506658,0.104186,6.294266,0.492243,0.483799,7.280569
1993 December,4.811324,0.557848,0.518768,5.88794,1.841424,0.383788,1.457635,0.672121,6.929841,0.557848,0.519576,8.017696
1994 January,4.725538,0.594162,0.546056,5.865757,1.721799,0.301016,1.420782,1.297963,7.431876,0.594162,0.546993,8.584502
1994 February,4.516633,0.520733,0.474599,5.511965,1.629586,0.268122,1.361464,0.868748,6.733204,0.520733,0.475202,7.742177
1994 March,5.139909,0.511829,0.530494,6.182232,1.813833,0.342258,1.471575,0.009653,6.605446,0.511829,0.530782,7.663461
1994 April,4.807947,0.451444,0.515827,5.775217,1.818279,0.29098,1.527299,-0.323337,6.000177,0.451444,0.516489,6.979179
1994 May,4.809569,0.507184,0.49455,5.811302,1.911308,0.315409,1.595899,-0.521044,5.872698,0.507184,0.494387,6.886157
1994 June,4.767774,0.540902,0.497434,5.80611,1.869233,0.364898,1.504335,-0.14846,6.111767,0.540902,0.496831,7.161985
1994 July,4.662735,0.61795,0.5383,5.818984,2.041825,0.323213,1.718611,-0.146952,6.220659,0.61795,0.537967,7.390644
1994 August,5.033069,0.628207,0.484336,6.145612,1.987285,0.354255,1.63303,-0.306169,6.345064,0.628207,0.484579,7.472473
1994 September,4.800529,0.581426,0.433627,5.815582,1.957682,0.35783,1.599853,-0.534198,5.857132,0.581426,0.430613,6.881237
1994 October,4.840115,0.529943,0.476303,5.846362,1.862735,0.352528,1.510206,-0.285952,6.05067,0.529943,0.477805,7.070616
1994 November,4.868054,0.577783,0.482932,5.92877,1.794387,0.355634,1.438752,-0.219386,6.07539,0.577783,0.482586,7.148136
1994 December,5.030171,0.632314,0.512713,6.175198,1.898721,0.409139,1.489581,0.339224,6.846502,0.632314,0.512938,8.004003
1995 January,4.95383,0.665531,0.516507,6.135868,1.73749,0.350851,1.386639,0.698373,7.028515,0.665531,0.515418,8.22088
1995 February,4.561374,0.544873,0.478624,5.584872,1.633285,0.337213,1.296072,0.714827,6.561758,0.544873,0.47766,7.595771
1995 March,5.021481,0.545102,0.55041,6.116993,1.931916,0.371297,1.560619,0.063568,6.633216,0.545102,0.550611,7.74118
1995 April,4.646312,0.518215,0.536529,5.701056,1.760335,0.375561,1.384774,0.019778,6.039398,0.518215,0.536248,7.105608
1995 May,4.808047,0.571444,0.533624,5.913115,1.847711,0.3813,1.466412,-0.228859,6.035281,0.571444,0.532012,7.150668
1995 June,4.708923,0.592394,0.560149,5.861466,1.931513,0.385814,1.545699,-0.175227,6.06616,0.592394,0.561172,7.231937
1995 July,4.68337,0.651824,0.60128,5.936475,1.868917,0.351448,1.517469,0.172089,6.361742,0.651824,0.600268,7.626033
1995 August,4.853799,0.64787,0.582286,6.083955,1.917884,0.359064,1.55882,0.274605,6.674332,0.64787,0.580333,7.917379
1995 September,4.766712,0.585133,0.499496,5.851342,1.987278,0.362921,1.624357,-0.340093,6.040399,0.585133,0.499538,7.135606
1995 October,4.872342,0.570461,0.558499,6.001303,1.838622,0.390446,1.448176,-0.225219,6.083335,0.570461,0.560889,7.22426
1995 November,4.826497,0.553807,0.55429,5.934594,1.862515,0.384029,1.478485,0.159267,6.451528,0.553807,0.559124,7.572346
1995 December,4.79371,0.628781,0.585646,6.008138,1.862149,0.445947,1.416202,0.986032,7.187681,0.628781,0.586128,8.410372
1996 January,4.791416,0.661075,0.606654,6.059145,1.988266,0.382039,1.606227,1.11126,7.499915,0.661075,0.607656,8.776632
1996 February,4.63798,0.587409,0.571306,5.796695,1.691399,0.367855,1.323543,0.9838,6.934096,0.587409,0.572905,8.104038
1996 March,4.978767,0.582642,0.627928,6.189337,1.925054,0.350848,1.574206,0.428224,6.969688,0.582642,0.628615,8.191767
1996 April,4.842086,0.528566,0.556072,5.926724,1.915001,0.373202,1.541799,-0.106645,6.266615,0.528566,0.556124,7.361878
1996 May,4.911048,0.584355,0.594909,6.090312,2.104389,0.371114,1.733275,-0.360497,6.272672,0.584355,0.59578,7.46309
1996 June,4.736299,0.603899,0.607621,5.947819,2.003971,0.380941,1.62303,-0.124808,6.221216,0.603899,0.608162,7.446041
1996 July,4.893643,0.640194,0.6101,6.143936,2.059825,0.389241,1.670584,-0.056693,6.492192,0.640194,0.610006,7.757828
1996 August,5.030173,0.645688,0.594881,6.270742,2.087835,0.375187,1.712648,-0.113921,6.611527,0.645688,0.594961,7.869469
1996 September,4.795487,0.573389,0.513262,5.882138,1.880212,0.417916,1.462296,-0.197201,6.048659,0.573389,0.512565,7.147233
1996 October,5.03176,0.531582,0.568747,6.132089,2.063822,0.41346,1.650362,-0.165079,6.507758,0.531582,0.567221,7.617372
1996 November,4.802522,0.54754,0.56131,5.911372,1.909379,0.401802,1.507577,0.376755,6.676654,0.54754,0.561216,7.795705
1996 December,4.886476,0.600336,0.598136,6.084948,2.004101,0.388943,1.615159,0.704737,7.198654,0.600336,0.597221,8.404844
1997 January,5.006932,0.618248,0.6298,6.25498,2.069048,0.390121,1.678927,0.889795,7.567747,0.618248,0.629127,8.823702
1997 February,4.651357,0.531601,0.563287,5.746246,1.825327,0.330234,1.495092,0.545694,6.685037,0.531601,0.56344,7.787032
1997 March,5.034904,0.529045,0.628991,6.19294,2.067558,0.36635,1.701208,0.090999,6.818842,0.529045,0.628717,7.985146
1997 April,4.810734,0.471001,0.60378,5.885515,2.043597,0.354531,1.689066,-0.051508,6.438344,0.471001,0.603648,7.523073
1997 May,5.057055,0.493552,0.642251,6.192857,2.231243,0.35721,1.874033,-0.590444,6.334819,0.493552,0.640222,7.476447
1997 June,4.753058,0.546683,0.607807,5.907547,2.152504,0.354161,1.798343,-0.239929,6.301964,0.546683,0.607079,7.465961
1997 July,4.901194,0.601853,0.611218,6.114265,2.096201,0.371342,1.724859,0.251829,6.864248,0.601853,0.611062,8.090954
1997 August,4.899501,0.641012,0.566988,6.107502,2.187522,0.434819,1.752703,0.049651,6.688172,0.641012,0.567068,7.909856
1997 September,4.906809,0.551839,0.513216,5.971863,2.133596,0.374964,1.758631,-0.317664,6.338503,0.551839,0.51247,7.412831
1997 October,5.046643,0.493021,0.581276,6.12094,2.248317,0.403295,1.845021,-0.288775,6.594252,0.493021,0.582313,7.677186
1997 November,4.699572,0.537176,0.526469,5.763217,2.058563,0.351987,1.706576,0.280021,6.676918,0.537176,0.526711,7.749814
1997 December,5.038524,0.581961,0.54177,6.162255,2.005764,0.404382,1.601382,0.84269,7.472125,0.581961,0.542307,8.606328
1998 January,5.202669,0.607312,0.591527,6.401509,2.162736,0.404923,1.757813,0.448116,7.403689,0.607312,0.591097,8.607437
1998 February,4.64164,0.535028,0.534596,5.711263,1.911604,0.314846,1.596759,0.336958,6.569874,0.535028,0.53521,7.64498
1998 March,5.132935,0.563483,0.585349,6.281766,2.114947,0.357569,1.757377,0.129496,7.012227,0.563483,0.5865,8.16864
1998 April,4.956706,0.498354,0.550089,6.005149,2.239636,0.368491,1.871144,-0.366189,6.454305,0.498354,0.548691,7.510104
1998 May,5.005234,0.540248,0.606598,6.15208,2.294969,0.395844,1.899125,-0.476702,6.421263,0.540248,0.605824,7.574503
1998 June,4.904914,0.584683,0.538497,6.028093,2.206581,0.366914,1.839667,-0.153003,6.585208,0.584683,0.537599,7.714757
1998 July,4.915663,0.645187,0.566004,6.126854,2.425219,0.362567,2.062652,0.086938,7.053682,0.645187,0.56574,8.276443
1998 August,4.958031,0.633331,0.537293,6.128655,2.329718,0.328791,2.000926,0.096105,7.040388,0.633331,0.537245,8.225686
1998 September,4.778397,0.600147,0.487115,5.865659,2.139946,0.341731,1.798215,-0.048794,6.519245,0.600147,0.486761,7.615079
1998 October,5.033568,0.602492,0.485982,6.122041,2.273754,0.347724,1.92603,-0.439212,6.514528,0.602492,0.486811,7.608859
1998 November,4.797821,0.601894,0.45609,5.855805,2.198832,0.302757,1.896075,-0.245998,6.445165,0.601894,0.455646,7.505881
1998 December,4.938343,0.655652,0.553643,6.147638,2.174578,0.344582,1.829996,0.491362,7.254417,0.655652,0.554219,8.468996
1999 January,4.867341,0.686455,0.596141,6.149937,2.230368,0.291152,1.939216,0.822705,7.627163,0.686455,0.595568,8.911858
1999 February,4.609765,0.600763,0.533209,5.743737,2.053818,0.239285,1.814532,0.250248,6.672181,0.600763,0.533105,7.808517
1999 March,5.018707,0.614858,0.564568,6.198134,2.269658,0.274649,1.995008,0.176366,7.188621,0.614858,0.563739,8.369508
1999 April,4.714329,0.507129,0.55166,5.773119,2.344189,0.342861,2.001328,-0.118802,6.590746,0.507129,0.549277,7.655644
1999 May,4.694461,0.585793,0.610259,5.890513,2.397598,0.291118,2.10648,-0.374705,6.418875,0.585793,0.608948,7.622287
1999 June,4.716691,0.651038,0.571957,5.939685,2.270249,0.30918,1.961069,-0.096642,6.571305,0.651038,0.573257,7.804112
1999 July,4.763469,0.698212,0.593688,6.055369,2.444238,0.31104,2.133198,0.179707,7.067383,0.698212,0.593643,8.368275
1999 August,4.856081,0.712091,0.547081,6.115254,2.36884,0.324306,2.044535,0.217118,7.108281,0.712091,0.546596,8.376907
1999 September,4.764465,0.636771,0.482169,5.883405,2.207964,0.298718,1.909246,-0.18156,6.479405,0.636771,0.481263,7.611091
1999 October,4.839475,0.578335,0.456721,5.874531,2.261398,0.334303,1.927095,-0.088142,6.666627,0.578335,0.457255,7.713484
1999 November,4.808766,0.632772,0.492909,5.934447,2.117997,0.311809,1.806189,-0.107289,6.494068,0.632772,0.49446,7.633346
1999 December,4.906244,0.706037,0.515281,6.127562,2.185265,0.340371,1.844894,0.698529,7.43838,0.706037,0.516689,8.670985
2000 January,4.780147,0.737981,0.505154,6.023281,2.202712,0.318532,1.884179,1.038043,7.692062,0.737981,0.505528,8.945504
2000 February,4.573548,0.669318,0.499963,5.742828,2.197317,0.262365,1.934952,0.724425,7.222425,0.669318,0.498999,8.402205
2000 March,5.071853,0.654279,0.55801,6.284142,2.358662,0.360495,1.998167,0.010993,7.071465,0.654279,0.558482,8.293302
2000 April,4.55188,0.607585,0.56853,5.727994,2.364967,0.303161,2.061805,-0.120092,6.486421,0.607585,0.567156,7.669707
2000 May,4.797348,0.667205,0.55873,6.023283,2.401082,0.319377,2.081705,-0.079212,6.789661,0.667205,0.558834,8.025775
2000 June,4.750776,0.701857,0.50912,5.961753,2.455863,0.316959,2.138904,-0.097827,6.783197,0.701857,0.507753,8.002829
2000 July,4.705909,0.719306,0.526269,5.951483,2.48172,0.308008,2.173712,0.105211,6.970518,0.719306,0.525603,8.230406
2000 August,4.980585,0.701102,0.503692,6.185379,2.592801,0.377362,2.215439,0.141744,7.320572,0.701102,0.505433,8.542562
2000 September,4.720733,0.607662,0.443382,5.771777,2.44013,0.318828,2.121303,-0.200748,6.629874,0.607662,0.443558,7.692331
2000 October,4.932901,0.547207,0.46822,5.948329,2.425012,0.368946,2.056067,-0.243858,6.738354,0.547207,0.469441,7.760537
2000 November,4.757145,0.58894,0.482871,5.828956,2.352358,0.371588,1.98077,0.130264,6.858912,0.58894,0.484435,7.93999
2000 December,4.683747,0.65991,0.477789,5.821446,2.592629,0.336045,2.256584,1.120417,8.058291,0.65991,0.479073,9.198448
2001 January,4.947112,0.717508,0.444974,6.109594,2.684007,0.343018,2.340989,0.778427,8.058063,0.717508,0.447075,9.22901
2001 February,4.486667,0.639868,0.404073,5.530608,2.275473,0.281421,1.994052,0.547824,7.026546,0.639868,0.404487,8.072484
2001 March,5.075413,0.648935,0.455786,6.180135,2.614857,0.286021,2.328836,-0.035736,7.362239,0.648935,0.456144,8.473235
2001 April,4.780893,0.58484,0.425372,5.791105,2.59639,0.310305,2.286085,-0.439099,6.620594,0.58484,0.424544,7.638091
2001 May,4.985702,0.642374,0.435524,6.0636,2.653393,0.35224,2.301153,-0.735707,6.542012,0.642374,0.434878,7.629046
2001 June,4.812772,0.710365,0.454623,5.977761,2.431719,0.299518,2.132201,-0.457387,6.482683,0.710365,0.451271,7.652575
2001 July,4.829644,0.722301,0.436074,5.988019,2.580344,0.275281,2.305064,-0.148702,6.97562,0.722301,0.438449,8.14438
2001 August,5.041467,0.714192,0.44791,6.203569,2.533412,0.334294,2.199119,-0.099427,7.134657,0.714192,0.445566,8.30326
2001 September,4.74847,0.661861,0.396476,5.806808,2.45207,0.287774,2.164296,-0.570544,6.340761,0.661861,0.39584,7.40056
2001 October,5.096975,0.631394,0.409925,6.138293,2.453097,0.310511,2.142586,-0.563444,6.670422,0.631394,0.412281,7.717436
2001 November,4.870084,0.651034,0.401777,5.922895,2.400776,0.325163,2.075613,-0.454665,6.487865,0.651034,0.401022,7.543843
2001 December,4.809547,0.704181,0.449333,5.963061,2.376635,0.325564,2.051072,0.245759,7.0983,0.704181,0.448485,8.259892
2002 January,5.040505,0.740608,0.476548,6.257661,2.407273,0.287616,2.119657,0.415375,7.568672,0.740608,0.475003,8.792693
2002 February,4.508688,0.643836,0.428362,5.580886,2.143063,0.28462,1.858443,0.417291,6.777398,0.643836,0.4288,7.856619
2002 March,4.80549,0.65827,0.459471,5.923232,2.421077,0.262905,2.158172,0.277871,7.23929,0.65827,0.456504,8.359275
2002 April,4.696089,0.6102,0.488519,5.794808,2.427617,0.288512,2.139105,-0.175403,6.654541,0.6102,0.488033,7.75851
2002 May,4.847341,0.658182,0.527657,6.03318,2.503646,0.290081,2.213564,-0.446312,6.612856,0.658182,0.527257,7.800433
2002 June,4.607591,0.693055,0.53358,5.834227,2.435687,0.304092,2.131595,-0.075766,6.657799,0.693055,0.533013,7.890056
2002 July,4.713075,0.735334,0.525255,5.973665,2.521561,0.266196,2.255366,0.196755,7.152411,0.735334,0.525803,8.425786
2002 August,4.818161,0.739061,0.46967,6.026891,2.581758,0.338636,2.243122,0.074954,7.126571,0.739061,0.469232,8.344968
2002 September,4.620841,0.673308,0.431903,5.726052,2.343444,0.296349,2.047095,-0.112825,6.550505,0.673308,0.431019,7.660322
2002 October,4.729941,0.631668,0.44546,5.80707,2.559275,0.328264,2.231011,-0.236516,6.720017,0.631668,0.445367,7.801565
2002 November,4.614375,0.642395,0.45586,5.71263,2.542731,0.308158,2.234573,0.06589,6.909449,0.642395,0.458065,8.013093
2002 December,4.774614,0.719511,0.488703,5.982828,2.443411,0.352811,2.0906,0.758735,7.622747,0.719511,0.488107,8.832163
2003 January,4.809844,0.721318,0.470095,6.001257,2.419513,0.373346,2.046168,1.185899,8.039713,0.721318,0.467768,9.233323
2003 February,4.331875,0.635136,0.437341,5.404352,2.170238,0.294867,1.875371,1.151579,7.352223,0.635136,0.440766,8.431302
2003 March,4.786667,0.624624,0.508215,5.919507,2.575172,0.308318,2.266854,0.196546,7.250885,0.624624,0.506122,8.382907
2003 April,4.661307,0.591715,0.509649,5.762671,2.605578,0.327025,2.278553,-0.372977,6.563808,0.591715,0.509869,7.668247
2003 May,4.732374,0.648269,0.557622,5.938265,2.739834,0.351413,2.38842,-0.66277,6.456592,0.648269,0.557691,7.663915
2003 June,4.602254,0.668892,0.549092,5.820237,2.65311,0.346524,2.306586,-0.484298,6.424067,0.668892,0.548232,7.642524
2003 July,4.640939,0.725921,0.524624,5.891484,2.741513,0.335838,2.405675,-0.024724,7.014799,0.725921,0.523856,8.272435
2003 August,4.714532,0.719367,0.50153,5.935429,2.721133,0.331186,2.389947,0.065952,7.162053,0.719367,0.502381,8.391328
2003 September,4.644104,0.662669,0.447121,5.753894,2.656169,0.32076,2.335409,-0.483519,6.499037,0.662669,0.445427,7.605784
2003 October,4.819384,0.625489,0.451931,5.896804,2.659108,0.345301,2.313807,-0.429388,6.708386,0.625489,0.452123,7.781223
2003 November,4.497115,0.621151,0.460818,5.579084,2.448815,0.335859,2.112955,0.143571,6.753287,0.621151,0.463802,7.83561
2003 December,4.742188,0.715071,0.524532,5.981791,2.616765,0.342692,2.274073,0.670417,7.684241,0.715071,0.526226,8.926281
2004 January,4.768187,0.738367,0.514261,6.020815,2.620406,0.293786,2.326621,1.002868,8.096323,0.738367,0.515182,9.350304
2004 February,4.425521,0.668455,0.474103,5.568078,2.557755,0.305192,2.252563,0.913169,7.589798,0.668455,0.475956,8.733811
2004 March,4.814606,0.659937,0.510702,5.985245,2.838301,0.3814,2.456902,-0.011179,7.263378,0.659937,0.5108,8.430967
2004 April,4.641249,0.611292,0.488758,5.741299,2.685335,0.403009,2.282326,-0.229953,6.692449,0.611292,0.489917,7.793673
2004 May,4.61008,0.676959,0.522609,5.809649,2.871301,0.383469,2.487833,-0.331169,6.765564,0.676959,0.52319,7.966313
2004 June,4.663308,0.706331,0.531796,5.901435,2.82737,0.38284,2.44453,-0.363682,6.739287,0.706331,0.534475,7.982283
2004 July,4.7192,0.750556,0.523871,5.993627,2.935243,0.364962,2.570281,-0.157571,7.121877,0.750556,0.52402,8.406337
2004 August,4.741681,0.741102,0.502493,5.985276,2.939559,0.368169,2.57139,-0.20238,7.099052,0.741102,0.502435,8.354285
2004 September,4.518315,0.687539,0.479402,5.685257,2.661257,0.355972,2.305285,-0.160154,6.65937,0.687539,0.480236,7.830388
2004 October,4.622894,0.652067,0.472897,5.747858,2.868717,0.343462,2.525255,-0.325574,6.817708,0.652067,0.474139,7.947538
2004 November,4.599739,0.614635,0.484754,5.699128,2.807686,0.343311,2.464374,-0.113091,6.945019,0.614635,0.485653,8.050412
2004 December,4.759239,0.715534,0.557149,6.031922,2.879319,0.425789,2.453531,0.670729,7.876444,0.715534,0.558847,9.156182
2005 January,4.703669,0.728728,0.537045,5.969442,2.844689,0.359447,2.485242,0.832745,8.015701,0.728728,0.537957,9.287429
2005 February,4.395181,0.636042,0.489404,5.520627,2.696854,0.367516,2.329338,0.433747,7.152356,0.636042,0.489174,8.283712
2005 March,4.964711,0.642216,0.524509,6.131436,2.896878,0.405872,2.491006,0.10384,7.55195,0.642216,0.523965,8.726282
2005 April,4.661086,0.579031,0.514356,5.754473,2.777684,0.393131,2.384553,-0.42429,6.615682,0.579031,0.51375,7.714735
2005 May,4.681531,0.65716,0.567482,5.906173,2.957281,0.432842,2.524439,-0.491583,6.708309,0.65716,0.568378,7.939029
2005 June,4.675718,0.690282,0.559572,5.925572,2.911081,0.451143,2.459938,-0.213434,6.914146,0.690282,0.562221,8.172075
2005 July,4.622076,0.741687,0.561855,5.925617,3.008039,0.386297,2.621742,0.033392,7.266962,0.741687,0.56255,8.580751
2005 August,4.723162,0.744938,0.514673,5.982773,2.945546,0.389833,2.555713,0.149334,7.413572,0.744938,0.517306,8.687819
2005 September,4.229679,0.696488,0.464185,5.390352,2.74365,0.302734,2.440916,-0.041987,6.621822,0.696488,0.464673,7.789281
2005 October,4.359133,0.639055,0.47583,5.474018,3.0058,0.306155,2.699645,-0.390948,6.660177,0.639055,0.477098,7.782715
2005 November,4.451119,0.656557,0.484914,5.59259,2.905754,0.294863,2.61089,-0.263934,6.78902,0.656557,0.486959,7.939547
2005 December,4.528238,0.748627,0.527174,5.804039,2.966014,0.372053,2.593961,0.80039,7.91297,0.748627,0.529713,9.198389
2006 January,4.693698,0.750397,0.590899,6.034994,2.950482,0.350341,2.600141,0.180052,7.470393,0.750397,0.589472,8.815186
2006 February,4.2315,0.653394,0.529246,5.414141,2.630297,0.328768,2.301529,0.474756,7.004642,0.653394,0.527016,8.190426
2006 March,4.769844,0.664927,0.55318,5.98795,2.796824,0.372633,2.424192,0.172147,7.361981,0.664927,0.551725,8.584288
2006 April,4.563702,0.600714,0.577843,5.742258,2.784947,0.37022,2.414727,-0.447816,6.523944,0.600714,0.579724,7.709169
2006 May,4.762797,0.655064,0.611368,6.029229,3.034537,0.42322,2.611317,-0.684335,6.678094,0.655064,0.618094,7.956212
2006 June,4.658733,0.713665,0.598607,5.971006,2.933685,0.407412,2.526273,-0.351217,6.819267,0.713665,0.608287,8.146062
2006 July,4.675808,0.753266,0.568581,5.997655,3.015386,0.390463,2.624923,0.009555,7.294424,0.753266,0.573974,8.632133
2006 August,4.784173,0.751488,0.531475,6.067137,3.14964,0.407949,2.741692,-0.077553,7.432139,0.751488,0.537154,8.731275
2006 September,4.579345,0.695413,0.478101,5.752859,2.986634,0.446167,2.540468,-0.507564,6.606302,0.695413,0.484045,7.785762
2006 October,4.780906,0.60011,0.489377,5.870392,2.861076,0.422436,2.43864,-0.289351,6.921649,0.60011,0.496715,8.01968
2006 November,4.631319,0.640629,0.515816,5.787764,2.711032,0.423896,2.287135,-0.046576,6.862516,0.640629,0.52259,8.028324
2006 December,4.744882,0.73556,0.542022,6.022463,2.794248,0.383833,2.410416,0.360415,7.501847,0.73556,0.548344,8.793294
2007 January,4.766295,0.776251,0.592181,6.134727,2.981632,0.434676,2.546956,0.536106,7.838025,0.776251,0.597023,9.217789
2007 February,4.300942,0.684143,0.488023,5.473109,2.461838,0.339708,2.12213,1.155593,7.566001,0.684143,0.491007,8.750832
2007 March,4.78946,0.674497,0.574791,6.038748,3.044348,0.410738,2.63361,-0.11721,7.29742,0.674497,0.57708,8.555148
2007 April,4.591832,0.601035,0.566548,5.759415,2.912455,0.40777,2.504684,-0.348121,6.739492,0.601035,0.565801,7.915978
2007 May,4.811407,0.682043,0.594245,6.087695,3.054552,0.438586,2.615966,-0.690071,6.726061,0.682043,0.593598,8.01359
2007 June,4.66717,0.722934,0.555788,5.945893,2.870868,0.414777,2.456091,-0.3116,6.798607,0.722934,0.557977,8.090384
2007 July,4.680978,0.762954,0.562071,6.006003,3.029216,0.490083,2.539133,-0.061847,7.145962,0.762954,0.56151,8.48329
2007 August,4.831601,0.763084,0.542083,6.136768,3.033339,0.465623,2.567716,0.107996,7.49518,0.763084,0.542305,8.81248
2007 September,4.581483,0.708832,0.483353,5.773668,2.877046,0.427378,2.449668,-0.289631,6.737768,0.708832,0.48239,7.933705
2007 October,4.831938,0.647062,0.500628,5.979628,2.806804,0.430604,2.3762,-0.391278,6.807023,0.647062,0.5036,7.964549
2007 November,4.743522,0.680729,0.503204,5.927455,2.763991,0.549215,2.214775,-0.068042,6.883434,0.680729,0.501382,8.074189
2007 December,4.772485,0.755027,0.547833,6.075344,2.842446,0.528652,2.313794,0.692675,7.770058,0.755027,0.54982,9.081813
2008 January,4.859584,0.739318,0.597581,6.196483,2.948052,0.530649,2.417403,0.796405,8.066247,0.739318,0.59363,9.41029
2008 February,4.596865,0.680743,0.54223,5.819837,2.602595,0.523457,2.079138,0.750785,7.416912,0.680743,0.541686,8.649759
2008 March,4.88269,0.676417,0.604443,6.16355,2.759004,0.600703,2.158302,0.26249,7.303725,0.676417,0.596878,8.584342
2008 April,4.79135,0.599242,0.607253,5.997844,2.775943,0.586209,2.189734,-0.355466,6.617114,0.599242,0.60643,7.832112
2008 May,4.867863,0.67756,0.668828,6.21425,2.742533,0.615485,2.127049,-0.451421,6.539491,0.67756,0.664939,7.889878
2008 June,4.659152,0.734978,0.67552,6.06965,2.766681,0.617231,2.14945,-0.182431,6.618345,0.734978,0.673973,8.03667
2008 July,4.975041,0.776775,0.646308,6.398124,2.81667,0.600389,2.216281,-0.202458,6.974474,0.776775,0.645981,8.411947
2008 August,4.937988,0.758994,0.599263,6.296245,2.838863,0.579166,2.259697,-0.344082,6.840556,0.758994,0.597497,8.21186
2008 September,4.40615,0.700847,0.531982,5.638979,2.446439,0.515312,1.931127,-0.221251,6.104693,0.700847,0.532877,7.348855
2008 October,4.891401,0.656598,0.55218,6.10018,2.826743,0.585062,2.241681,-0.561986,6.563795,0.656598,0.554001,7.779875
2008 November,4.738032,0.662742,0.551779,5.952553,2.690385,0.586393,2.103992,-0.251408,6.588885,0.662742,0.549341,7.805137
2008 December,4.920737,0.762278,0.614791,6.297806,2.756459,0.609126,2.147332,0.34846,7.40631,0.762278,0.618066,8.793599
2009 January,4.894487,0.775038,0.626716,6.296241,2.827832,0.594788,2.233044,0.597091,7.722378,0.775038,0.622078,9.126375
2009 February,4.501076,0.671752,0.54527,5.718099,2.377441,0.502204,1.875236,0.273279,6.649806,0.671752,0.537023,7.866614
2009 March,4.911425,0.703269,0.625349,6.240043,2.664286,0.554864,2.109422,-0.303906,6.714718,0.703269,0.623332,8.045558
2009 April,4.654185,0.621353,0.651335,5.926872,2.485878,0.503105,1.982773,-0.575192,6.051653,0.621353,0.655288,7.334454
2009 May,4.699176,0.683971,0.693227,6.076374,2.43555,0.532902,1.902648,-0.698731,5.889515,0.683971,0.697469,7.280292
2009 June,4.659088,0.729356,0.685872,6.074316,2.456688,0.562048,1.89464,-0.438312,6.102856,0.729356,0.68784,7.530644
2009 July,4.796858,0.762973,0.645722,6.205553,2.550358,0.615762,1.934596,-0.332476,6.385124,0.762973,0.645659,7.807674
2009 August,4.804587,0.755606,0.61811,6.178304,2.445573,0.592081,1.853492,-0.076557,6.565902,0.755606,0.618461,7.955239
2009 September,4.646178,0.687698,0.570982,5.904858,2.453528,0.59572,1.857808,-0.498925,5.996211,0.687698,0.56929,7.263741
2009 October,4.756574,0.606841,0.628298,5.991712,2.325738,0.643756,1.681982,-0.210295,6.216283,0.606841,0.628834,7.463399
2009 November,4.592522,0.617805,0.642624,5.85295,2.315794,0.597667,1.718127,-0.133078,6.173966,0.617805,0.637537,7.438
2009 December,4.695395,0.739558,0.692242,6.127195,2.351669,0.625304,1.726364,0.977481,7.394065,0.739558,0.686335,8.831041
2010 January,4.715521,0.758495,0.684631,6.158647,2.514866,0.58599,1.928875,1.034547,7.674596,0.758495,0.674854,9.12207
2010 February,4.432809,0.681945,0.622725,5.737478,2.236021,0.551748,1.684273,0.779115,6.890472,0.681945,0.616888,8.200866
2010 March,5.007242,0.675562,0.696685,6.37949,2.518272,0.649691,1.868581,-0.058512,6.81611,0.675562,0.687483,8.189559
2010 April,4.77354,0.602151,0.675733,6.051424,2.578934,0.681027,1.897908,-0.587608,6.078281,0.602151,0.672394,7.361723
2010 May,4.776965,0.696713,0.732772,6.206451,2.577522,0.698946,1.878576,-0.419052,6.233575,0.696713,0.731173,7.665975
2010 June,4.713787,0.713885,0.769017,6.196689,2.555147,0.67921,1.875938,-0.074475,6.504583,0.713885,0.771168,7.998152
2010 July,4.867467,0.75164,0.717649,6.336755,2.704398,0.710795,1.993603,0.035962,6.887004,0.75164,0.718081,8.366321
2010 August,4.975638,0.748093,0.678088,6.401818,2.626105,0.692788,1.933317,0.095633,6.999945,0.748093,0.676525,8.430768
2010 September,4.912295,0.725068,0.641121,6.278484,2.430501,0.670074,1.760427,-0.356587,6.317627,0.725068,0.637853,7.682324
2010 October,5.017727,0.655872,0.661381,6.33498,2.389302,0.709115,1.680187,-0.525382,6.173845,0.655872,0.658593,7.489785
2010 November,4.903486,0.654872,0.696046,6.254404,2.288173,0.754706,1.533467,-0.001725,6.439027,0.654872,0.68954,7.786146
2010 December,5.062813,0.770138,0.739158,6.572109,2.446525,0.791941,1.654584,0.99385,7.70799,0.770138,0.73356,9.220542
2011 January,4.977779,0.761181,0.755956,6.494916,2.645132,0.833665,1.811467,0.980394,7.776325,0.761181,0.740101,9.286777
2011 February,4.498148,0.677953,0.718491,5.894592,2.117784,0.753172,1.364611,0.837651,6.699789,0.677953,0.711537,8.096854
2011 March,5.160762,0.687083,0.827278,6.675123,2.530831,0.872969,1.657863,-0.007902,6.812883,0.687083,0.816648,8.325084
2011 April,4.906942,0.570783,0.824689,6.302414,2.403862,0.870429,1.533433,-0.349574,6.092503,0.570783,0.815493,7.486272
2011 May,4.996022,0.596583,0.845788,6.438393,2.490008,0.840131,1.649877,-0.519063,6.120641,0.596583,0.839626,7.569207
2011 June,4.913867,0.682987,0.837531,6.434384,2.408985,0.81153,1.597455,-0.151886,6.349218,0.682987,0.836944,7.879953
2011 July,4.937955,0.757017,0.805792,6.500764,2.495438,0.846629,1.64881,0.22149,6.801611,0.757017,0.796166,8.371063
2011 August,5.205101,0.746487,0.7558,6.707388,2.39665,0.872185,1.524464,0.163114,6.877569,0.746487,0.755301,8.394966
2011 September,5.051033,0.699506,0.689653,6.440192,2.286937,0.884387,1.402551,-0.290707,6.159359,0.699506,0.682866,7.552035
2011 October,5.299419,0.662758,0.720149,6.682326,2.345885,0.883309,1.462575,-0.57919,6.182237,0.662758,0.711207,7.565711
2011 November,5.235448,0.674655,0.748063,6.658166,2.266041,0.88675,1.37929,-0.261912,6.355753,0.674655,0.737148,7.775544
2011 December,5.347022,0.751706,0.780498,6.879226,2.360429,1.017562,1.342866,0.346585,7.034714,0.751706,0.770705,8.568678
2012 January,5.406309,0.758482,0.773864,6.938655,2.359728,0.851579,1.50815,0.21955,7.144212,0.758482,0.75269,8.666355
2012 February,4.97344,0.669053,0.695961,6.338454,2.141501,0.823604,1.317897,0.298156,6.591734,0.669053,0.684269,7.954506
2012 March,5.210542,0.646854,0.797646,6.655042,2.295457,0.953318,1.342139,-0.333664,6.215814,0.646854,0.790588,7.663517
2012 April,4.920631,0.585471,0.77099,6.277093,2.210592,0.979321,1.231271,-0.302974,5.839891,0.585471,0.767268,7.205389
2012 May,5.138538,0.650551,0.813258,6.602347,2.391594,0.99162,1.399975,-0.402184,6.124276,0.650551,0.810563,7.600137
2012 June,4.993785,0.682603,0.779742,6.456131,2.370455,0.977275,1.393181,-0.125204,6.247402,0.682603,0.77991,7.724107
2012 July,5.277106,0.724406,0.751249,6.752761,2.352838,0.964289,1.388549,0.144404,6.789834,0.724406,0.752139,8.285714
2012 August,5.347837,0.729361,0.720652,6.797849,2.359815,0.932236,1.427579,-0.004757,6.746537,0.729361,0.726017,8.220671
2012 September,5.115761,0.67601,0.651381,6.443151,2.198315,0.898548,1.299767,-0.383864,6.019045,0.67601,0.650345,7.359055
2012 October,5.375267,0.626049,0.683696,6.685012,2.175903,0.936499,1.239404,-0.359968,6.236452,0.626049,0.689455,7.564448
2012 November,5.264784,0.594293,0.687807,6.546884,2.118819,0.923772,1.195047,0.016022,6.462099,0.594293,0.688272,7.757953
2012 December,5.273745,0.718688,0.769914,6.762347,2.093128,1.035291,1.057837,0.564478,6.886605,0.718688,0.768019,8.384662
2013 January,5.299858,0.746119,0.798274,6.844252,2.163805,0.885251,1.278554,0.849347,7.413982,0.746119,0.797304,8.972153
2013 February,4.873636,0.64244,0.712257,6.228333,1.8042,0.853621,0.950579,0.828517,6.636237,0.64244,0.714264,8.007429
2013 March,5.374701,0.657737,0.779697,6.812136,2.026198,1.020149,1.006049,0.555115,6.918264,0.657737,0.781514,8.3733
2013 April,5.194314,0.593157,0.828707,6.616178,2.05532,0.904987,1.150333,-0.252832,6.076252,0.593157,0.830705,7.51368
2013 May,5.39429,0.6567,0.869796,6.920786,2.137389,0.994818,1.142571,-0.458708,6.060583,0.6567,0.870257,7.604649
2013 June,5.216461,0.694124,0.833767,6.744352,2.040001,0.958085,1.081916,-0.111055,6.163129,0.694124,0.839147,7.715212
2013 July,5.501214,0.737064,0.82578,7.064058,2.168373,1.013644,1.154729,0.043958,6.679546,0.737064,0.826101,8.262746
2013 August,5.622376,0.745477,0.753265,7.121119,2.157734,1.016858,1.140875,-0.100449,6.638514,0.745477,0.756596,8.161546
2013 September,5.406128,0.687533,0.70818,6.801841,2.06474,0.955019,1.109721,-0.281856,6.209405,0.687533,0.715938,7.629706
2013 October,5.4739,0.660205,0.75134,6.885445,2.016373,1.062513,0.953859,-0.132405,6.275289,0.660205,0.756568,7.706898
2013 November,5.396623,0.678929,0.769765,6.845317,1.923917,0.983436,0.940481,0.334034,6.656275,0.678929,0.768716,8.119832
2013 December,5.430086,0.744947,0.80671,6.981743,2.064516,1.139164,0.925352,1.155713,7.496801,0.744947,0.806667,9.062807
2014 January,5.578825,0.765208,0.832071,7.176104,2.058377,0.999612,1.058765,1.351614,7.981908,0.765208,0.82509,9.586483
2014 February,5.1054,0.655141,0.715293,6.475834,1.798325,0.923229,0.875096,1.07253,7.045436,0.655141,0.712154,8.423459
2014 March,5.778049,0.652611,0.86744,7.2981,1.976814,1.08787,0.888944,0.33043,6.99032,0.652611,0.862101,8.517474
2014 April,5.672104,0.589726,0.874973,7.136803,1.949044,0.971592,0.977452,-0.562363,6.07762,0.589726,0.872763,7.551892
2014 May,5.831354,0.658367,0.872186,7.361906,1.979257,1.013292,0.965966,-0.683998,6.099528,0.658367,0.870407,7.643874
2014 June,5.647544,0.712658,0.870396,7.230598,1.829108,1.014303,0.814805,-0.273018,6.178278,0.712658,0.866273,7.772385
2014 July,5.960544,0.752422,0.837457,7.550423,1.995006,1.060902,0.934105,-0.261249,6.61897,0.752422,0.833911,8.223279
2014 August,6.049628,0.743936,0.769384,7.562948,1.972179,1.060628,0.911551,-0.275642,6.662978,0.743936,0.772102,8.198856
2014 September,5.866873,0.706343,0.724546,7.297762,1.888962,0.965961,0.923002,-0.582765,6.190374,0.706343,0.723306,7.637999
2014 October,6.095492,0.652547,0.775083,7.523122,1.899391,1.008603,0.890788,-0.658763,6.311486,0.652547,0.776031,7.755148
2014 November,5.870241,0.681301,0.819811,7.371353,1.878978,1.024117,0.854861,-0.03342,6.679229,0.681301,0.816201,8.192794
2014 December,6.168426,0.767299,0.839005,7.77473,2.015545,1.139668,0.875877,0.142671,7.180598,0.767299,0.83074,8.793278
2015 January,6.105328,0.776715,0.832216,7.714259,2.075296,1.102799,0.972497,0.607738,7.682537,0.776715,0.817426,9.294494
2015 February,5.437442,0.66368,0.774095,6.875217,1.839729,1.0057,0.834029,0.897979,7.159352,0.66368,0.769798,8.607225
2015 March,6.078305,0.67503,0.840618,7.593954,2.078916,1.035106,1.04381,-0.207793,6.899031,0.67503,0.836501,8.429971
2015 April,5.86954,0.625226,0.836982,7.331749,1.921578,1.105445,0.816133,-0.683148,5.984159,0.625226,0.835071,7.464733
2015 May,5.850065,0.688414,0.830355,7.368834,2.000193,1.110182,0.890011,-0.616785,6.101003,0.688414,0.832147,7.64206
2015 June,5.61156,0.716542,0.795456,7.123558,1.962594,1.032342,0.930252,-0.158616,6.36044,0.716542,0.797476,7.895194
2015 July,5.970943,0.746829,0.821508,7.539279,2.031954,1.095109,0.936845,-0.050283,6.834754,0.746829,0.822935,8.425841
2015 August,6.097609,0.75732,0.795294,7.650223,2.081931,1.053589,1.028342,-0.36963,6.729872,0.75732,0.799527,8.308934
2015 September,5.88472,0.69521,0.745604,7.325534,1.925426,1.076211,0.849215,-0.491893,6.214951,0.69521,0.752557,7.682856
2015 October,5.958372,0.633451,0.778142,7.369965,1.901351,1.069625,0.831727,-0.589014,6.184823,0.633451,0.778832,7.612678
2015 November,5.657116,0.63024,0.829956,7.117313,1.898708,1.060174,0.838534,-0.283414,6.197692,0.63024,0.8268,7.672433
2015 December,5.669807,0.728229,0.885702,7.283738,2.075998,1.15587,0.920127,0.163863,6.741673,0.728229,0.880423,8.367728
2016 January,5.595942,0.758537,0.878466,7.232945,2.103195,1.099,1.004195,0.817237,7.415254,0.758537,0.859655,9.054377
2016 February,5.258684,0.686509,0.866911,6.812104,2.026808,1.037638,0.98917,0.423357,6.663741,0.686509,0.857728,8.224631
2016 March,5.500513,0.691851,0.945574,7.137938,2.135119,1.167178,0.967941,-0.123058,6.3369,0.691851,0.936539,7.982821
2016 April,5.175966,0.656112,0.895645,6.727724,2.026277,1.122731,0.903546,-0.185456,5.886045,0.656112,0.889149,7.445814
2016 May,5.392351,0.696324,0.906373,6.995048,2.165413,1.242526,0.922887,-0.341573,5.958827,0.696324,0.9035,7.576362
2016 June,5.331994,0.702587,0.863121,6.897702,2.070735,1.190165,0.88057,0.150384,6.347812,0.702587,0.857314,7.928655
2016 July,5.527616,0.735784,0.874581,7.137981,2.25379,1.130691,1.1231,0.198654,6.824567,0.735784,0.875161,8.459735
2016 August,5.621476,0.748095,0.827092,7.196662,2.211385,1.186213,1.025171,0.308322,6.932325,0.748095,0.826663,8.530155
2016 September,5.379531,0.684522,0.792546,6.8566,2.097864,1.184215,0.913648,-0.026197,6.251514,0.684522,0.791941,7.74405
2016 October,5.635909,0.63521,0.839768,7.110887,2.058266,1.124287,0.933978,-0.396198,6.160696,0.63521,0.834615,7.648668
2016 November,5.510229,0.681705,0.840573,7.032507,2.105279,1.262829,0.842449,-0.163139,6.171333,0.681705,0.838294,7.711817
2016 December,5.506708,0.749517,0.946715,7.20294,2.123956,1.371734,0.752223,1.119096,7.37,0.749517,0.938113,9.074258
2017 January,5.602581,0.764768,0.931662,7.299011,2.314684,1.380433,0.934251,0.742452,7.279425,0.764768,0.909224,8.975714
2017 February,5.202621,0.664778,0.878646,6.746044,1.959252,1.389046,0.570205,0.304921,6.076847,0.664778,0.862546,7.621171
2017 March,5.68814,0.68081,1.031122,7.400072,2.194988,1.470174,0.724814,0.305492,6.714135,0.68081,1.018288,8.430378
2017 April,5.422465,0.593479,1.002382,7.018326,2.111712,1.421182,0.690529,-0.256264,5.846171,0.593479,0.997739,7.452592
2017 May,5.656278,0.64127,1.039891,7.337439,2.263762,1.452963,0.810799,-0.355074,6.098856,0.64127,1.038529,7.793164
2017 June,5.610774,0.700866,0.994362,7.306003,2.117259,1.4344,0.682859,-0.030199,6.245456,0.700866,0.994661,7.958662
2017 July,5.739792,0.745875,0.928982,7.414649,2.129007,1.45849,0.670517,0.336697,6.734308,0.745875,0.923921,8.421864
2017 August,5.884908,0.757067,0.874484,7.516459,2.153423,1.393328,0.760095,0.015812,6.645986,0.757067,0.86974,8.292366
2017 September,5.668658,0.712236,0.849394,7.230288,1.99326,1.47795,0.51531,-0.127641,6.050237,0.712236,0.840006,7.617957
2017 October,5.985627,0.690239,0.904788,7.580655,2.064724,1.683261,0.381463,-0.153751,6.21255,0.690239,0.894515,7.808368
2017 November,5.951288,0.696756,0.896119,7.544163,2.023431,1.657555,0.365876,0.186998,6.509779,0.696756,0.8799,8.097036
2017 December,6.039159,0.770824,0.92767,7.737653,2.132348,1.726816,0.405532,1.044162,7.493366,0.770824,0.909322,9.187347
2018 January,5.988689,0.780456,0.976929,7.746073,2.227522,1.572446,0.655075,1.26315,7.911819,0.780456,0.958085,9.664299
2018 February,5.608193,0.67738,0.922932,7.208504,1.860679,1.52459,0.33609,0.518937,6.47658,0.67738,0.89756,8.063531
2018 March,6.262835,0.700826,1.017194,7.980856,2.114327,1.742406,0.371921,0.352546,6.990649,0.700826,0.998825,8.705324
2018 April,5.960693,0.618237,1.024178,7.603107,2.12512,1.791851,0.333269,-0.050257,6.252246,0.618237,1.005717,7.886119
2018 May,6.208616,0.703833,1.054663,7.967112,2.142157,1.774731,0.367426,-0.348381,6.219886,0.703833,1.048456,7.986156
2018 June,6.104569,0.728583,1.033802,7.866955,2.17634,1.762188,0.414152,-0.138216,6.380783,0.728583,1.018926,8.142891
2018 July,6.406754,0.757528,0.948984,8.113266,2.16145,1.863194,0.298256,0.198555,6.904313,0.757528,0.933103,8.610077
2018 August,6.693918,0.755713,0.953714,8.403345,2.191516,1.737064,0.454452,-0.168194,6.97706,0.755713,0.939764,8.689603
2018 September,6.439581,0.676697,0.872342,7.98862,1.998803,1.723356,0.275447,-0.400679,6.322819,0.676697,0.852988,7.863388
2018 October,6.734886,0.620995,0.90945,8.265331,1.981975,1.893627,0.088348,-0.267908,6.564261,0.620995,0.890844,8.085771
2018 November,6.599256,0.668643,0.913361,8.18126,1.895825,1.883561,0.012264,0.321536,6.943583,0.668643,0.894207,8.515059
2018 December,6.776997,0.749177,0.952043,8.478216,1.957559,1.954641,0.002918,0.546895,7.336542,0.749177,0.931479,9.02803
2019 January,6.809097,0.769584,0.952661,8.531342,2.121899,1.910215,0.211685,0.804778,7.838231,0.769584,0.92859,9.547804
2019 February,6.12895,0.675753,0.882918,7.687621,1.700241,1.724712,-0.024471,0.728623,6.835727,0.675753,0.869601,8.391774
2019 March,6.663949,0.679562,0.999795,8.343306,1.924651,1.912069,0.012582,0.352057,7.031288,0.679562,0.988904,8.707946
2019 April,6.65414,0.632586,1.0397,8.326426,1.924807,1.892923,0.031884,-0.682003,6.011698,0.632586,1.023881,7.676307
2019 May,6.877088,0.700904,1.073754,8.651746,2.045868,1.953797,0.092071,-0.791293,6.175787,0.700904,1.065456,7.952525
2019 June,6.606718,0.718461,1.009869,8.335048,1.889378,1.940025,-0.050648,-0.366129,6.189718,0.718461,0.997705,7.918271
2019 July,6.785362,0.753898,0.998272,8.537531,2.020569,1.888848,0.131721,-0.106026,6.811535,0.753898,0.98522,8.563226
2019 August,7.06218,0.750891,0.952554,8.765625,1.97528,1.969309,0.005971,-0.205246,6.86216,0.750891,0.939378,8.56635
2019 September,6.822768,0.689836,0.91247,8.425074,1.789243,1.976907,-0.187664,-0.370065,6.26438,0.689836,0.901129,7.867345
2019 October,7.062514,0.647745,0.941536,8.651795,1.816105,2.087737,-0.271633,-0.437941,6.3538,0.647745,0.933183,7.942221
2019 November,6.886113,0.669598,0.912051,8.467762,1.688425,2.028612,-0.340187,0.268519,6.814014,0.669598,0.900215,8.396094
2019 December,7.048279,0.763034,0.951898,8.763212,1.968761,2.190414,-0.221653,0.40668,7.236205,0.763034,0.935226,8.948239
2020 January,7.023966,0.774776,0.981404,8.780146,1.871493,2.175213,-0.30372,0.498533,7.230035,0.774776,0.95929,8.974959
2020 February,6.457747,0.688502,0.985297,8.131546,1.72719,2.088791,-0.361601,0.598038,6.7023,0.688502,0.96752,8.367983
2020 March,6.830089,0.668515,0.995239,8.493843,1.782154,2.236072,-0.453918,-0.154961,6.239582,0.668515,0.963978,7.884964
2020 April,6.242222,0.61809,0.922997,7.783309,1.507487,1.879794,-0.372306,-0.894627,4.97187,0.61809,0.915348,6.516376
2020 May,5.794635,0.672074,1.021471,7.488181,1.651252,1.693721,-0.04247,-0.616059,5.122613,0.672074,1.022323,6.829652
2020 June,5.889961,0.702024,1.038836,7.630822,1.704521,1.658983,0.045539,-0.400042,5.523024,0.702024,1.037951,7.276318
2020 July,6.302331,0.7248,0.995034,8.022165,1.69169,1.874128,-0.182439,0.228105,6.338741,0.7248,0.985773,8.067831
2020 August,6.301563,0.720588,0.954931,7.977082,1.612727,1.877792,-0.265065,0.302183,6.330145,0.720588,0.943395,8.0142
2020 September,6.138334,0.686588,0.884571,7.709492,1.544957,1.852767,-0.307809,-0.100543,5.727728,0.686588,0.874063,7.30114
2020 October,6.2046,0.6201,0.938501,7.763202,1.578486,1.975293,-0.396807,0.110822,5.925301,0.6201,0.918562,7.477217
2020 November,6.234271,0.645145,0.980632,7.860048,1.596209,1.956907,-0.360697,0.083525,5.963724,0.645145,0.962361,7.582876
2020 December,6.393932,0.729872,0.984504,8.108308,1.719896,2.194463,-0.474567,1.080312,7.001264,0.729872,0.968169,8.714053
2021 January,6.50676,0.748098,0.996592,8.25145,1.771525,2.082925,-0.311399,0.999384,7.210939,0.748098,0.966254,8.939434
2021 February,5.330326,0.656549,0.873844,6.860719,1.565742,1.666903,-0.101161,1.38908,6.614624,0.656549,0.867479,8.148638
2021 March,6.605408,0.664413,1.096067,8.365888,1.788106,2.067107,-0.279001,0.032645,6.357527,0.664413,1.084536,8.119532
2021 April,6.368644,0.595413,1.053848,8.017904,1.702768,2.10447,-0.401702,-0.090034,5.875228,0.595413,1.044185,7.526169
2021 May,6.627368,0.661137,1.112084,8.400589,1.799127,2.131187,-0.33206,-0.337248,5.953166,0.661137,1.104371,7.731281
2021 June,6.441243,0.689048,1.039772,8.170063,1.890417,2.204428,-0.314011,0.194406,6.318544,0.689048,1.027711,8.050457
2021 July,6.638882,0.717845,1.001086,8.357812,1.877723,2.085376,-0.207653,0.267891,6.696717,0.717845,0.988428,8.41805
2021 August,6.681408,0.724517,1.015449,8.421374,1.845777,2.183267,-0.337489,0.444942,6.783647,0.724517,1.009159,8.528827
2021 September,6.42136,0.672879,0.972447,8.066687,1.829001,1.924995,-0.095993,-0.246249,6.079996,0.672879,0.962218,7.724445
2021 October,6.770603,0.593874,1.00656,8.371038,1.751844,2.062901,-0.311057,-0.301219,6.157526,0.593874,0.997633,7.758761
2021 November,6.653553,0.654413,1.040253,8.348218,1.774257,2.171553,-0.397296,0.193374,6.466033,0.654413,1.019886,8.144297
2021 December,6.816448,0.737537,1.118251,8.672236,1.8591,2.386337,-0.527237,0.608644,6.916527,0.737537,1.091346,8.753643
2022 January,6.666196,0.736046,1.129142,8.531384,1.836209,2.185471,-0.349262,1.326074,7.66898,0.736046,1.09294,9.508195
2022 February,6.049793,0.645056,1.070709,7.765558,1.68466,2.049345,-0.364684,1.0597,6.763628,0.645056,1.045676,8.460574
2022 March,6.812384,0.65863,1.208051,8.679065,1.848642,2.366822,-0.51818,0.382361,6.689434,0.65863,1.188372,8.543246
2022 April,6.5565,0.576615,1.175706,8.30882,1.744661,2.279939,-0.535278,-0.027411,5.996958,0.576615,1.16404,7.746131
2022 May,6.845556,0.661007,1.21879,8.725353,1.792369,2.32266,-0.530291,-0.259376,6.065854,0.661007,1.199383,7.935685
2022 June,6.698692,0.685346,1.186711,8.570749,1.801766,2.295549,-0.493783,0.078791,6.284931,0.685346,1.170519,8.155757
2022 July,6.921426,0.718109,1.1324,8.771935,1.907862,2.29432,-0.386458,0.199327,6.736891,0.718109,1.111161,8.584805
2022 August,7.047525,0.718526,1.044026,8.810077,1.821828,2.32709,-0.505262,0.225628,6.755154,0.718526,1.036589,8.530444
2022 September,6.915201,0.664673,0.978647,8.558521,1.702048,2.219831,-0.517784,-0.257997,6.14428,0.664673,0.960694,7.782741
2022 October,7.126618,0.614741,1.019209,8.760568,1.767733,2.322475,-0.554743,-0.394651,6.179721,0.614741,1.006859,7.811175
2022 November,6.875368,0.647029,1.097519,8.619915,1.761697,2.305923,-0.544226,0.210202,6.553431,0.647029,1.076469,8.285891
2022 December,6.838495,0.720583,1.086509,8.645586,1.796398,2.416155,-0.619757,1.054346,7.277576,0.720583,1.068297,9.080175
