Continent,Country,1980,1981,1982,1983,1984,1985,1986,1987,1988,1989,1990,1991,1992,1993,1994,1995,1996,1997,1998,1999,2000,2001,2002,2003,2004,2005,2006,2007,2008,2009,2010,2011,2012,2013,2014,2015,2016,2017,2018,2019,2020,2021,Production_NaturalGas
Africa,        Algeria,0.48498,0.91096,1.11156,1.55052,1.6048,1.6048,1.5694,1.7995,1.9293,2.01662,2.10866,2.28094,2.32528086,2.24443788,2.1319296,2.421124,2.472774311,2.742220345,2.935250369,3.240914407,3.312952416,3.141016395,3.154150396,3.211860404,3.189970401,3.551553446,3.470560436,3.181396766,3.244329368,3.12573284,3.173258283,3.104137435,3.242416637,2.987160805,3.123939826,3.114376171,3.517358923,3.573222006,3.608138943,3.339705133,3.162318268,3.830585865,111.8461129
Africa,        Angola,0.0096324,0.0092136,0.01047,0.012564,0.012564,0.013611,0.014658,0.016752,0.018846,0.015705,0.019892073,0.02094,0.021075639,0.020705891,0.01922292,0.020705891,0.020705891,0.021075639,0.021445387,0.020705891,0.021075639,0.019596647,0.022924379,0.024033623,0.027731104,0.024033623,0.025142867,0.030689088,0.025142867,0.025512615,0.027139507,0.027805053,0.028100852,0.034201695,0.027028582,0.028581524,0.063337546,0.213433672,0.238824919,0.250232581,0.277831763,0.216598378,2.019489746
Africa,        Benin,0,0,0,0,0,0,0,0,0,0,0,0,0,0,0,0,0,0,0,0,0,0,0,0,0,0,0,0,0,0,0,0,0,0,0,0,0,0,0,0,0,0,0
Africa,        Botswana,0,0,0,0,0,0,0,0,0,0,0,0,0,0,0,0,0,0,0,0,0,0,0,0,0,0,0,0,0,0,0,0,0,0,0,0,0,0,0,0,0,0,0
Africa,        Burkina Faso,0,0,0,0,0,0,0,0,0,0,0,0,0,0,0,0,0,0,0,0,0,0,0,0,0,0,0,0,0,0,0,0,0,0,0,0,0,0,0,0,0,0,0
Africa,        Burundi,0,0,0,0,0,0,0,0,0,0,0,0,0,0,0,0,0,0,0,0,0,0,0,0,0,0,0,0,0,0,0,0,0,0,0,0,0,0,0,0,0,0,0
Africa,        Cabo Verde,0,0,0,0,0,0,0,0,0,0,0,0,0,0,0,0,0,0,0,0,0,0,0,0,0,0,0,0,0,0,0,0,0,0,0,0,0,0,0,0,0,0,0
Africa,        Cameroon,0,0,0,0,0,0,0,0,0,0,0,0,0,0,0,0,0,0,0,0,0,0,0,0,0,0.000739496,0.000739496,0.000739496,0.000739496,0.000739496,0.007764709,0.005546221,0.010057147,1.86E-18,0.017341184,0.025142867,0.026621847,0.022713824,0.059512733,0.087479904,0.088215882,0.08527197,0.439365768
Africa,        Central African Republic,0,0,0,0,0,0,0,0,0,0,0,0,0,0,0,0,0,0,0,0,0,0,0,0,0,0,0,0,0,0,0,0,0,0,0,0,0,0,0,0,0,0,0
Africa,        Chad,0,0,0,0,0,0,0,0,0,0,0,0,0,0,0,0,0,0,0,0,0,0,0,0,0,0,0,0,0,0,0,0,0,0,0,0,0,0,0,0,0,0,0
Africa,        Comoros,0,0,0,0,0,0,0,0,0,0,0,0,0,0,0,0,0,0,0,0,0,0,0,0,0,0,0,0,0,0,0,0,0,0,0,0,0,0,0,0,0,0,0
Africa,        Congo-Brazzaville,0.0005235,0.0006282,0.0006282,0.0007329,0.0007329,0.002094,0.0004188,0.002094,0,0,0,0,0,0,0,0,0,0,0,0,0,0,0,0,0,0.004436977,0.006655465,0.010722693,0.013680678,0.019596647,0.034386569,0.042521026,0.043223547,0.061008428,0.055462208,0.055462208,0.051764758,0.031802464,0.032056884,0.021455753,0.0149677,0.015344414,0.522400919
Africa,        Congo-Kinshasa,0,0,0,0,0,0,0,0,0,0,0,0,0,0,0,0,0,0,0,0,0,0,0,0,0,0,0,0,0,0,0,0,0,0,0,0,0,1.41E-05,1.40E-05,1.40E-05,0,0,4.20724E-05
Africa,        Côte d’Ivoire,0,0,0,0,0,0,0,0,0,0,0,0,0,0,0,0.00147627,0.01331093,0.022184883,0.029579844,0.049546239,0.049915987,0.049915987,0.047369422,0.047369422,0.04595541,0.04595541,0.04595541,0.053025473,0.056560504,0.056560504,0.058504771,0.057621013,0.062923561,0.072256044,0.072856999,0.0729277,0.081659153,0.081659153,0.07551139,0.080601895,0.082689146,0.088213306,1.502105826
Africa,        Djibouti,0,0,0,0,0,0,0,0,0,0,0,0,0,0,0,0,0,0,0,0,0,0,0,0,0,0,0,0,0,0,0,0,0,0,0,0,0,0,0,0,0,0,0
Africa,        Egypt,0.03141,0.05235,0.098418,0.118311,0.149721,0.183225,0.2094,0.232434,0.255468,0.285831,0.299435989,0.336087,0.365532922,0.417445548,0.44332074,0.45959112,0.495462387,0.499159868,0.508033821,0.542420389,0.676638932,0.907731463,0.924370125,1.108134906,1.203899651,1.571429213,2.022521834,2.059496639,2.180404251,2.317950525,2.267664791,2.265076554,2.244999235,2.103866405,1.804370484,1.639019156,1.56717772,1.880425607,2.21624222,2.465370834,2.20409858,2.567119817,46.18106673
Africa,        Equatorial Guinea,0,0,0,0,0,0,0,0,0,0,0,0,0,0,0,0,0,0,0.000739496,0.000739496,0.001109244,0.001109244,0.046958002,0.048067247,0.003697481,0.048067247,0.048067247,0.107966431,0.22000009,0.231832027,0.249210186,0.254386658,0.235529508,0.242184973,0.227764799,0.229243791,0.214601893,0.253893661,0.238795616,0.207675155,0.185490272,0.2160849,3.513214664
Africa,        Eritrea,--,--,--,--,--,--,--,--,--,--,--,--,--,--,0,0,0,0,0,0,0,0,0,0,0,0,0,0,0,0,0,0,0,0,0,0,0,0,0,0,0,0,0
Africa,        Eswatini,0,0,0,0,0,0,0,0,0,0,0,0,0,0,0,0,0,0,0,0,0,0,0,0,0,0,0,0,0,0,0,0,0,0,0,0,0,0,0,0,0,0,0
Africa,        Ethiopia,0,0,0,0,0,0,0,0,0,0,0,0,0,0,0,0,0,0,0,0,0,0,0,0,0,0,0,0,0,0,0,0,0,0,0,0,0,0,0,0,0,0,0
Africa,        Gabon,0.0026175,0.0021987,0.002094,0.0055491,0.0055491,0.002094,0.001047,0.0042927,0.0036645,0.0033504,0.003141,0.003715376,0.003697481,0.003697481,0.00369591,0.00369591,0.003697481,0.003697481,0.003697481,0.003697481,0.002957984,0.002957984,0.003327732,0.003327732,0.003697481,0.003697481,0.003697481,0.002957984,0.002957984,0.002957984,0.002957984,0.002588236,0.0142353,0.011757988,0.015529418,0.013976476,0.014013451,0.018005589,0.019592849,0.017156164,0.018561194,0.016786419,0.266588977
Africa,"        Gambia, The",0,0,0,0,0,0,0,0,0,0,0,0,0,0,0,0,0,0,0,0,0,0,0,0,0,0,0,0,0,0,0,0,0,0,0,0,0,0,0,0,0,0,0
Africa,        Ghana,0,0,0,0,0,0,0,0,0,0,0,0,0,0,0,0,0,0,0,0,0,0,0,0,0,0,0,0,0,0,0,0,0,0,0.00184874,0.026440347,0.023516586,0.03381172,0.039168317,0.055396623,0.095366338,0.107988353,0.383537024
Africa,        Guinea,0,0,0,0,0,0,0,0,0,0,0,0,0,0,0,0,0,0,0,0,0,0,0,0,0,0,0,0,0,0,0,0,0,0,0,0,0,0,0,0,0,0,0
Africa,        Guinea-Bissau,0,0,0,0,0,0,0,0,0,0,0,0,0,0,0,0,0,0,0,0,0,0,0,0,0,0,0,0,0,0,0,0,0,0,0,0,0,0,0,0,0,0,0
Africa,        Kenya,0,0,0,0,0,0,0,0,0,0,0,0,0,0,0,0,0,0,0,0,0,0,0,0,0,0,0,0,0,0,0,0,0,0,0,0,0,0,0,0,0,0,0
Africa,        Lesotho,0,0,0,0,0,0,0,0,0,0,0,0,0,0,0,0,0,0,0,0,0,0,0,0,0,0,0,0,0,0,0,0,0,0,0,0,0,0,0,0,0,0,0
Africa,        Liberia,0,0,0,0,0,0,0,0,0,0,0,0,0,0,0,0,0,0,0,0,0,0,0,0,0,0,0,0,0,0,0,0,0,0,0,0,0,0,0,0,0,0,0
Africa,        Libya,0.18846,0.11517,0.12564,0.14658,0.169614,0.18846,0.207306,0.197883,0.203118,0.221964,0.229288224,0.24180465,0.250380326,0.23515976,0.23626602,0.2344233,0.237378248,0.242924469,0.23515976,0.192268986,0.22184883,0.228504295,0.229613539,0.203361428,0.298016928,0.417815297,0.487882552,0.56497502,0.5878994,0.587936374,0.621694371,0.290437093,0.451166571,0.473240529,0.460484221,0.428907738,0.366051103,0.527821276,0.51198665,0.523410095,0.475985976,0.541795553,13.60008358
Africa,        Madagascar,0,0,0,0,0,0,0,0,0,0,0,0,0,0,0,0,0,0,0,0,0,0,0,0,0,0,0,0,0,0,0,0,0,0,0,0,0,0,0,0,0,0,0
Africa,        Malawi,0,0,0,0,0,0,0,0,0,0,0,0,0,0,0,0,0,0,0,0,0,0,0,0,0,0,0,0,0,0,0,0,0,0,0,0,0,0,0,0,0,0,0
Africa,        Mali,0,0,0,0,0,0,0,0,0,0,0,0,0,0,0,0,0,0,0,0,0,0,0,0,0,0,0,0,0,0,0,0,0,0,0,0,0,0,0,0,0,0,0
Africa,        Mauritania,0,0,0,0,0,0,0,0,0,0,0,0,0,0,0,0,0,0,0,0,0,0,0,0,0,0,0,0,0,0,0,0,0,0,0,0,0,0,0,0,0,0,0
Africa,        Mauritius,0,0,0,0,0,0,0,0,0,0,0,0,0,0,0,0,0,0,0,0,0,0,0,0,0,0,0,0,0,0,0,0,0,0,0,0,0,0,0,0,0,0,0
Africa,        Morocco,0.0026175,0.0033504,0.003141,0.0033504,0.002094,0.003141,0.003141,0.0021987,0.0021987,0.0021987,0.002094,0.00143876,0.000887141,0.001108773,0.00110982,0.00074337,0.00074337,0.00184874,0.00184874,0.001478992,0.00184874,0.00184874,0.00184874,0.00184874,0.001478992,0.00168898,0.00246428,0.002363813,0.002256629,0.002256629,0.002558572,0.002193062,0.002887531,0.003545449,0.003545449,0.003435796,0.003143391,0.003179941,0.003398131,0.003862704,0.003842515,0.004297338,0.100527268
Africa,        Mozambique,0,0,0,0,0,0,0,0,0,0,0,0,0,0,0,0,0,0,0.002218488,0.002218488,0.002218488,0.002218488,0.002218488,0.002957984,0.042890774,0.081714319,0.095394997,0.097613485,0.115039319,0.104865774,0.122082542,0.149472856,0.191340908,0.206601226,0.219122512,0.222839769,0.226556994,0.234617504,0.235052732,0.212227306,0.207440253,0.209125848,2.988049542
Africa,        Namibia,--,--,--,--,--,--,--,--,--,--,0,0,0,0,0,0,0,0,0,0,0,0,0,0,0,0,0,0,0,0,0,0,0,0,0,0,0,0,0,0,0,0,0
Africa,        Niger,0,0,0,0,0,0,0,0,0,0,0,0,0,0,0,0,0,0,0,0,0,0,0,0,0,0,0,0,0,0,0,0,0,0,0,0,0,0,0.001299711,0.001425562,0.001425562,0,0.004150835
Africa,        Nigeria,0.039786,0.079572,0.05235,0.084807,0.101559,0.113076,0.121452,0.137157,0.139251,0.173802,0.137156107,0.175896,0.181176545,0.186722818,0.16823196,0.19189416,0.201882435,0.216302609,0.21815135,0.256974895,0.46070607,0.550924595,0.525042231,0.750588542,0.806050749,0.828235632,1.053781943,1.201681163,1.213697974,0.954850232,1.071899597,1.527909867,1.574054424,1.420239235,1.621012426,1.669338496,1.544068921,1.644602562,1.684974882,1.711803516,1.721739221,1.641223208,30.15562637
Africa,        Reunion,0,0,0,0,0,0,0,0,0,0,0,0,0,0,0,0,0,0,0,0,0,0,0,0,0,0,0,0,0,0,0,0,ie,ie,ie,ie,ie,ie,ie,ie,ie,ie,0
Africa,        Rwanda,0,0,0,0,0,0,0,0,0,0,0,0,0,0,0,0,0,0,0,0,0,0,0,0,0,0,0,0,0,0,0,0,0,0,0,0,0,0.001100205,0.001811963,0.002127195,0.002072804,0.002083514,0.009195681
Africa,        Saint Helena,0,0,0,0,0,0,0,0,0,0,0,0,0,0,0,0,0,0,0,0,0,0,0,0,0,0,0,0,0,0,0,0,0,0,0,0,0,0,0,0,0,0,0
Africa,        Sao Tome and Principe,0,0,0,0,0,0,0,0,0,0,0,0,0,0,0,0,0,0,0,0,0,0,0,0,0,0,0,0,0,0,0,0,0,0,0,0,0,0,0,0,0,0,0
Africa,        Senegal,0,0,0,0,0,0,0,0,0,0,0,0,0,0.000634964,0.00126759,0.00159123,0.001904891,0.001269927,0.001269927,0.001269927,0.001587409,0.001587409,0.001587409,0.001587409,0.001587409,0.001587409,0.001587409,0.001587409,0.001587409,0.001587409,0.001587409,0.001269927,0.001523913,0.001904891,0.001904891,0.001968387,0.001904892,0.001904892,0.001904892,0.001904892,0.002027994,0.002014565,0.046904091
Africa,        Seychelles,0,0,0,0,0,0,0,0,0,0,0,0,0,0,0,0,0,0,0,0,0,0,0,0,0,0,0,0,0,0,0,0,0,0,0,0,0,0,0,0,0,0,0
Africa,        Sierra Leone,0,0,0,0,0,0,0,0,0,0,0,0,0,0,0,0,0,0,0,0,0,0,0,0,0,0,0,0,0,0,0,0,0,0,0,0,0,0,0,0,0,0,0
Africa,        Somalia,0,0,0,0,0,0,0,0,0,0,0,0,0,0,0,0,0,0,0,0,0,0,0,0,0,0,0,0,0,0,0,0,0,0,0,0,0,0,0,0,0,0,0
Africa,        South Africa,0,0,0,0,0,0,0,0,0,0,0,0,0.046588254,0.066371424,0.072470199,0.07247334,0.068065309,0.064705909,0.053613467,0.051764727,0.061008428,0.077647091,0.085042052,0.084302555,0.075058854,0.068773137,0.107226935,0.056571452,0.050285735,0.039193293,0.035865561,0.04732775,0.040672286,0.04363027,0.035126065,0.040672286,0.035902576,0.033610158,0.039924372,0.045461725,0.043476129,0.041119454,1.683950793
Africa,        South Sudan,--,--,--,--,--,--,--,--,--,--,--,--,--,--,--,--,--,--,--,--,--,--,--,--,--,--,--,--,--,--,--,--,0,0,0,0,0,0,0,0,0,0,0
Africa,        Sudan,0,0,0,0,0,0,0,0,0,0,0,0,0,0,0,0,0,0,0,0,0,0,0,0,0,0,0,0,0,0,0,0,0,0,0,0,0,0,0,0,0,0,0
Africa,        Tanzania,0,0,0,0,0,0,0,0,0,0,0,0,0,0,0,0,0,0,0,0,0,0,0,0,0.0043974,0.0150768,0.0186366,0.019596647,0.0207306,0.024329422,0.028840348,0.018487403,0.021445387,0.024033623,0.020336143,0.040672286,0.05556429,0.035005398,0.047043281,0.050979477,0.046871394,0.048732977,0.540779476
Africa,        Togo,0,0,0,0,0,0,0,0,0,0,0,0,0,0,0,0,0,0,0,0,0,0,0,0,0,0,0,0,0,0,0,0,0,0,0,0,0,0,0,0,0,0,0
Africa,        Tunisia,0.016068,0.017304,0.022248,0.019776,0.02472,0.017304,0.01854,0.016068,0.014832,0.016068,0.014832,0.010475842,0.017459736,0.01534418,0.01451064,0.0136771,0.03275325,0.068823285,0.078773639,0.078773639,0.077944443,0.093284573,0.089138592,0.094942965,0.099503544,0.103649525,0.103649525,0.0655065,0.11338128,0.069097682,0.076205885,0.072451901,0.069824112,0.069448713,0.062353683,0.059125256,0.051392113,0.047863398,0.045816537,0.042114178,0.042577363,0.054720243,2.132343322
Africa,        Uganda,0,0,0,0,0,0,0,0,0,0,0,0,0,0,0,0,0,0,0,0,0,0,0,0,0,0,0,0,0,0,0,0,0,0,0,0,0,0,0,0,0,0,0
Africa,        Western Sahara,0,0,0,0,0,0,0,0,0,0,0,0,0,0,0,0,0,0,0,0,0,0,0,0,0,0,0,0,0,0,0,0,0,0,0,0,0,0,0,0,0,0,0
Africa,        Zambia,0,0,0,0,0,0,0,0,0,0,0,0,0,0,0,0,0,0,0,0,0,0,0,0,0,0,0,0,0,0,0,0,0,0,0,0,0,0,0,0,0,0,0
Africa,        Zimbabwe,0,0,0,0,0,0,0,0,0,0,0,0,0,0,0,0,0,0,0,0,0,0,0,0,0,0,0,0,0,0,0,0,0,0,0,0,0,0,0,0,0,0,0
Asia & Oceania,        Afghanistan,0.06282,0.082713,0.084807,0.088995,0.088995,0.109935,0.109935,0.103653,0.110982,0.108888,0.108890595,0.011517,0.011092442,0.011092442,0.01108773,0.00739182,0.008504205,0.008504205,0.008504205,0.008504205,0.008504205,0.00184874,0.00184874,0.000739496,0.000739496,0.000739496,0.000739496,0.001478992,0.00184874,0.001109244,0.00524668,0.005967683,0.005927011,0.005712559,0.00524668,0.005405671,0.006111883,0.006111883,0.005998338,0.005039074,0.003140122,0.003140122,1.2294562
Asia & Oceania,        American Samoa,0,0,0,0,0,0,0,0,0,0,0,0,0,0,0,0,0,0,0,0,0,0,0,0,0,0,0,0,0,0,0,0,0,0,0,0,0,0,0,0,0,0,0
Asia & Oceania,        Australia,0.329589,0.385398,0.424359,0.444366,0.464814,0.495873,0.541284,0.554876,0.578865,0.59451,0.780117,0.812487,0.868372224,0.9320402,1.006121384,1.114948935,1.148786073,1.139640901,1.183309099,1.20460973,1.250564221,1.278838045,1.332527828,1.305589193,1.313499047,1.382133043,1.396590828,1.474011549,1.516708443,1.574531812,1.961126244,2.100693204,2.01200654,2.299111459,2.333267558,2.503116861,3.236309442,4.062974972,4.70322399,5.399933383,5.350861029,5.479908661,70.2718939
Asia & Oceania,        Bangladesh,0.04705,0.05646,0.061165,0.064929,0.089395,0.0941,0.106333,0.123271,0.14115,0.154324,0.152442,0.162793,0.194071464,0.21339653,0.23225676,0.25480433,0.261374791,0.263794928,0.283501757,0.312889134,0.335361835,0.356105866,0.383764574,0.432080791,0.470028524,0.50232056,0.549682213,0.596983477,0.658056179,0.720553134,0.741459261,0.74072259,0.811442996,0.839804826,0.880321726,0.989399256,1.083876497,1.017077236,1.014599887,1.008007376,0.927326335,0.880847291,19.20932412
Asia & Oceania,        Bhutan,0,0,0,0,0,0,0,0,0,0,0,0,0,0,0,0,0,0,0,0,0,0,0,0,0,0,0,0,0,0,0,0,0,0,0,0,0,0,0,0,0,0,0
Asia & Oceania,        Brunei,0.383624,0.416402,0.393336,0.401834,0.367842,0.35813,0.355702,0.373912,0.369056,0.372698,0.386052,0.319658,0.330103431,0.337439351,0.3431419,0.3810508,0.375339827,0.374117222,0.329815261,0.349411907,0.365680821,0.382689232,0.401176634,0.421512777,0.425210258,0.425210258,0.510252309,0.51013577,0.501141039,0.422604011,0.435052548,0.458648618,0.436158614,0.4398455,0.405926149,0.44242632,0.42771577,0.470003993,0.466334968,0.4734535,0.460794254,0.420341795,17.02098084
Asia & Oceania,        Burma,0.011517,0.012564,0.016752,0.019893,0.024081,0.029316,0.039786,0.04188,0.038739,0.039786,0.039786,0.03691681,0.0363519,0.040943684,0.053227,0.06104768,0.059555216,0.056205235,0.065510738,0.054303169,0.10765919,0.22100127,0.312664884,0.357331296,0.379664502,0.48388613,0.468997326,0.503241575,0.461552924,0.429541995,0.448525221,0.443314139,0.44554746,0.458575163,0.563541231,0.651385175,0.70576607,0.684586926,0.630450184,0.645667831,0.624769774,0.604769268,11.41060097
Asia & Oceania,        Cambodia,0,0,0,0,0,0,0,0,0,0,0,0,0,0,0,0,0,0,0,0,0,0,0,0,0,0,0,0,0,0,0,0,0,0,0,0,0,0,0,0,0,0,0
Asia & Oceania,        China,0.581255,0.51795,0.438531,0.496081,0.504138,0.526007,0.557084,0.568594,0.565141,0.581255,0.584708,0.605426,0.613778232,0.64263783,0.6775937,0.69883842,0.827163257,0.931107521,0.954703238,1.033410343,1.005638769,1.118565544,1.204552272,1.265813203,1.504214173,1.842256416,2.159558513,2.556352202,2.806193467,3.10888151,3.484123162,3.791940885,3.830505748,4.165374232,4.556115637,4.903593812,5.010248968,5.384085084,5.866574968,6.362312406,6.94032413,7.520776194,93.29340384
Asia & Oceania,        Cook Islands,0,0,0,0,0,0,0,0,0,0,0,0,0,0,0,0,0,0,0,0,0,0,0,0,0,0,0,0,0,0,0,0,0,0,0,0,0,0,0,0,0,0,0
Asia & Oceania,        Fiji,0,0,0,0,0,0,0,0,0,0,0,0,0,0,0,0,0,0,0,0,0,0,0,0,0,0,0,0,0,0,0,0,0,0,0,0,0,0,0,0,0,0,0
Asia & Oceania,        French Polynesia,0,0,0,0,0,0,0,0,0,0,0,0,0,0,0,0,0,0,0,0,0,0,0,0,0,0,0,0,0,0,0,0,0,0,0,0,0,0,0,0,0,0,0
Asia & Oceania,        Guam,0,0,0,0,0,0,0,0,0,0,0,0,0,0,0,0,0,0,0,0,0,0,0,0,0,0,0,0,0,0,0,0,0,0,0,0,0,0,0,0,0,0,0
Asia & Oceania,        Hawaiian Trade Zone,0,0,0,0,0,0,0,--,--,--,--,--,--,--,--,--,--,--,--,--,--,--,--,--,--,--,--,--,--,--,--,--,--,--,--,--,--,--,--,--,--,--,0
Asia & Oceania,        Hong Kong,0,0,0,0,0,0,0,0,0,0,0,0,0,0,0,0,0,0,0,0,0,0,0,0,0,0,0,0,0,0,0,0,0,0,0,0,0,0,0,0,0,0,0
Asia & Oceania,        India,0.058701,0.073664,0.099947,0.119038,0.126899,0.151605,0.20718,0.261277,0.35681,0.362565,0.459249,0.516799,0.548742128,0.612142085,0.68327964,0.72231005,0.720089801,0.741268913,0.786548393,0.777784623,0.743094699,0.7328703,0.952329717,0.996878883,1.029743022,1.091819729,1.124683868,1.154728457,1.190588721,1.504504815,1.935261294,1.760740214,1.541849369,1.298555152,1.212477806,1.155203833,1.143261072,1.166111307,1.177993564,1.158082062,1.025481924,1.193945232,34.67610467
Asia & Oceania,        Indonesia,0.7194,0.7293,0.7414,0.8459,1.1396,1.2551,1.3057,1.3948,1.5235,1.6027,1.7622,1.995544705,2.105091835,2.15024082,2.4050523,2.4389404,2.597146325,2.584828453,2.473197738,2.731488116,2.438168789,2.057854491,2.248781507,2.3865877,2.211058024,2.180648278,2.396980905,2.640258877,2.6945345,2.78691854,3.17955071,2.935117938,2.85505177,2.84080923,2.827336558,2.80231588,2.761243824,2.775486243,2.779135599,2.582178032,2.278513834,2.269223411,91.42888533
Asia & Oceania,        Japan,0.085878,0.081474,0.079272,0.081474,0.082575,0.086979,0.081474,0.084777,0.081474,0.078171,0.089588858,0.094067965,0.093189858,0.09620258,0.095344143,0.096854213,0.094613547,0.099002636,0.098232345,0.098576878,0.106309168,0.105805612,0.117117536,0.120787471,0.125388026,0.134624735,0.14841323,0.157684653,0.156958683,0.151144351,0.139218684,0.139066667,0.132598095,0.121108374,0.113031289,0.11176711,0.115127607,0.120425331,0.109868984,0.102632016,0.093597815,0.093959523,4.495855983
Asia & Oceania,        Kiribati,0,0,0,0,0,0,0,0,0,0,0,0,0,0,0,0,0,0,0,0,0,0,0,0,0,0,0,0,0,0,0,0,0,0,0,0,0,0,0,0,0,0,0
Asia & Oceania,        Laos,0,0,0,0,0,0,0,0,0,0,0,0,0,0,0,0,0,0,0,0,0,0,0,0,0,0,0,0,0,0,0,0,0,0,0,0,0,0,0,0,0,0,0
Asia & Oceania,        Macau,0,0,0,0,0,0,0,0,0,0,0,0,0,0,0,0,0,0,0,0,0,0,0,0,0,0,0,0,0,0,0,0,0,0,0,0,0,0,0,0,0,0,0
Asia & Oceania,        Malaysia,0.058408,0.064666,0.058408,0.154364,0.338975,0.455791,0.550704,0.574693,0.605983,0.632058,0.523036339,0.594861752,0.664845487,0.788357934,0.89731495,1.073951752,1.227904669,1.401566535,1.405657071,1.406028938,1.542132242,1.590846812,1.686044751,1.777524021,1.837766467,2.081711186,2.237151571,2.215955155,2.264669726,2.246076378,2.285866142,2.295534682,2.30557509,2.413416506,2.432790774,2.358863624,2.33179194,2.439129425,2.573493397,2.673973019,2.46815972,2.639947697,62.17599575
Asia & Oceania,        Maldives,0,0,0,0,0,0,0,0,0,0,0,0,0,0,0,0,0,0,0,0,0,0,0,0,0,0,0,0,0,0,0,0,0,0,0,0,0,0,0,0,0,0,0
Asia & Oceania,        Micronesia,0,0,0,0,0,0,0,0,0,0,0,0,0,0,0,0,0,0,0,0,0,0,0,0,0,0,0,0,0,0,0,0,0,0,0,0,0,0,0,0,0,0,0
Asia & Oceania,        Mongolia,0,0,0,0,0,0,0,0,0,0,0,0,0,0,0,0,0,0,0,0,0,0,0,0,0,0,0,0,0,0,0,0,0,0,0,0,0,0,0,0,0,0,0
Asia & Oceania,        Nauru,0,0,0,0,0,0,0,0,0,0,0,0,0,0,0,0,0,0,0,0,0,0,0,0,0,0,0,0,0,0,0,0,0,0,0,0,0,0,0,0,0,0,0
Asia & Oceania,        Nepal,0,0,0,0,0,0,0,0,0,0,0,0,0,0,0,0,0,0,0,0,0,0,0,0,0,0,0,0,0,0,0,0,0,0,0,0,0,0,0,0,0,0,0
Asia & Oceania,        New Caledonia,0,0,0,0,0,0,0,0,0,0,0,0,0,0,0,0,0,0,0,0,0,0,0,0,0,0,0,0,0,0,0,0,0,0,0,0,0,0,0,0,0,0,0
Asia & Oceania,        New Zealand,0.03648,0.044086,0.077436,0.082904,0.10494,0.134064,0.161226,0.154584,0.169818,0.17425,0.172887,0.188604,0.200084443,0.179365581,0.181903186,0.171919212,0.195954459,0.209705767,0.183613174,0.212155428,0.213933326,0.23606619,0.222224935,0.169870377,0.149260966,0.14231606,0.146015377,0.160787959,0.1516555,0.158441065,0.169974107,0.153480097,0.169572044,0.177400045,0.193382022,0.17829423,0.18232507,0.183800646,0.162130356,0.17171114,0.168186182,0.149107759,6.845915703
Asia & Oceania,        Niue,0,0,0,0,0,0,0,0,0,0,0,0,0,0,0,0,0,0,0,0,0,0,0,0,0,0,0,0,0,0,0,0,0,0,0,0,0,0,0,0,0,0,0
Asia & Oceania,        North Korea,0,0,0,0,0,0,0,0,0,0,0,0,0,0,0,0,0,0,0,0,0,0,0,0,0,0,0,0,0,0,0,0,0,0,0,0,0,0,0,0,0,0,0
Asia & Oceania,        Northern Mariana Islands,0,0,0,0,0,0,0,0,0,0,0,0,0,0,0,0,0,0,0,0,0,0,0,0,0,0,0,0,0,0,0,0,0,0,0,0,0,0,0,0,0,0,0
Asia & Oceania,        Pakistan,0.27885,0.3081,0.34515,0.33345,0.330636,0.34091,0.366128,0.391346,0.41563,0.44365,0.450188,0.498756,0.51436781,0.544522,0.58579546,0.60327994,0.650448621,0.652427674,0.662982621,0.732249462,0.799207408,0.723343725,0.704389459,0.77424606,0.839903708,0.944125336,1.10720153,1.126746264,1.16348799,1.185226845,1.213395501,1.198698811,1.341072999,1.206353337,1.196249362,1.203291527,1.195606447,1.160913444,1.138868596,1.045685766,1.003857454,1.022163351,32.74290251
Asia & Oceania,        Papua New Guinea,0,0,0,0,0,0,0,0,0,0,0,0,0.00221964,0.002957984,0.00185319,0.00369591,0.004806725,0.004067229,0.004067229,0.004067229,0.004067229,0.004067229,0.004067229,0.005176473,0.005176473,0.003697481,0.005176473,0.005028573,0.004806725,0.003697481,0.004067229,0.003697481,0.003697481,0.004067229,0.175630324,0.362353089,0.406509791,0.413969278,0.372293473,0.425651357,0.435710396,0.421477954,3.101821584
Asia & Oceania,        Philippines,0,0,0,0,0,0,0,0,0,0,0,0,0,0,0,0.00034195,0.000345028,0.000345028,0.000345028,0.000345028,0.000345028,0.006900551,0.06891016,0.083417562,0.079790711,0.076163861,0.079790711,0.105588319,0.107252361,0.114913244,0.104535932,0.115135729,0.100515319,0.128294098,0.098687768,0.095032665,0.113527327,0.112065298,0.128675248,0.129266371,0.114330934,0.093083371,2.05794463
Asia & Oceania,        Samoa,0,0,0,0,0,0,0,0,0,0,0,0,0,0,0,0,0,0,0,0,0,0,0,0,0,0,0,0,0,0,0,0,0,0,0,0,0,0,0,0,0,0,0
Asia & Oceania,        Singapore,0,0,0,0,0,0,0,0,0,0,0,0,0,0,0,0,0,0,0,0,0,0,0,0,0,0,0,0,0,0,0,0,0,0,0,0,0,0,0,0,0,0,0
Asia & Oceania,        Solomon Islands,0,0,0,0,0,0,0,0,0,0,0,0,0,0,0,0,0,0,0,0,0,0,0,0,0,0,0,0,0,0,0,0,0,0,0,0,0,0,0,0,0,0,0
Asia & Oceania,        South Korea,0,0,0,0,0,0,0,0,0,0,0,0,0,0,0,0,0,0,0,0,0,0,0,0,0,0.019442603,0.017324126,0.014001691,0.008582958,0.019780567,0.021360553,0.017912198,0.017252393,0.018318581,0.01273046,0.007432691,0.006086149,0.013461737,0.012069144,0.009490267,0.007325502,0.002179466,0.224751086
Asia & Oceania,        Sri Lanka,0,0,0,0,0,0,0,0,0,0,0,0,0,0,0,0,0,0,0,0,0,0,0,0,0,0,0,0,0,0,0,0,0,0,0,0,0,0,0,0,0,0,0
Asia & Oceania,        Taiwan,0.045021,0.055491,0.049209,0.049209,0.054444,0.05235,0.04188,0.045021,0.025128,0.05235,0.083761589,0.03434922,0.0310772,0.02931,0.03249,0.03355,0.03213665,0.03284295,0.03143035,0.03143035,0.03143035,0.03001775,0.03284295,0.02931145,0.03001775,0.028252,0.01518545,0.0134197,0.01094765,0.01094765,0.0091819,0.01024135,0.014020055,0.012113045,0.012042415,0.01186584,0.010206049,0.008440314,0.006296347,0.005318241,0.003057797,0.003221582,1.180858944
Asia & Oceania,        Thailand,0,0.04,0.047,0.057,0.07,0.128,0.112,0.132,0.193,0.182,0.208,0.236,0.249,0.31041885,0.34184,0.36763,0.418518418,0.525476959,0.555494356,0.611043791,0.642441298,0.644166436,0.689365045,0.750779949,0.7896434,0.8369655,0.8588608,0.89707163,0.992299234,1.065445074,1.248999731,1.262800833,1.414612955,1.442318667,1.452669494,1.373830699,1.351887133,1.3318067,1.298608329,1.353541295,1.244398192,1.25445381,28.98138858
Asia & Oceania,        Timor-Leste,--,--,--,--,--,--,--,--,--,--,--,--,--,--,--,--,--,--,--,--,--,--,--,0,0,0,0.154960285,0.211207888,0.242917759,0.244408052,0.223171377,0.207150727,0.204542714,0.240309746,0.234721148,0.286881403,0.235054467,0.215531794,0.217733919,0.190184673,0.24884445,0.225039036,3.582659438
Asia & Oceania,        Tonga,0,0,0,0,0,0,0,0,0,0,0,0,0,0,0,0,0,0,0,0,0,0,0,0,0,0,0,0,0,0,0,0,0,0,0,0,0,0,0,0,0,0,0
Asia & Oceania,        Tuvalu,0,0,0,0,0,0,0,0,0,0,0,0,0,0,0,0,0,0,0,0,0,0,0,0,0,0,0,0,0,0,0,0,0,0,0,0,0,0,0,0,0,0,0
Asia & Oceania,        U.S. Pacific Islands,0,0,0,0,0,0,0,0,0,0,0,0,0,0,0,0,0,0,0,0,0,0,0,0,0,0,0,0,0,0,0,0,0,0,0,0,0,0,0,0,0,0,0
Asia & Oceania,        Vanuatu,0,0,0,0,0,0,0,0,0,0,0,0,0,0,0,0,0,0,0,0,0,0,0,0,0,0,0,0,0,0,0,0,0,0,0,0,0,0,0,0,0,0,0
Asia & Oceania,        Vietnam,0,0.0004104,0.0023598,0.0023598,0.0021546,0.0014364,0.0014364,0.0014364,0.0011286,0.0011286,0.00144666,0.00253422,0.007608816,0.009146585,0.00914788,0.02597252,0.030366662,0.008414858,0.025610438,0.03658634,0.042074291,0.047562242,0.082685128,0.098783118,0.10975902,0.14634536,0.208542138,0.215859406,0.255372653,0.259397151,0.300007988,0.282080681,0.304398349,0.313910797,0.328911197,0.332203967,0.329350257,0.340483856,0.34745258,0.35486619,0.313804592,0.256504651,5.441041591
Asia & Oceania,        Wake Island,0,0,0,0,0,0,0,0,0,0,0,0,0,0,0,0,0,0,0,0,0,0,0,0,0,0,0,0,0,0,0,0,0,0,0,0,0,0,0,0,0,0,0
Middle East,        Bahrain,0.1047,0.12564,0.13611,0.14658,0.139251,0.171708,0.18846,0.227199,0.190554,0.194742,0.214636228,0.243951,0.196705963,0.244773209,0.23996193,0.23996193,0.242924469,0.294689196,0.306521133,0.31095811,0.316874079,0.329075765,0.349781655,0.355697624,0.360504349,0.396000162,0.418924541,0.435563203,0.45885733,0.461445566,0.47216826,0.466622039,0.506554829,0.543529634,0.573109478,0.573109478,0.566823814,0.587492554,0.594441374,0.656803551,0.663726014,0.689062861,14.93619533
Middle East,        Iran,0.264,0.22176,0.264,0.32736,0.502656,0.6336,0.566016,0.59664,0.746948,0.829472,0.863324352,0.959904,0.932316,1.00951224,1.18590912,1.31642016,1.499537054,1.75275408,1.864632,2.155514592,2.246508634,2.46131424,2.796948,3.02070384,3.128852496,3.85978824,4.05035363,4.173046416,4.337134032,5.26560889,5.450319336,5.661060045,5.955671901,6.015302832,6.507416509,6.891679872,7.479444178,8.001126487,8.510536342,8.833860784,9.128470138,9.258014137,141.5254366
Middle East,        Iraq,0.064914,0.024081,0.025128,0.018846,0.02094,0.024081,0.047115,0.138204,0.211494,0.225105,0.154954965,0.040833,0.105747942,0.094285753,0.11720118,0.11721165,0.119798368,0.112773155,0.109075675,0.11757988,0.116470636,0.102050462,0.08726054,0.040672286,0.064705909,0.053613467,0.066554649,0.053983215,0.069512633,0.042447076,0.048178171,0.032389929,0.023885724,0.043593295,0.033462199,0.037048755,0.04075523,0.359910085,0.376918351,0.396026101,0.309833289,0.394769334,4.683410904
Middle East,        Israel,0.005195,0.005195,0.003117,0.002078,0.002078,0.002078,0.0014546,0.0021819,0.0014546,0.0014546,0.001100301,0.001100301,0.00078964,0.001100769,0.00110134,0.00073769,0.000733846,0.000733846,0.000733846,0.000366923,0.000366923,0.000366923,0.000352797,0.000705594,0.023637389,0.024342983,0.034735128,0.040822727,0.05156555,0.042255104,0.056380398,0.094542318,0.049816529,0.165449057,0.287263198,0.309080656,0.346170019,0.362864573,0.37329401,0.374017799,0.525600086,0.644412393,3.842827356
Middle East,        Jordan,0,0,0,0,0,0,0,0,0,0.0029316,0.00480573,0.00480573,0.0055491,0.007394961,0.01035483,0.01072128,0.009983197,0.010722693,0.010352945,0.010352945,0.010722693,0.010722693,0.01146219,0.01146219,0.01146219,0.010352945,0.011831938,0.007398493,0.006214734,0.006510673,0.006510673,0.0058892,0.005326915,0.004912599,0.004291126,0.004468689,0.003788034,0.003640065,0.003430418,0.003428768,0.005502066,0.005490491,0.242794794
Middle East,        Kuwait,0.255468,0.1047,0.1047,0.129828,0.150768,0.14658,0.181131,0.195789,0.24081,0.301536,0.154923092,0.018846,0.096873989,0.200403129,0.22073901,0.22073901,0.220739586,0.342756442,0.332773245,0.319462315,0.354958128,0.314285843,0.29579844,0.336470726,0.358655609,0.454790102,0.45885733,0.445916148,0.469580024,0.424803535,0.433825387,0.500380036,0.5736641,0.603096044,0.555694344,0.625206978,0.639331233,0.632343054,0.669141963,0.729860163,0.801618036,0.786898472,15.40474151
Middle East,        Lebanon,0,0,0,0,0,0,0,0,0,0,0,0,0,0,0,0,0,0,0,0,0,0,0,0,0,0,0,0,0,0,0,0,0,0,0,0,0,0,0,0,0,0,0
Middle East,        Oman,0.029316,0.034551,0.042927,0.053397,0.049209,0.057585,0.07329,0.08376,0.076431,0.103653,0.103651392,0.11278284,0.122386605,0.146419757,0.15714423,0.15419169,0.152336197,0.184504277,0.259193383,0.20668916,0.336840474,0.516538026,0.554622075,0.584201919,0.635966646,0.738386856,0.876672627,0.863405134,0.862280705,0.887694615,0.971392048,0.950602107,1.075700197,1.088962746,1.107494468,1.072832619,1.092547051,1.119243975,1.283815077,1.300455273,1.272224241,1.404650244,22.79994765
Middle East,        Palestinian Territories,--,--,--,--,--,--,--,--,--,--,--,--,--,--,--,--,--,0,0,0,0,0,0,0,0,0,0,0,0,0,0,0,0,0,0,0,0,0,0,0,0,0,0
Middle East,        Qatar,0.192648,0.164379,0.194742,0.182178,0.218823,0.199977,0.202071,0.207306,0.216729,0.225105,0.232436075,0.282117291,0.466621725,0.499159868,0.49914678,0.49915725,0.506554829,0.643361607,0.723966682,0.81529445,1.075966826,0.983529813,1.090756748,1.161008877,1.448303112,1.693446069,1.874622614,2.479649788,3.020346841,3.503682375,4.578720416,5.699702601,6.161812018,6.443283657,6.27712358,6.436613713,6.520301183,6.526931835,6.49178835,6.570275467,6.536303431,6.630487972,100.3764318
Middle East,        Saudi Arabia,0.349698,0.590508,0.45021,0.437646,0.64914,0.749652,0.93183,0.990462,1.076316,1.101444,1.127622841,1.18311,1.25714337,1.3273955,1.39394439,1.40651886,1.528538439,1.676437659,1.73116037,1.708235991,1.841715037,1.98517728,2.096471444,2.220706788,2.428505192,2.634085108,2.716169175,2.751664988,2.974253314,2.900673452,3.241211406,3.411295509,3.600976259,3.624640134,3.714119162,3.784001544,3.914854267,4.040234766,4.112680355,4.16933652,4.206836718,4.273360955,92.30998279
Middle East,        Syria,0.016354,0.0084656,0.008658,0.0084656,0.008658,0.00481,0.008658,0.021164,0.017316,0.03367,0.099086,0.119288,0.122302908,0.125700211,0.12909078,0.09988446,0.136571581,0.154917017,0.195344923,0.205197101,0.207235483,0.189909238,0.251428674,0.253277414,0.262521116,0.225546311,0.231092531,0.22184883,0.21815135,0.240705981,0.330554757,0.290991715,0.238487492,0.195966467,0.181176545,0.158991662,0.138655692,0.136815746,0.136079768,0.130559932,0.114736401,0.120734623,5.999069909
Middle East,        United Arab Emirates,0.2094,0.24081,0.2094,0.28269,0.360168,0.506748,0.562239,0.714054,0.69102,0.850164,0.816664766,0.959052,1.070790353,0.980807613,0.95468601,1.15804482,1.249748409,1.34255517,1.370656021,1.406521582,1.419093016,1.455328325,1.604336789,1.656101516,1.711563723,1.737446087,1.804000736,1.861311684,1.857614203,1.804962081,1.896068,1.9340781,2.007731912,2.018824353,2.005661322,2.22518074,2.258568705,2.259155089,2.034056162,2.296358786,2.295144422,2.357481774,58.43628727
Middle East,        Yemen,0,0,0,0,0,0,0,0,0,0,0,0,0,0,0,0,0,0,0,0,0,0,0,0,0,0,0,0,0,0.029887084,0.238655945,0.359513763,0.279196859,0.393935294,0.355689149,0.103264592,0.018664223,0.011051383,0.003438543,0.003438543,0.004580469,0.004580469,1.805896316
Central & South America,        Antarctica,0,0,0,0,0,0,0,0,0,0,0,0,0,0,0,0,0,0,0,0,0,0,0,0,0,0,0,0,0,0,0,0,0,0,0,0,0,0,0,0,0,0,0
Central & South America,        Antigua and Barbuda,0,0,0,0,0,0,0,0,0,0,0,0,0,0,0,0,0,0,0,0,0,0,0,0,0,0,0,0,0,0,0,0,0,0,0,0,0,0,0,0,0,0,0
Central & South America,        Argentina,0.28728,0.354996,0.409374,0.45657,0.506844,0.513,0.561222,0.540702,0.648432,0.73872,0.64640052,0.73550235,0.7414066,0.794182235,0.8218507,0.92297535,0.98054393,1.010436312,1.091994538,1.27577733,1.380585187,1.37062106,1.332609759,1.514547342,1.656259374,1.683937505,1.701282468,1.654414165,1.625997951,1.526430486,1.479857418,1.430774865,1.389073147,1.312312463,1.310098213,1.34331197,1.449078437,1.509896001,1.548289462,1.61358324,1.479978283,1.491854584,46.84300325
Central & South America,        Aruba,--,--,--,--,--,--,0,0,0,0,0,0,0,0,0,0,0,0,0,0,0,0,0,0,0,0,0,0,0,0,0,0,0,0,0,0,0,0,0,0,0,0,0
Central & South America,        Barbados,0.0004188,0.0004188,0.0004188,0.0004188,0.0004188,0.0004188,0.0004188,0.0003141,0.0009423,0.001047,0.001257143,0.001220169,0.001774791,0.001737816,0.001700841,0.001737816,0.001663866,0.001589917,0.001368068,0.001737816,0.001401796,0.001191385,0.001072269,0.001072269,0.001109244,0.000974338,0.000993294,0.000696633,0.000629339,0.000603749,0.000597114,0.000610383,0.000698529,0.000818899,0.000525081,0.000655878,0.000634977,0.000551623,0.000551623,0.000551623,0.000551623,0.000551623,0.038066535
Central & South America,        Belize,0,0,0,0,0,0,0,0,0,0,0,0,0,0,0,0,0,0,0,0,0,0,0,0,0,0,0,0,0,0,0,0,0,0,0,0,0,0,0,0,0,0,0
Central & South America,        Bolivia,0.073707,0.072774,0.081,0.084,0.092,0.089,0.092,0.091,0.098,0.107,0.107,0.104,0.11,0.10311,0.10489,0.11744096,0.114033901,0.116986235,0.11181965,0.091153312,0.122521861,0.172711539,0.214044215,0.266448144,0.370886959,0.455766561,0.486766068,0.519979826,0.54105211,0.465730689,0.530312995,0.580133631,0.660953774,0.755797504,0.774987675,0.749154753,0.711328294,0.689960959,0.644709022,0.565678339,0.545295655,0.570826203,13.35596183
Central & South America,        Brazil,0.056616,0.056616,0.050922,0.063099,0.081918,0.101844,0.09963,0.116235,0.107379,0.136161,0.113975,0.1396605,0.152986699,0.15184,0.158288,0.1656408,0.18547438,0.202736352,0.21302008,0.226609292,0.267744204,0.243136712,0.298595388,0.323937432,0.354788616,0.365039148,0.369149108,0.367654577,0.471524467,0.384094416,0.470403569,0.544756477,0.634278872,0.710985665,0.760454634,0.762584341,0.782655785,0.895518568,0.828006929,0.848213625,0.789026082,0.793704125,14.84690384
Central & South America,        British Virgin Islands,0,0,0,0,0,0,0,0,0,0,0,0,0,0,0,0,0,0,0,0,0,0,0,0,0,0,0,0,0,0,0,0,0,0,0,0,0,0,0,0,0,0,0
Central & South America,        Cayman Islands,0,0,0,0,0,0,0,0,0,0,0,0,0,0,0,0,0,0,0,0,0,0,0,0,0,0,0,0,0,0,0,0,0,0,0,0,0,0,0,0,0,0,0
Central & South America,        Chile,0.085,0.085,0.049,0.046,0.048,0.044,0.026,0.026,0.035,0.057,0.066,0.052,0.05544455,0.0618,0.06851,0.0671,0.067116158,0.078981998,0.073790693,0.0444969,0.042272055,0.0444969,0.073164734,0.061124968,0.060569286,0.071201326,0.068385873,0.065866783,0.064199739,0.071714171,0.069092196,0.05893594,0.046481552,0.036252987,0.029616236,0.037363162,0.044739358,0.045369486,0.046250389,0.056462029,0.043624206,0.050188354,2.323612029
Central & South America,        Colombia,0.1188,0.1272,0.1272,0.1224,0.1716,0.1728,0.1728,0.13006,0.135634,0.135634,0.140279,0.143995,0.140088601,0.145853,0.15091605,0.14927172,0.15550819,0.195861581,0.205375795,0.169943549,0.18700352,0.199798497,0.202095032,0.199798497,0.208656559,0.218826925,0.236871125,0.250650331,0.295268715,0.344152091,0.36941397,0.359243603,0.391395086,0.419937728,0.416000812,0.390718625,0.355385102,0.34694213,0.368135649,0.376452057,0.370890125,0.374781687,9.893638352
Central & South America,        Costa Rica,0,0,0,0,0,0,0,0,0,0,0,0,0,0,0,0,0,0,0,0,0,0,0,0,0,0,0,0,0,0,0,0,0,0,0,0,0,0,0,0,0,0,0
Central & South America,        Cuba,0.0006282,0.0003141,0.0003141,0.0003141,0.0001047,0.0002094,0.0002094,0.0008376,0.0007329,0.0011517,0.00119358,0.00123546,0.00127734,0.00130875,0.00127734,0.00151648,0.001589917,0.027731104,0.014789922,0.018487403,0.022184883,0.011092442,0.012941182,0.013680678,0.013680678,0.014789922,0.014789922,0.021019488,0.040637677,0.040637677,0.037484754,0.036083454,0.036223584,0.037344624,0.042038976,0.0437906,0.041688669,0.037009675,0.034196003,0.033532402,0.031571479,0.03157758,0.723219845
Central & South America,        Dominica,0,0,0,0,0,0,0,0,0,0,0,0,0,0,0,0,0,0,0,0,0,0,0,0,0,0,0,0,0,0,0,0,0,0,0,0,0,0,0,0,0,0,0
Central & South America,        Dominican Republic,0,0,0,0,0,0,0,0,0,0,0,0,0,0,0,0,0,0,0,0,0,0,0,0,0,0,0,0,0,0,0,0,0,0,0,0,0,0,0,0,0,0,0
Central & South America,        Ecuador,0.0039,0.00247,0.0026,0.0039,0.0052,0.0052,0.0039,0.00247,0.00364,0.00364,0.0052,0.004194015,0.00459095,0.004589,0.004589,0.005512,0.00550914,0.00459095,0.00459095,0.00459095,0.00642733,0.00734552,0.00459095,0.006886425,0.007804615,0.01193647,0.01285466,0.012625113,0.010256182,0.011038621,0.012306571,0.008987526,0.019280295,0.01920571,0.021555146,0.018534442,0.020399058,0.017817223,0.014142258,0.012768994,0.010751004,0.011116827,0.363507895
Central & South America,        El Salvador,0,0,0,0,0,0,0,0,0,0,0,0,0,0,0,0,0,0,0,0,0,0,0,0,0,0,0,0,0,0,0,0,0,0,0,0,0,0,0,0,0,0,0
Central & South America,        Falkland Islands,0,0,0,0,0,0,0,0,0,0,0,0,0,0,0,0,0,0,0,0,0,0,0,0,0,0,0,0,0,0,0,0,0,0,0,0,0,0,0,0,0,0,0
Central & South America,        French Guiana,0,0,0,0,0,0,0,0,0,0,0,0,0,0,0,0,0,0,0,0,0,0,0,0,0,0,0,0,0,0,0,0,ie,ie,ie,ie,ie,ie,ie,ie,ie,ie,0
Central & South America,        Grenada,0,0,0,0,0,0,0,0,0,0,0,0,0,0,0,0,0,0,0,0,0,0,0,0,0,0,0,0,0,0,0,0,0,0,0,0,0,0,0,0,0,0,0
Central & South America,        Guadeloupe,0,0,0,0,0,0,0,0,0,0,0,0,0,0,0,0,0,0,0,0,0,0,0,0,0,0,0,0,0,0,0,0,ie,ie,ie,ie,ie,ie,ie,ie,ie,ie,0
Central & South America,        Guatemala,0,0,0,0,0,0,0,0,0,0,0,0,0,0,0,0,0,0,0,0,0,0,0,0,0,0,0,0,0,0,0,0,0,0,0,0,0,0,0,0,0,0,0
Central & South America,        Guyana,0,0,0,0,0,0,0,0,0,0,0,0,0,0,0,0,0,0,0,0,0,0,0,0,0,0,0,0,0,0,0,0,0,0,0,0,0,0,0,0,0,0,0
Central & South America,        Haiti,0,0,0,0,0,0,0,0,0,0,0,0,0,0,0,0,0,0,0,0,0,0,0,0,0,0,0,0,0,0,0,0,0,0,0,0,0,0,0,0,0,0,0
Central & South America,        Honduras,0,0,0,0,0,0,0,0,0,0,0,0,0,0,0,0,0,0,0,0,0,0,0,0,0,0,0,0,0,0,0,0,0,0,0,0,0,0,0,0,0,0,0
Central & South America,        Jamaica,0,0,0,0,0,0,0,0,0,0,0,0,0,0,0,0,0,0,0,0,0,0,0,0,0,0,0,0,0,0,0,0,0,0,0,0,0,0,0,0,0,0,0
Central & South America,        Martinique,0,0,0,0,0,0,0,0,0,0,0,0,0,0,0,0,0,0,0,0,0,0,0,0,0,0,0,0,0,0,0,0,ie,ie,ie,ie,ie,ie,ie,ie,ie,ie,0
Central & South America,        Montserrat,0,0,0,0,0,0,0,0,0,0,0,0,0,0,0,0,0,0,0,0,0,0,0,0,0,0,0,0,0,0,0,0,0,0,0,0,0,0,0,0,0,0,0
Central & South America,        Netherlands Antilles,0,0,0,0,0,0,0,0,0,0,0,0,0,0,0,0,0,0,0,0,0,0,0,0,0,0,0,0,0,0,0,0,0,0,0,0,0,0,0,0,0,0,0
Central & South America,        Nicaragua,0,0,0,0,0,0,0,0,0,0,0,0,0,0,0,0,0,0,0,0,0,0,0,0,0,0,0,0,0,0,0,0,0,0,0,0,0,0,0,0,0,0,0
Central & South America,        Panama,0,0,0,0,0,0,0,0,0,0,0,0,0,0,0,0,0,0,0,0,0,0,0,0,0,0,0,0,0,0,0,0,0,0,0,0,0,0,0,0,0,0,0
Central & South America,        Paraguay,0,0,0,0,0,0,0,0,0,0,0,0,0,0,0,0,0,0,0,0,0,0,0,0,0,0,0,0,0,0,0,0,0,0,0,0,0,0,0,0,0,0,0
Central & South America,        Peru,0.04268,0.052283,0.049082,0.049082,0.049082,0.050149,0.052283,0.043663,0.040876,0.038089,0.017651,0.0170604,0.016602884,0.0314931,0.03215269,0.03050836,0.031823406,0.007873832,0.01345113,0.01345113,0.011154596,0.012138825,0.014435359,0.01705997,0.036596935,0.067292026,0.075810004,0.113715006,0.166151778,0.157957991,0.307924905,0.483395252,0.504690197,0.519596658,0.549409581,0.537484412,0.597738849,0.553149833,0.543332947,0.573763165,0.514448729,0.506372765,7.542956715
Central & South America,        Puerto Rico,0,0,0,0,0,0,0,0,0,0,0,0,0,0,0,0,0,0,0,0,0,0,0,0,0,0,0,0,0,0,0,0,0,0,0,0,0,0,0,0,0,0,0
Central & South America,        Saint Kitts and Nevis,0,0,0,0,0,0,0,0,0,0,0,0,0,0,0,0,0,0,0,0,0,0,0,0,0,0,0,0,0,0,0,0,0,0,0,0,0,0,0,0,0,0,0
Central & South America,        Saint Lucia,0,0,0,0,0,0,0,0,0,0,0,0,0,0,0,0,0,0,0,0,0,0,0,0,0,0,0,0,0,0,0,0,0,0,0,0,0,0,0,0,0,0,0
Central & South America,        Saint Vincent/Grenadines,0,0,0,0,0,0,0,0,0,0,0,0,0,0,0,0,0,0,0,0,0,0,0,0,0,0,0,0,0,0,0,0,0,0,0,0,0,0,0,0,0,0,0
Central & South America,        Suriname,0,0,0,0,0,0,0,0,0,0,0,0,0,0,0,0,0,0,0,0,0,0,0,0,0,0,0,0,0,0,0,0,0,0,0,0,0,0.000189125,0.000205683,0.000205683,0.000241651,0.00025587,0.001098012
Central & South America,        The Bahamas,0,0,0,0,0,0,0,0,0,0,0,0,0,0,0,0,0,0,0,0,0,0,0,0,0,0,0,0,0,0,0,0,0,0,0,0,0,0,0,0,0,0,0
Central & South America,        Trinidad and Tobago,0.084645,0.084645,0.10659,0.132715,0.20064,0.22572,0.15884,0.149435,0.16093,0.16929,0.184965,0.210045,0.202972963,0.22781,0.2609156,0.2801018,0.31626878,0.343208828,0.343208828,0.432885973,0.515551325,0.560574418,0.638442228,0.97205597,1.007483978,1.143291342,1.344788137,1.439631867,1.450334078,1.501999923,1.566951271,1.524142428,1.495357171,1.57949869,1.553001492,1.451109931,1.331671323,1.212162876,1.296148612,1.315390841,1.139839073,0.949265625,31.26452537
Central & South America,        Turks and Caicos Islands,0,0,0,0,0,0,0,0,0,0,0,0,0,0,0,0,0,0,0,0,0,0,0,0,0,0,0,0,0,0,0,0,0,0,0,0,0,0,0,0,0,0,0
Central & South America,        U.S. Virgin Islands,0,0,0,0,0,0,0,0,0,0,0,0,0,0,0,0,0,0,0,0,0,0,0,0,0,0,0,0,0,0,0,0,0,0,0,0,0,0,0,0,0,0,0
Central & South America,        Uruguay,0,0,0,0,0,0,0,0,0,0,0,0,0,0,0,0,0,0,0,0,0,0,0,0,0,0,0,0,0,0,0,0,0,0,0,0,0,0,0,0,0,0,0
Central & South America,        Venezuela,0.615747,0.681252,0.7146,0.686016,0.72651,0.736038,0.802734,0.782487,0.781296,0.915879,0.90621999,0.94503468,0.909256647,0.970665,1.04350656,1.06025202,1.144036488,1.183573043,1.322371588,1.126371219,1.144036488,1.333727832,1.194929288,1.026268026,1.144036488,0.986058508,1.09356429,0.87186516,0.80899602,0.718505429,0.757306726,0.797268014,0.872392166,0.83757479,0.839839647,0.998187692,1.056497665,1.039568963,0.894796645,0.737774962,0.550319895,0.611939161,38.36930009
North America,        Bermuda,0,0,0,0,0,0,0,0,0,0,0,0,0,0,0,0,0,0,0,0,0,0,0,0,0,0,0,0,0,0,0,0,0,0,0,0,0,0,0,0,0,0,0
North America,        Canada,2.805903,2.70204,2.785629,2.61222,2.839953,3.095738,2.902068,3.149545,3.634758,3.779178,3.90286572,4.1183625,4.59712476,4.99341915,5.45027895,5.72063237,5.830823381,5.894882567,6.119428403,6.409334535,6.59910216,6.741972524,6.777342615,6.614799678,6.644988705,6.737999127,6.724724855,6.595387587,6.208986713,5.808304171,5.571873642,5.40008113,5.281211866,5.349782343,5.598649417,5.781002514,5.849182194,6.547925259,6.829722817,6.647772666,6.534892552,6.776646861,220.9665357
North America,        Greenland,0,0,0,0,0,0,0,0,0,0,0,0,0,0,0,0,0,0,0,0,0,0,0,0,0,0,0,0,0,0,0,0,0,0,0,0,0,0,0,0,0,0,0
North America,        Mexico,0.9504,1.020357,1.09934,1.080404,1.064495,1.049949,0.931186,0.943798,0.95387,0.9093,1.003233,1.003284,0.975287292,1.025031648,1.057186132,1.040589742,1.195982381,1.23539611,1.326252847,1.336625428,1.364198674,1.372425656,1.412400576,1.47960375,1.477629747,1.553416338,1.743360537,1.82756587,1.855876387,2.267048072,1.845932154,1.810403663,1.759814277,1.758943467,1.62758005,1.471924672,1.337893831,1.15088215,1.031749759,0.985764215,0.932234646,0.871335169,54.13995124
North America,        Saint Pierre and Miquelon,0,0,0,0,0,0,0,0,0,0,0,0,0,0,0,0,0,0,0,0,0,0,0,0,0,0,0,0,0,0,0,0,0,0,0,0,0,0,0,0,0,0,0
North America,        U.S. Territories,0,0,0,0,0,0,0,0,0,0,0,0,0,0,0,0,0,0,0,0,0,0,0,0,0,0,0,0,0,0,0,0,0,0,0,0,0,0,0,0,0,0,0
North America,        United States,19.90760009,19.69915505,18.31902476,16.59338929,18.00793263,16.98038042,16.5408009,17.13581901,17.59859701,17.847275,18.32615455,18.22873646,18.3751002,18.58403703,19.34801326,19.08224494,19.34426818,19.39385073,19.61329478,19.34070264,19.6615294,20.16556725,19.38205516,19.63330371,19.0742537,18.55601451,19.0217057,19.7862085,20.70288389,21.13945038,21.80576347,23.40571993,24.61006463,24.85907242,26.71807253,28.06688191,27.57602326,28.28933506,31.88214802,35.18718338,34.73198077,35.79495605,908.3165506
Europe,        Albania,0.01047,0.011517,0.01047,0.011517,0.011517,0.01047,0.014658,0.016752,0.026175,0.026175,0.009425153,0.00522,0.003760488,0.001105596,0.00110664,0.00110664,0.001106066,0.000737377,0.001106066,0.000737377,0.001106066,0.001106066,0.001106066,0.001106066,0.001106066,0.001106066,0.001106066,0.000365157,0.001071104,0.001071104,0.000352797,0.000352797,0.000599755,0.000670314,0.00112895,0.001234789,0.001587572,0.001763969,0.001514289,0.002749278,0.001965963,0.002080412,0.201383115
Europe,        Austria,0.0747,0.055335,0.050995,0.046397,0.048555,0.04428,0.042081,0.044239,0.047256,0.050478,0.045315,0.047329,0.051357,0.053371,0.04818495,0.05270638,0.05305881,0.050782829,0.055761537,0.061755341,0.064062293,0.061471408,0.066724161,0.074212883,0.070293872,0.06187866,0.071496807,0.070034942,0.058039214,0.059080759,0.061600108,0.060696878,0.065235073,0.052495522,0.047839456,0.045742602,0.042953495,0.045959516,0.037358684,0.033483292,0.027438091,0.024666475,2.226702038
Europe,        Belgium,0.0014756,0.0011781,0.0011594,0.0006444,0.0013936,0.0014938,0.0009693,0.001059,0.0006288,0.0005015,0.00042252,0.000363156,0.000209668,0.000168712,0.00004616,0,7.52E-05,0,0,0,6.07E-05,0,0,0,0,0,0,0,0,0,0,0,0,0,0,0,0,0,0,0.000142556,0.000219317,0.000190075,0.012401556
Europe,        Bosnia and Herzegovina,--,--,--,--,--,--,--,--,--,--,--,--,0.000805504,0,0,0.03152576,0,0,0,0,0,0,0,0,0,0,0,0,0,0,0,0,0,0,0,0,0,0,0,0,0,0,0.032331264
Europe,        Bulgaria,0.004248,0.0039648,0.002832,0.003304,0.002832,0.003776,0.004715,0.0041492,0.0003772,0.0003772,0.000332879,0.000321304,0.001398474,0.00244728,0.0020988,0.00175053,0.00139731,0.001399887,0.001054153,0.000704181,0.000693587,0.000693587,0.000712746,0.000712746,0.01178305,0.111730455,0.01648319,0.010446177,0.003892419,0.000353856,0.001785173,0.012496213,0.0135924,0.009925563,0.006426624,0.003725802,0.003320394,0.002856253,0.001174854,0.00138468,0.002229218,0.001280455,0.26117964
Europe,        Croatia,--,--,--,--,--,--,--,--,--,--,--,--,0.067293831,0.076463897,0.06655779,0.07283979,0.06655779,0.059159688,0.058050444,0.057310948,0.061378176,0.065075657,0.055833015,0.066639405,0.058843266,0.055200877,0.056578868,0.072943768,0.073087747,0.071112403,0.068224342,0.065018447,0.061092125,0.053311524,0.050321756,0.048592734,0.043621837,0.037750415,0.044099011,0.036886003,0.030653856,0.029642417,1.730141827
Europe,        Cyprus,0,0,0,0,0,0,0,0,0,0,0,0,0,0,0,0,0,0,0,0,0,0,0,0,0,0,0,0,0,0,0,0,0,0,0,0,0,0,0,0,0,0,0
Europe,        Czechia,--,--,--,--,--,--,--,--,--,--,--,--,--,0.008295735,0.00980712,0.00872781,0.008025969,0.00720087,0.007464037,0.00772445,0.007463296,0.00537353,0.005057391,0.005778664,0.00715994,0.006793087,0.006494852,0.007226085,0.007069851,0.008009442,0.008934433,0.008350953,0.009430461,0.009078783,0.009344227,0.009031384,0.007971028,0.008373232,0.00796344,0.007645061,0.006917253,0.007455867,0.224168251
Europe,        Denmark,0,0,0,0.001653,0.012122,0.047386,0.079344,0.101384,0.102486,0.120118,0.122322,0.153178,0.15983408,0.177184502,0.19146974,0.20751258,0.251888475,0.305470159,0.301951726,0.310069232,0.32827588,0.334411861,0.335083694,0.317569608,0.374314986,0.413577037,0.411167318,0.364469764,0.397465381,0.331508438,0.323766749,0.260078959,0.22748186,0.188807853,0.182479492,0.182719786,0.178763133,0.191345289,0.162392417,0.121205251,0.052015421,0.047198209,8.37147188
Europe,        Estonia,--,--,--,--,--,--,--,--,--,--,--,--,0,0,0,0,0,0,0,0,0,0,0,0,0,0,0,0,0,0,0,0,0,0,0,0,0,0,0,0,0,0,0
Europe,        Faroe Islands,0,0,0,0,0,0,0,0,0,0,0,0,0,0,0,0,0,0,0,0,0,0,0,0,0,0,0,0,0,0,0,0,0,0,0,0,0,0,0,0,0,0,0
Europe,        Finland,0,0,0,0,0,0,0,0,0,0,0,0,0,0,0,0,0,0,0,0,0,0,0,0,0,0,0,0,0,0,0,0,0,0,0,0,0,0,0,0,0,0,0
Europe,        Former Czechoslovakia,0.018558,0.023828,0.023828,0.021756,0.026936,0.024525,0.024525,0.023138,0.031186,0.03018,0.02515,0.01948,0.00963286,--,--,--,--,--,--,--,--,--,--,--,--,--,--,--,--,--,--,--,--,--,--,--,--,--,--,--,--,--,0.30272286
Europe,        Former Serbia and Montenegro,--,--,--,--,--,--,--,--,--,--,--,--,0.031280172,0.035569762,0.0291066,0.033504,0.024810094,0.025438666,0.034830266,0.025105893,0.020077319,0.022258833,0.022184883,0.012201686,0.008873953,0.009243701,--,--,--,--,--,--,--,--,--,--,--,--,--,--,--,--,0.334485828
Europe,        Former Yugoslavia,0.071808,0.07035,0.0651,0.059416,0.07488,0.087002,0.091246,0.081697,0.113527,0.107161,0.099734,0.097612,--,--,--,--,--,--,--,--,--,--,--,--,--,--,--,--,--,--,--,--,--,--,--,--,--,--,--,--,--,--,1.019533
Europe,        France,0.27888,0.262902,0.2435,0.246259,0.234156,0.198162,0.155979,0.14472,0.119328,0.114804,0.110999,0.125514,0.12274076,0.12716576,0.131255826,0.1231464,0.106091628,0.093790354,0.081000885,0.073580074,0.06632157,0.068193618,0.06650874,0.057425722,0.049638764,0.040084291,0.044219324,0.039360686,0.03417927,0.032506751,0.027485783,0.022713942,0.019902849,0.012757009,0.000670961,0.000843523,0.000803355,0.000642686,0.000352098,0.000652027,0.000707664,0.00090831,3.68085363
Europe,        Germany,--,--,--,--,--,--,--,--,--,--,--,0.596524,0.6052754,0.606504805,0.629167449,0.66592475,0.719847717,0.709132969,0.691148629,0.736915456,0.696901089,0.702685157,0.705150497,0.70205542,0.641056668,0.631744243,0.657710515,0.650721182,0.576099563,0.571986672,0.489846045,0.480273517,0.421889838,0.391535703,0.30263825,0.279283878,0.288977154,0.263849016,0.208241957,0.191815374,0.16407917,0.159348463,16.13833055
Europe,"        Germany, East",0.09594,0.10803,0.09438,0.11817,0.1287,0.12948,0.11817,0.11349,0.11973,0.1092,0.05304,--,--,--,--,--,--,--,--,--,--,--,--,--,--,--,--,--,--,--,--,--,--,--,--,--,--,--,--,--,--,--,1.18833
Europe,"        Germany, West",0.602952,0.610944,0.52392,0.558552,0.584304,0.530136,0.485736,0.561216,0.523032,0.51504,0.514152,--,--,--,--,--,--,--,--,--,--,--,--,--,--,--,--,--,--,--,--,--,--,--,--,--,--,--,--,--,--,--,6.009984
Europe,        Gibraltar,0,0,0,0,0,0,0,0,0,0,0,0,0,0,0,0,0,0,0,0,0,0,0,0,0,0,0,0,0,0,0,0,0,0,0,0,0,0,0,0,0,0,0
Europe,        Greece,0,0,0.0031636,0.0030198,0.0033097,0.0031658,0.004314,0.0048926,0.0059163,0.0059163,0.005608,0.005876,0.005776,0.004106978,0.00209442,0.00188805,0.002041136,0.001988729,0.001776062,0.000110889,0.001865056,0.001768752,0.001869823,0.001366373,0.001266926,0.000806312,0.001146078,0.000972257,0.000645205,0.000516658,0.000309921,0.000283384,0.000304237,0.0002559,0.000239788,0.000207563,0.000467015,0.000415125,0.000584569,0.000584569,0.000298134,0.000234084,0.081372093
Europe,        Hungary,0.224595,0.21735,0.237336,0.228589,0.238612,0.257136,0.245448,0.241552,0.215475,0.207794,0.1677,0.16984,0.16929384,0.171291796,0.165488421,0.1670284,0.158750954,0.148119586,0.130755024,0.115662381,0.109186634,0.109196346,0.103874905,0.100778592,0.104298191,0.102763401,0.105037228,0.08837773,0.088483993,0.100831953,0.098538432,0.09326435,0.077956034,0.068091934,0.063372046,0.060361532,0.062711932,0.061928466,0.064776235,0.058079258,0.057397983,0.050844934,5.707969511
Europe,        Iceland,0,0,0,0,0,0,0,0,0,0,0,0,0,0,0,0,0,0,0,0,0,0,0,0,0,0,0,0,0,0,0,0,0,0,0,0,0,0,0,0,0,0,0
Europe,        Ireland,0.03232,0.04949,0.07272,0.078468,0.082492,0.087522,0.059472,0.059472,0.071568,0.0808,0.082738,0.08484,0.08374819,0.09506798,0.09671265,0.09918921,0.095613879,0.084010147,0.06201088,0.048626212,0.04351705,0.029904212,0.029564376,0.024693908,0.030375491,0.020381982,0.01810148,0.016284206,0.015607182,0.013946247,0.009880481,0.008209577,0.00748367,0.006398431,0.005412704,0.004728405,0.10993452,0.126018124,0.121536065,0.095003461,0.073352028,0.055926753,2.373141501
Europe,        Italy,0.453189,0.507408,0.520665,0.466532,0.494379,0.508533,0.570204,0.583488,0.593457,0.6072,0.618943,0.621982,0.649299824,0.691416811,0.7295288,0.72057986,0.721650724,0.696063629,0.6867428,0.631359734,0.600904466,0.550651468,0.528288704,0.501626797,0.468245222,0.436091974,0.396641023,0.35065104,0.334357652,0.289487614,0.303543361,0.305096105,0.310729315,0.279313335,0.258152687,0.244502985,0.208898511,0.199979338,0.19673132,0.173440992,0.145185322,0.115374665,19.27051608
Europe,        Kosovo,--,--,--,--,--,--,--,--,--,--,--,--,--,--,--,--,--,--,--,--,--,--,--,--,--,--,--,--,0,0,0,0,0,0,0,0,0,0,0,0,0,0,0
Europe,        Latvia,--,--,--,--,--,--,--,--,--,--,--,--,0,0,0,0,0,0,0,0,0,0,0,0,0,0,0,0,0,0,0,0,0,0,0,0,0,0,0,0,0,0,0
Europe,        Lithuania,--,--,--,--,--,--,--,--,--,--,--,--,0,0,0,0,0,0,0,0,0,0,0,0,0,0,0,0,0,0,0,0,0,0,0,0,0,0,0,0,0,0,0
Europe,        Luxembourg,0,0,0,0,0,0,0,0,0,0,0,0,0,0,0,0,0,0,0,0,0,0,0,0,0,0,0,0,0,0,0,0,0,0,0,0,0,0,0,0,0,0,0
Europe,        Malta,0,0,0,0,0,0,0,0,0,0,0,0,0,0,0,0,0,0,0,0,0,0,0,0,0,0,0,0,0,0,0,0,0,0,0,0,0,0,0,0,0,0,0
Europe,        Montenegro,--,--,--,--,--,--,--,--,--,--,--,--,--,--,--,--,--,--,--,--,--,--,--,--,--,--,0,0,0,0,0,0,0,0,0,0,0,0,0,0,0,0,0
Europe,        Netherlands,3.037812,2.819676,2.40039,2.553435,2.57472,2.690046,2.46744,2.474592,2.186724,2.389662,2.40237852,2.716200323,2.733280564,2.780574836,2.637713301,2.681787268,3.03478944,2.687817446,2.563804162,2.384066986,2.299076212,2.468773616,2.39153798,2.302690914,2.716077886,2.481459682,2.443057268,2.401083271,2.641453936,2.487844281,2.796734802,2.545973449,2.532323133,2.723364356,2.21087716,1.706605431,1.646475037,1.432084749,1.220580217,1.051475243,0.758223338,0.681506359,98.15618817
Europe,        North Macedonia,--,--,--,--,--,--,--,--,--,--,--,--,0,0,0,0,0,0,0,0,0,0,0,0,0,0,0,0,0,0,0,0,0,0,0,0,0,0,0,0,0,0,0
Europe,        Norway,1.004115,1.0164,0.975062,0.986784,1.040492,1.031642,1.070368,1.13057,1.14142,1.17831,1.064816,1.054272,1.135552567,1.062650575,1.15794294,1.20625205,1.605494768,1.794342437,1.771866558,1.904194688,2.022456148,2.097633307,2.578821018,2.892598678,3.17547995,3.29976297,3.31014558,3.373659608,3.734462368,3.902086781,4.001001706,3.800489053,4.284297223,4.058721922,4.048236016,4.359760023,4.334464702,4.616756343,4.52016248,4.285476752,4.175656795,4.282902868,105.4875799
Europe,        Poland,0.200265,0.178332,0.164151,0.16014,0.176379,0.18207,0.165462,0.16598,0.164724,0.153,0.105125,0.116732,0.112832838,0.144307896,0.136570133,0.139725422,0.138495895,0.141231183,0.143147799,0.136836655,0.146112564,0.153926643,0.157443311,0.159144434,0.174080702,0.172191879,0.171064447,0.171708593,0.162652061,0.162093943,0.162815336,0.169748356,0.172255148,0.16859085,0.164288503,0.163828024,0.156240489,0.153835989,0.152015943,0.153431927,0.151398254,0.150443866,6.574819083
Europe,        Portugal,0,0,0,0,0,0,0,0,0,0,0,0,0,0,0,0,0,0,0,0,0,0,0,0,0,0,0,0,0,0,0,0,0,0,0,0,0,0,0,0,0,0,0
Europe,        Romania,1.284,1.3268,1.4445,1.498,1.43166,1.35997,1.4338,1.40919,1.3696,1.2091,1.07107,0.883884,0.78392237,0.745107147,0.69112818,0.68060664,0.6310887,0.610179633,0.512505406,0.498965635,0.47788258,0.502479478,0.468280432,0.433505751,0.415050132,0.411119573,0.446511559,0.428797555,0.400070922,0.380452733,0.370993963,0.371764678,0.372255132,0.372710555,0.37551958,0.377969382,0.333138394,0.380944116,0.370347892,0.359248679,0.322856473,0.326059746,29.57303702
Europe,        Serbia,--,--,--,--,--,--,--,--,--,--,--,--,--,--,--,--,--,--,--,--,--,--,--,--,--,--,0.006999433,0.003489122,0.003510311,0.006669591,0.012286089,0.018253617,0.019727948,0.021763928,0.021061866,0.021061866,0.019306725,0.017972819,0.016592213,0.015999452,0.015158609,0.013537294,0.233390883
Europe,        Slovakia,--,--,--,--,--,--,--,--,--,--,--,--,--,0.008675589,0.010012933,0.0116497,0.010645354,0.009797794,0.008814624,0.007221211,0.005859006,0.00664487,0.006400773,0.007339693,0.006258171,0.00557027,0.007762308,0.004791539,0.003854279,0.003866604,0.00389347,0.004531508,0.005608047,0.004602373,0.003696332,0.00346787,0.003430978,0.005251498,0.002975849,0.002555729,0.002306073,0.002306073,0.169790518
Europe,        Slovenia,--,--,--,--,--,--,--,--,--,--,--,--,0.00054663,0.000677342,0.00033565,0.00033565,0.0003682,0.000486182,0.000334362,0,0,0,0.000227146,0.000189288,0.000189288,0.000151431,0.000151431,0.000113573,0.000113467,0.000113467,0.000264728,7.57E-05,7.58E-05,0.00011354,0.00011354,0.000113378,0.000188962,0.000302339,0.000589476,0.000381426,0.000184957,0.000174275,0.00691124
Europe,        Spain,0,0,0,0.0027744,0.0088473,0.0101112,0.014937,0.028575,0.035433,0.0627,0.05586,0.05244,0.048029106,0.02627263,0.007960707,0.01672706,0.018777197,0.007178692,0.004509019,0.005767151,0.006184433,0.019680343,0.020576603,0.008200143,0.013654192,0.006369413,0.002781657,0.000685888,0.000617765,0.000543851,0.001965707,0.002004546,0.002283207,0.002236187,0.000917441,0.00238745,0.002079394,0.00138627,0.003685713,0.005121421,0.002233402,0.00182382,0.514318308
Europe,        Sweden,0,0,0,0,0,0,0,0,0,0,0,0,0,0,0,0,0,0,0,0,0,0,0,0,0,0,0,0,0,0,0,0,0,0,0,0,0,0,0,0,0,0,0
Europe,        Switzerland,0,0,0,0,0,0.001043,0.001006,0.0003039,0.0002148,0.0001141,0.000132399,0.00011277,0.00010332,8.53E-05,3.79E-05,0,0,0,0,0,0,0,0,0,0,0,0,0,0,0,0,0,0,0,0,0,0,0,0,0,0,0,0.003153468
Europe,        Turkiye,0,0,0.001028,0.00257,0.0014392,0.002056,0.016464,0.01029,0.003084,0.006168,0.00769641,0.007369675,0.007188156,0.007260764,0.00722446,0.006607295,0.007478587,0.009193801,0.020511658,0.026538092,0.023198141,0.011326792,0.013722844,0.020330139,0.024977028,0.032564527,0.032854957,0.032419311,0.0369569,0.024855968,0.024769444,0.027575882,0.022958294,0.019516446,0.017398537,0.013822309,0.013314407,0.012842783,0.01551466,0.01703113,0.015998125,0.014272959,0.618389681
Europe,        United Kingdom,1.381212,1.377426,1.418235,1.456314,1.415832,1.572226,1.648668,1.734407,1.670361,1.634135,1.804866,2.00901,2.043046205,2.401032054,2.57209015,2.80685574,3.344943215,3.192105899,3.335509519,3.691614325,4.051388713,3.943923755,3.907043948,3.871869502,3.65164163,3.329982722,3.021800018,2.719237343,2.628972203,2.241563121,2.269289811,1.797101621,1.544989747,1.449286722,1.459351479,1.57413737,1.586435511,1.602327803,1.553861025,1.494411351,1.49736098,1.236765273,94.94263076
Eurasia,        Armenia,--,--,--,--,--,--,--,--,--,--,--,--,0,0,0,0,0,0,0,0,0,0,0,0,0,0,0,0,0,0,0,0,0,0,0,0,0,0,0,0,0,0,0
Eurasia,        Azerbaijan,--,--,--,--,--,--,--,--,--,--,--,--,0.288403479,0.251428674,0.23589957,0.24289353,0.24773067,0.220369838,0.20668916,0.22184883,0.209277396,0.211495885,0.187146545,0.187506758,0.184005276,0.213754632,0.250482232,0.375664019,0.566454013,0.567193509,0.57828595,0.567563257,0.594924612,0.617479244,0.647059088,0.66554649,0.646393704,0.6266863,0.664261666,0.853190222,0.908651959,1.160078497,13.39836501
Eurasia,        Belarus,--,--,--,--,--,--,--,--,--,--,--,--,0.01061888,0.01061888,0.01061888,0.01098183,0.01098183,0.007324331,0.008056764,0.007690548,0.007360953,0.007324331,0.006958114,0.005859465,0.006598255,0.006304999,0.006231685,0.005865115,0.005571859,0.005498546,0.000989738,0.00109865,0.000732433,0.001391623,0.00109865,0.00109865,0.000805679,0.002160669,0.002306458,0.002525143,0.002452248,0.00270738,0.159832586
Eurasia,        Former U.S.S.R.,15.9848,16.41357,17.66232,18.908073,21.407808,23.433624,24.82407,26.017308,27.898992,28.841886,29.530332,28.966476,--,--,--,--,--,--,--,--,--,--,--,--,--,--,--,--,--,--,--,--,--,--,--,--,--,--,--,--,--,--,279.889259
Eurasia,        Georgia,--,--,--,--,--,--,--,--,--,--,--,--,0.00074337,0,0,0,0,0.002218488,0.002218488,0.002218488,0.002218488,0.002218488,0.000473786,0.000728902,0.000707006,0.000530255,0.000353503,0.000330195,0.000257376,0.00032172,0.000165981,9.96E-05,6.64E-05,0.000199177,3.32E-05,0.000331961,0.000211248,0.000244444,0.000299651,0.000299651,0.000202514,0.000373315,0.018065672
Eurasia,        Kazakhstan,--,--,--,--,--,--,--,--,--,--,--,--,0.29949435,0.24773067,0.16638924,0.17712099,0.15677778,0.225546311,0.203361428,0.170084103,0.329075765,0.372706034,0.484369946,0.266070697,0.331627026,0.447764889,0.505445584,0.649108064,0.735419336,0.696796027,0.708996653,0.768281357,0.786026438,0.792479195,0.81264406,0.854990276,0.857531027,0.903864934,0.95548655,0.935362896,0.854890552,0.805923109,16.50136529
Eurasia,        Kyrgyzstan,--,--,--,--,--,--,--,--,--,--,--,--,0.00364649,0.00145935,0.0012834,0.00128781,0.00088995,0.000665546,0.000517647,0.000369748,0.000480672,0.000591597,0.000369748,0.00099832,0.001072269,0.001109244,0.000961345,0.000680336,0.001109244,0.000569412,0.000443698,0.000369748,0.000221849,0.001183194,0.001257143,0.001109244,0.001005253,0.001005253,0.001052686,0.000944792,0.000871194,0.000863834,0.028390016
Eurasia,        Moldova,--,--,--,--,--,--,--,--,--,--,--,--,0,0,0,0,0,0,0,0,0,0,0,0,0,0,0.00184874,0,0,0,0,0,0,0,0,0,0.000349972,0.000349972,0.000349693,2.28E-06,3.50E-07,3.48E-07,0.002901357
Eurasia,        Russia,--,--,--,--,--,--,--,--,--,--,--,--,22.79665584,21.98859264,21.62193264,21.17340288,20.04346969,19.07069329,19.72990074,19.76909686,19.50897716,19.39495209,19.86174223,20.69198728,21.53700814,21.77614719,22.30152845,22.15659569,22.07439,19.804878,22.01564858,22.78560386,22.30732576,22.71494914,22.02651853,22.09101361,22.31554878,24.11878687,25.3247262,25.71363915,24.17020636,26.61295669,657.4988743
Eurasia,        Tajikistan,--,--,--,--,--,--,--,--,--,--,--,--,0.00369591,0,0.00122499,0.00144486,0.00103653,0.001478992,0.002218488,0.002218488,0.001478992,0.00184874,0.000739496,0.001478992,0.001442017,0.001515967,0.001331093,0.000739496,0.001109244,0.001405043,0.001515967,0.000702521,0.000554622,0.000480672,0.000443698,0.000739496,0.000702356,0.000701531,0.000679452,0.000673637,0.000683131,0.000683131,0.034967552
Eurasia,        Turkmenistan,--,--,--,--,--,--,--,--,--,--,--,--,2.11495047,2.39596527,1.31629887,1.19428149,1.36807302,0.942857528,0.488067426,0.824538152,1.719328433,1.782185601,1.978152068,2.185210976,2.165614329,2.329412715,2.174118534,2.36638752,2.36638752,1.280067749,1.534454408,2.253614365,2.44033713,2.66218596,2.81008518,2.963974318,2.818664569,2.863763202,3.008750904,3.091916438,2.944720802,3.217032729,63.60139768
Eurasia,        Ukraine,--,--,--,--,--,--,--,--,--,--,--,--,0.76243664,0.70042565,0.66394009,0.64902483,0.67293831,0.669243971,0.669243971,0.66184901,0.66554649,0.672941451,0.680336412,0.721008698,0.709916256,0.717311217,0.721008698,0.662474085,0.667771335,0.683285215,0.667072098,0.667072098,0.667072098,0.687286404,0.677179251,0.64011969,0.664034311,0.664674425,0.674442756,0.665006811,0.65350433,0.637242164,20.31540877
Eurasia,        Uzbekistan,--,--,--,--,--,--,--,--,--,--,--,--,1.5341522,1.6130177,1.69187305,1.72393704,1.72393704,1.767035466,1.968161454,1.996893738,2.025626022,2.266258901,2.072315984,2.064450521,2.14989315,2.14378754,2.253329373,2.341286077,2.427877998,2.20549012,2.158871989,2.264103979,2.201970415,2.141632619,2.134808701,2.000485274,1.85431102,1.871628604,2.00357356,2.008251047,1.649932285,1.784809793,60.04370266
