Continent,Country,1980,1981,1982,1983,1984,1985,1986,1987,1988,1989,1990,1991,1992,1993,1994,1995,1996,1997,1998,1999,2000,2001,2002,2003,2004,2005,2006,2007,2008,2009,2010,2011,2012,2013,2014,2015,2016,2017,2018,2019,2020,2021,Production_Petrolium
Africa,        Algeria,2.31538521,2.12255246,2.108013674,2.052859918,2.248413236,2.295407851,2.396066243,2.413230191,2.366332073,2.482710234,2.642999807,2.631856135,2.703338196,2.635683223,2.601442441,2.624489872,2.773842589,2.848866994,2.811130845,2.776454244,2.877078153,3.028438198,3.235838884,3.574528003,3.708672651,3.922666514,3.94563062,3.946003438,3.931314519,3.816078695,3.752900588,3.719524988,3.751130387,3.520136978,3.435423036,3.579756852,3.390287443,3.251294692,3.139809743,3.127441395,2.80412633,2.818340169,126.1274977
Africa,        Angola,0.31996,0.27654,0.25952,0.376531656,0.443722452,0.491390169,0.599880635,0.765800396,0.964157484,0.967888089,1.010433004,1.063613014,1.122668605,1.082758092,1.141037707,1.374682785,1.511874233,1.518430749,1.563685277,1.584607847,1.592120157,1.579216934,1.906780457,1.919922628,2.247934101,2.651640917,3.007622023,3.703411725,4.176123963,4.007541021,4.075000282,3.749738825,3.827059789,3.852835324,3.727531423,3.87386645,3.817211432,3.613781189,3.484186228,3.177631628,2.774720182,2.504617249,87.70967612
Africa,        Benin,0,0,0,0.00896,0.01573,0.01793,0.01793,0.01569,0.01124,0.008967432,0.008967432,0.008967432,0.0125888,0.013002776,0.013226962,0.006725574,0.004496,0.002914415,0.002241858,0.002241858,0.00155112,0.001569301,0.001793486,0.000896743,0,0,0,0,0,0,0,0,0,0,0,0,0,0,0,0,0,0,0.177631189
Africa,        Botswana,0,0,0,0,0,0,0,0,0,0,0,0,0,0,0,0,0,0,0,0,0,0,0,0,0,0,0,0,0,0,0,0,0,0,0,0,0,0,0,0,0,0,0
Africa,        Burkina Faso,0,0,0,0,0,0,0,0,0,0,0,0,0,0,0,0,0,0,0,0,0,0,0,0,0,0,0,0,0,0,0,0,0,0,0,0,0,0,0,0,0,0,0
Africa,        Burundi,0,0,0,0,0,0,0,0,0,0,0,0,0,0,0,0,0,0,0,0,0,0,0,0,0,0,0,0,0,0,0,0,0,0,0,0,0,0,0,0,0,0,0
Africa,        Cabo Verde,0,0,0,0,0,0,0,0,0,0,0,0,0,0,0,0,0,0,0,0,0,0,0,0,0,0,0,0,0,0,0,0,0,0,0,0,0,0,0,0,0,0,0
Africa,        Cameroon,0.12626,0.18888,0.23664,0.2475,0.29389,0.40164,0.38427,0.37776,0.354845506,0.36907311,0.349533946,0.332165799,0.304775281,0.274833072,0.234351016,0.240983031,0.235148048,0.269206269,0.262693214,0.21710183,0.184655515,0.166401117,0.151578713,0.145458226,0.143655983,0.17870752,0.187581929,0.179819795,0.177042081,0.166960229,0.141116189,0.133865583,0.137148876,0.136244781,0.162826372,0.212759793,0.200280899,0.16490936,0.149485019,0.150265102,0.145131595,0.137215157,9.254659956
Africa,        Central African Republic,0,0,0,0,0,0,0,0,0,0,0,0,0,0,0,0,0,0,0,0,0,0,0,0,0,0,0,0,0,0,0,0,0,0,0,0,0,0,0,0,0,0,0
Africa,        Chad,0,0,0,0,0,0,0,0,0,0,0,0,0,0,0,0,0,0,0,0,0,0,0,0.0821496,0.3895944,0.4023552,0.3596736,0.32843616,0.29042208,0.27210768,0.2790528,0.26184288,0.23862384,0.22776,0.2755896,0.2801448,0.26035776,0.291348581,0.29953911,0.2915328,0.26450736,0.2002728,5.295311051
Africa,        Comoros,0,0,0,0,0,0,0,0,0,0,0,0,0,0,0,0,0,0,0,0,0,0,0,0,0,0,0,0,0,0,0,0,0,0,0,0,0,0,0,0,0,0,0
Africa,        Congo-Brazzaville,0.13751,0.17511,0.18776,0.18354,0.25597,0.25316,0.25105,0.25949,0.304629333,0.345991042,0.348100744,0.32911343,0.368093778,0.381855967,0.379543966,0.396357998,0.425055718,0.553298774,0.578123892,0.590003499,0.611647162,0.556400707,0.543225916,0.535050767,0.510529101,0.494366754,0.519331557,0.448182666,0.504624106,0.576219466,0.726943602,0.620211325,0.566682255,0.519144533,0.504858403,0.514232483,0.430002259,0.529254791,0.729445266,0.70510735,0.608579642,0.569046504,19.02684476
Africa,        Congo-Kinshasa,0.04303,0.04292,0.04935,0.05365,0.06885,0.07081,0.06867,0.06867,0.06455,0.060082058,0.062227846,0.060082058,0.055943333,0.053644695,0.056348975,0.064373634,0.06455,0.060787523,0.057589417,0.047207332,0.055943333,0.051498907,0.048635897,0.047207332,0.045367245,0.0423749,0.042915756,0.047542427,0.042942211,0.047207332,0.045061544,0.043262609,0.043033333,0.042915756,0.042915756,0.042915756,0.043033333,0.040769968,0.053644695,0.051498907,0.049488333,0.047207332,2.190719533
Africa,        Côte d’Ivoire,0.00216,0.01507,0.01938,0.04953,0.0583,0.0603,0.04307,0.03876,0.02591,0.004306535,0.004306535,0.004306535,0.00323875,0.001076604,0.014642218,0.017276283,0.034546667,0.040410633,0.043065346,0.03229901,0.024824517,0.02368594,0.025839208,0.040912079,0.056138333,0.083977425,0.133502573,0.1119699,0.127747155,0.124496016,0.0943839,0.085245788,0.081865453,0.07967089,0.077517623,0.063707215,0.087499344,0.081874923,0.07961568,0.084654173,0.079379684,0.071018358,2.231481293
Africa,        Djibouti,0,0,0,0,0,0,0,0,0,0,0,0,0,0,0,0,0,0,0,0,0,0,0,0,0,0,0,0,0,0,0,0,0,0,0,0,0,0,0,0,0,0,0
Africa,        Egypt,1.320366111,1.323242179,1.484292213,1.616569687,1.826850787,1.965963836,1.800585912,1.981807518,1.90128153,1.950864383,1.959141982,1.970319872,1.935312844,1.956218237,1.96876696,2.022867262,2.035637865,1.892730663,1.845570648,1.894828965,1.728799317,1.625416839,1.610532167,1.607139692,1.522349201,1.46705242,1.421573088,1.415806004,1.441567774,1.463517097,1.484396929,1.496710902,1.510610921,1.507329366,1.508326826,1.539845485,1.475122273,1.509387711,1.546591082,1.517402543,1.444824558,1.392547478,69.89006913
Africa,        Equatorial Guinea,0,0,0,0,0,0,0,0,0,0,0,0.000199436,0.003199718,0.00897462,0.009993656,0.009975078,0.033997008,0.104548176,0.16553188,0.20342472,0.33497052,0.3618534,0.42392444,0.411767286,0.734928012,0.742156,0.713362744,0.72302649,0.706766739,0.677674695,0.630734242,0.585510082,0.609877366,0.569116114,0.5451421,0.5251985,0.479159148,0.394891633,0.362344275,0.32691647,0.309922712,0.27915814,11.9882454
Africa,        Eritrea,--,--,--,--,--,--,--,--,--,--,--,--,--,--,0,0,0,0,0,0,0,0,0,0,0,0,0,0,0,0,0,0,0,0,0,0,0,0,0,0,0,0,0
Africa,        Eswatini,0,0,0,0,0,0,0,0,0,0,0,0,0,0,0,0,0,0,0,0,0,0,0,0,0,0,0,0,0,0,0,0,0,0,0,0,0,0,0,0,0,0,0
Africa,        Ethiopia,0,0,0,0,0,0,0,0,0,0,0,0,0,0,0,0,0,0,0,0,0,0,0,0,0,0,0,0,0,0,0,0,0,0,0,0,0,0,0,0,0,0,0
Africa,        Gabon,0.37713,0.32452,0.33526,0.33741,0.33834,0.36965,0.35675,0.33311,0.342649543,0.447021227,0.580085409,0.631794319,0.641444843,0.673658399,0.7060957,0.783806266,0.793827738,0.795888557,0.755996977,0.711424391,0.678834,0.580267939,0.539864097,0.518837849,0.515163702,0.57235246,0.509818524,0.524864363,0.534741489,0.520368743,0.528423604,0.518702423,0.495656571,0.472810913,0.472810913,0.458473496,0.454322417,0.427355119,0.420878258,0.43365534,0.374185972,0.376187911,21.56443947
Africa,"        Gambia, The",0,0,0,0,0,0,0,0,0,0,0,0,0,0,0,0,0,0,0,0,0,0,0,0,0,0,0,0,0,0,0,0,0,0,0,0,0,0,0,0,0,0,0
Africa,        Ghana,0.00432,0.00431,0.00431,0.00431,0.00432,0.00215,0.00065,0,0,0,0,0,0.002389834,0.003466624,0.003033296,0.00866656,0.013035456,0.0108332,0.0108332,0.01299984,0.015208032,0.01516648,0.01516648,0.01516648,0.015208032,0.01299984,0.01299984,0.01299984,0.013035456,0.01299984,0.015576064,0.165774672,0.170232608,0.212140768,0.227538752,0.22176896,0.213696,0.326612373,0.374046949,0.433332108,0.433371338,0.389755817,3.414424739
Africa,        Guinea,0,0,0,0,0,0,0,0,0,0,0,0,0,0,0,0,0,0,0,0,0,0,0,0,0,0,0,0,0,0,0,0,0,0,0,0,0,0,0,0,0,0,0
Africa,        Guinea-Bissau,0,0,0,0,0,0,0,0,0,0,0,0,0,0,0,0,0,0,0,0,0,0,0,0,0,0,0,0,0,0,0,0,0,0,0,0,0,0,0,0,0,0,0
Africa,        Kenya,0,0,0,0,0,0,0,0,0,0,0,0,0,0,0,0,0,0,0,0,0,0,0,0,0,0,0,0,0,0,0,0,0,0,0,0,0,0,0,0,0,0,0
Africa,        Lesotho,0,0,0,0,0,0,0,0,0,0,0,0,0,0,0,0,0,0,0,0,0,0,0,0,0,0,0,0,0,0,0,0,0,0,0,0,0,0,0,0,0,0,0
Africa,        Liberia,0,0,0,0,0,0,0,0,0,0,0,0,0,0,0,0,0,0,0,0,0,0,0,0,0,0,0,0,0,0,0,0,0,0,0,0,0,0,0,0,0,0,0
Africa,        Libya,3.84046215,2.459019025,2.487494925,2.377583249,2.35678265,2.272857375,2.226537251,2.096193751,2.530758065,2.47970176,2.953898931,3.189805199,3.09252669,2.933662298,2.968882273,2.993455265,3.038912154,3.143077975,3.025585639,2.875464565,3.075829248,2.978951781,2.882479315,3.097482493,3.310903473,3.621336704,3.863545394,3.994589858,4.033451393,3.816210666,3.826750038,1.081837906,3.212814482,2.167268306,1.191581624,1.025628421,0.995633309,1.908161752,2.196455272,2.503105796,0.878445835,2.632960372,113.6380846
Africa,        Madagascar,0,0,0,0,0,0,0,0,0,0,0,0,0,0,0,0,0,0,0,0,0,0,0,0,0,0,0,0,0,0,0,0,0,0,0,0,0,0,0,0,0,0,0
Africa,        Malawi,0,0,0,0,0,0,0,0,0,0,0,0,0,0,0,0,0,0,0,0,0,0,0,0,0,0,0,0,0,0,0,0,0,0,0,0,0,0,0,0,0,0,0
Africa,        Mali,0,0,0,0,0,0,0,0,0,0,0,0,0,0,0,0,0,0,0,0,0,0,0,0,0,0,0,0,0,0,0,0,0,0,0,0,0,0,0,0,0,0,0
Africa,        Mauritania,0,0,0,0,0,0,0,0,0,0,0,0,0,0,0,0,0,0,0,0,0,0,0,0,0,0,0.06543548,0.03203856,0.027500935,0.024031877,0.017592899,0.016535919,0.014094215,0.014426135,0.012828873,0.011212325,0.01036335,0,0,0,0,0,0.246060568
Africa,        Mauritius,0,0,0,0,0,0,0,0,0,0,0,0,0,0,0,0,0,0,0,0,0,0,0,0,0,0,0,0,0,0,0,0,0,0,0,0,0,0,0,0,0,0,0
Africa,        Morocco,0.0021,0.00209,0.00209,0.00209,0.0021,0.00209,0.001043841,0.00084,0.00084,0.000628279,0.000628279,0.000628279,0.00042,0.000418852,0.000418852,0.000628279,0.00063,0,0.000209426,0.000418852,0.00063,0.000837705,0.000544508,0.000418852,0.00042,0.000293197,0.000418852,0.000460738,0.000378,0.000335082,0.000418852,0.000418852,0.000294,0.000335082,0.000335082,0.000335082,0.000336,0.000335082,0.000209426,0.000146598,0.000105,5.24E-05,0.028371286
Africa,        Mozambique,0,0,0,0,0,0,0,0,0,0,0,0,0,0,0,0,0,0,0,0,0,0,0,0,0,0,0,0,0,0,0,0,0,0,0,0,0,0,0,0,0,0,0
Africa,        Namibia,--,--,--,--,--,--,--,--,--,--,0,0,0,0,0,0,0,0,0,0,0,0,0,0,0,0,0,0,0,0,0,0,0,0,0,0,0,0,0,0,0,0,0
Africa,        Niger,0,0,0,0,0,0,0,0,0,0,0,0,0,0,0,0,0,0,0,0,0,0,0,0,0,0,0,0,0,0,0,0.0145285,0.0434076,0.043289,0.043289,0.0303023,0.02821494,0.028043415,0.0259734,0.02380895,0.02061268,0.0173156,0.318785385
Africa,        Nigeria,4.42216132,3.075923359,2.77928884,2.663753399,2.98692536,3.20812312,3.14853292,2.877397321,3.1206376,3.682778081,3.88462792,4.060187123,4.180562982,4.206245752,4.144152872,4.276852882,4.305453239,4.576856747,4.621756484,4.571117859,4.659259172,4.842168567,4.545363426,4.882612111,5.012118972,5.639015428,5.236440712,5.042812064,4.660205854,4.739483761,5.247502525,5.388558025,5.367507538,5.031359328,5.116907557,4.731053943,4.103639192,4.255705877,4.18504852,4.256163163,3.93091491,3.437343653,179.1045195
Africa,        Reunion,0,0,0,0,0,0,0,0,0,0,0,0,0,0,0,0,0,0,0,0,0,0,0,0,0,0,0,0,0,0,0,0,0,0,0,0,0,0,0,0,0,0,0
Africa,        Rwanda,0,0,0,0,0,0,0,0,0,0,0,0,0,0,0,0,0,0,0,0,0,0,0,0,0,0,0,0,0,0,0,0,0,0,0,0,0,0,0,0,0,0,0
Africa,        Saint Helena,0,0,0,0,0,0,0,0,0,0,0,0,0,0,0,0,0,0,0,0,0,0,0,0,0,0,0,0,0,0,0,0,0,0,0,0,0,0,0,0,0,0,0
Africa,        Sao Tome and Principe,0,0,0,0,0,0,0,0,0,0,0,0,0,0,0,0,0,0,0,0,0,0,0,0,0,0,0,0,0,0,0,0,0,0,0,0,0,0,0,0,0,0,0
Africa,        Senegal,0,0,0,0,0,0,0,0,0,0,0,0,0,0,0,0,0,0,0,0,0,0,0,0,0,0,0,0,0,0,0,0,0,0,0,0,0,0,0,0,0,0,0
Africa,        Seychelles,0,0,0,0,0,0,0,0,0,0,0,0,0,0,0,0,0,0,0,0,0,0,0,0,0,0,0,0,0,0,0,0,0,0,0,0,0,0,0,0,0,0,0
Africa,        Sierra Leone,0,0,0,0,0,0,0,0,0,0,0,0,0,0,0,0,0,0,0,0,0,0,0,0,0,0,0,0,0,0,0,0,0,0,0,0,0,0,0,0,0,0,0
Africa,        Somalia,0,0,0,0,0,0,0,0,0,0,0,0,0,0,0,0,0,0,0,0,0,0,0,0,0,0,0,0,0,0,0,0,0,0,0,0,0,0,0,0,0,0,0
Africa,        South Africa,0,0,0,0,0,0,0,0,0,0,0,0,0.003232915,0.018665735,0.018665735,0.018665735,0.018716874,0.018665735,0.055832225,0.06807991,0.066933824,0.066196117,0.052927549,0.072402524,0.124437458,0.081216259,0.053496744,0.043336987,0.038843198,0.016743645,0.0156971,0.016743645,0.016608494,0.015878124,0.01467884,0.01467884,0.009245526,0.007945493,0.007046908,0.006285448,0.005658816,0.005331349,0.972857752
Africa,        South Sudan,--,--,--,--,--,--,--,--,--,--,--,--,--,--,--,--,--,--,--,--,--,--,--,--,--,--,--,--,--,--,--,--,0.04244656,0.214829763,0.274197731,0.283245721,0.2836872,0.278580523,0.289098001,0.291543302,0.30242832,0.291565274,2.551622395
Africa,        Sudan,0,0,0,0,0,0,0,0,0,0,0,0,0.000558223,0.000556698,0.000185566,0.000371132,0.003707253,0.009239662,0.0185566,0.1282439,0.346098384,0.388076972,0.4430706,0.50054522,0.63733024,0.649481,0.70164284,0.860604268,0.8890645,0.89712264,0.902226976,0.84109696,0.17125633,0.248297217,0.210993809,0.201096639,0.195139172,0.189922804,0.124893718,0.129618033,0.120437292,0.124165802,9.93360045
Africa,        Tanzania,0,0,0,0,0,0,0,0,0,0,0,0,0,0,0,0,0,0,0,0,0,0,0,0,0,0,0,0,0,0,0,0,0,0,0,0,0,0,0,0,0,0,0
Africa,        Togo,0,0,0,0,0,0,0,0,0,0,0,0,0,0,0,0,0,0,0,0,0,0,0,0,0,0,0,0,0,0,0,0,0,0,0,0,0,0,0,0,0,0,0
Africa,        Tunisia,0.22856,0.24451,0.24865,0.24865,0.24933,0.23622,0.23,0.2243485,0.221876745,0.225414661,0.200549842,0.223342593,0.234343216,0.209340683,0.196255431,0.186295799,0.18232627,0.175515368,0.167857231,0.174221035,0.166702663,0.148956834,0.161767897,0.159495232,0.168873318,0.158544115,0.161524487,0.177317458,0.177047733,0.167098171,0.161539438,0.13800287,0.136230794,0.130908644,0.109046906,0.080872455,0.085249514,0.085462329,0.081774795,0.076716172,0.070923998,0.085847633,7.19751083
Africa,        Uganda,0,0,0,0,0,0,0,0,0,0,0,0,0,0,0,0,0,0,0,0,0,0,0,0,0,0,0,0,0,0,0,0,0,0,0,0,0,0,0,0,0,0,0
Africa,        Western Sahara,0,0,0,0,0,0,0,0,0,0,0,0,0,0,0,0,0,0,0,0,0,0,0,0,0,0,0,0,0,0,0,0,0,0,0,0,0,0,0,0,0,0,0
Africa,        Zambia,0,0,0,0,0,0,0,0,0,0,0,0,0,0,0,0,0,0,0,0,0,0,0,0,0,0,0,0,0,0,0,0,0,0,0,0,0,0,0,0,0,0,0
Africa,        Zimbabwe,0,0,0,0,0,0,0,0,0,0,0,0,0,0,0,0,0,0,0,0,0,0,0,0,0,0,0,0,0,0,0,0,0,0,0,0,0,0,0,0,0,0,0
Asia & Oceania,        Afghanistan,0,0,0,0,0,0,0,0,0,0,0,0,0,0,0,0,0,0,0,0,0,0,0,0,0,0,0,0,0,0,0,0,0,0,0,0,0,0,0,0,0,0,0
Asia & Oceania,        American Samoa,0,0,0,0,0,0,0,0,0,0,0,0,0,0,0,0,0,0,0,0,0,0,0,0,0,0,0,0,0,0,0,0,0,0,0,0,0,0,0,0,0,0,0
Asia & Oceania,        Australia,0.8809884,0.907481,0.8454042,0.9283842,1.08922756,1.27246025,1.152651,1.21546025,1.203547859,1.099401604,1.269326669,1.205116111,1.180151699,1.1102111,1.17962829,1.225216465,1.26045788,1.307490321,1.216700889,1.210038453,1.583014727,1.453499899,1.399713242,1.166170495,1.019699525,1.068572722,1.030139196,1.039873361,1.052043223,1.064571138,1.085176176,0.933525555,0.921678708,0.771798621,0.810895374,0.732742806,0.678135634,0.616626017,0.669224661,0.878312784,0.877532315,0.841209898,44.45350028
Asia & Oceania,        Bangladesh,0,0,0,0.000422222,0.000846758,0.001499031,0.001507305,0.001503475,0.00171669,0.001352754,0.001987016,0.001775595,0.00220446,0.002409858,0.003255541,0.002621278,0.00326446,0.003678382,0.003466961,0.003255541,0.00559646,0.00744341,0.013128721,0.013128721,0.01301646,0.012980896,0.012980896,0.012980896,0.012309793,0.010866688,0.010866688,0.010866688,0.010189793,0.008752481,0.008752481,0.008752481,0.00877646,0.025489164,0.024081623,0.022603373,0.022374583,0.021841799,0.334547882
Asia & Oceania,        Bhutan,0,0,0,0,0,0,0,0,0,0,0,0,0,0,0,0,0,0,0,0,0,0,0,0,0,0,0,0,0,0,0,0,0,0,0,0,0,0,0,0,0,0,0
Asia & Oceania,        Brunei,0.56215905,0.390048125,0.370778125,0.387908125,0.36818245,0.3521894,0.3800194,0.31565159,0.312221156,0.299019881,0.33755256,0.361100308,0.373974294,0.374597196,0.379811131,0.369553344,0.351709821,0.367271028,0.37288959,0.425627162,0.450570195,0.454102196,0.391696757,0.406561808,0.425340024,0.437949409,0.462206529,0.353354316,0.326118387,0.308205981,0.31679727,0.355865996,0.333961362,0.283122244,0.26513496,0.265805493,0.253599545,0.236110145,0.232675858,0.254030904,0.231007815,0.224001221,14.72048215
Asia & Oceania,        Burma,0.0661,0.05933,0.06592,0.06592,0.07051,0.06592,0.05274,0.03735,0.029757291,0.034546719,0.030152093,0.034546719,0.031642351,0.031397194,0.030672609,0.021570314,0.01794494,0.020093224,0.02448785,0.02119188,0.02684739,0.022244513,0.033277103,0.033229493,0.044305372,0.044243039,0.05085561,0.046816165,0.047365906,0.040055664,0.044986074,0.04426367,0.04438494,0.04426367,0.043330564,0.033277103,0.033368274,0.02448785,0.020093224,0.01789591,0.017630724,0.017072285,1.586087727
Asia & Oceania,        Cambodia,0,0,0,0,0,0,0,0,0,0,0,0,0,0,0,0,0,0,0,0,0,0,0,0,0,0,0,0,0,0,0,0,0,0,0,0,0,0,0,0,0,0,0
Asia & Oceania,        China,4.548402534,4.31836064,4.38823,4.548317545,4.93962864,5.37567274,5.622707295,5.7723,5.874871275,5.915624532,5.952548752,6.083447509,6.120905817,6.201041127,6.307230882,6.416157072,6.73775036,6.867411798,6.862767385,6.855935982,6.990412324,7.08126916,7.273639231,7.314880446,7.499404751,7.746467804,7.884044145,8.021216138,8.159838152,8.149939286,8.757404572,8.699481557,8.770693733,8.94225764,9.037614501,9.186617862,8.578725551,8.207669597,8.133682329,8.215247633,8.375406069,8.564289992,295.2995144
Asia & Oceania,        Cook Islands,0,0,0,0,0,0,0,0,0,0,0,0,0,0,0,0,0,0,0,0,0,0,0,0,0,0,0,0,0,0,0,0,0,0,0,0,0,0,0,0,0,0,0
Asia & Oceania,        Fiji,0,0,0,0,0,0,0,0,0,0,0,0,0,0,0,0,0,0,0,0,0,0,0,0,0,0,0,0,0,0,0,0,0,0,0,0,0,0,0,0,0,0,0
Asia & Oceania,        French Polynesia,0,0,0,0,0,0,0,0,0,0,0,0,0,0,0,0,0,0,0,0,0,0,0,0,0,0,0,0,0,0,0,0,0,0,0,0,0,0,0,0,0,0,0
Asia & Oceania,        Guam,0,0,0,0,0,0,0,0,0,0,0,0,0,0,0,0,0,0,0,0,0,0,0,0,0,0,0,0,0,0,0,0,0,0,0,0,0,0,0,0,0,0,0
Asia & Oceania,        Hawaiian Trade Zone,0,0,0,0,0,0,0,--,--,--,--,--,--,--,--,--,--,--,--,--,--,--,--,--,--,--,--,--,--,--,--,--,--,--,--,--,--,--,--,--,--,--,0
Asia & Oceania,        Hong Kong,0,0,0,0,0,0,0,0,0,0,0,0,0,0,0,0,0,0,0,0,0,0,0,0,0,0,0,0,0,0,0,0,0,0,0,0,0,0,0,0,0,0,0
Asia & Oceania,        India,0.38162,0.6802716,0.817199,1.005399,1.0916172,1.299828,1.325775,1.285223,1.3466324,1.480552919,1.396909324,1.302810279,1.223456202,1.166731277,1.308696485,1.549894476,1.499768663,1.553415797,1.534202682,1.515881297,1.506785135,1.511210413,1.583144162,1.585014614,1.634388175,1.582945417,1.638479763,1.636574075,1.639785548,1.609141642,1.765142093,1.82747059,1.823680103,1.807201298,1.793417173,1.772302119,1.735246609,1.743651984,1.706971023,1.618733949,1.516644787,1.466086134,61.26990141
Asia & Oceania,        Indonesia,3.4695672,3.5567305,2.923892,2.9530186,3.077837,2.8412136,2.956647,2.858177,2.863910607,3.05869744,3.177147419,3.448028956,3.271115434,3.282081241,3.282617281,3.260904655,3.36990322,3.310122553,3.310038408,3.213089652,3.134539058,2.928385259,2.735393502,2.535614727,2.410241736,2.255562348,2.128230963,2.019295742,2.086121332,2.041189905,2.047802162,1.949172204,1.874662859,1.791069966,1.721203954,1.707009764,1.799112425,1.722760132,1.65452763,1.594375417,1.525824589,1.415827465,108.5626629
Asia & Oceania,        Japan,0.023184296,0.01665994,0.02096994,0.02096994,0.017920061,0.024330064,0.028473697,0.026629495,0.026543473,0.024317682,0.024317682,0.032930752,0.037339306,0.040525128,0.029814581,0.030319231,0.031353924,0.028259852,0.027907923,0.025577675,0.027783623,0.027853521,0.027516021,0.028139242,0.030375502,0.033122529,0.033451219,0.034691628,0.036030891,0.033290994,0.031775104,0.030484476,0.029388952,0.028998874,0.0276024,0.026516917,0.021129142,0.020440057,0.018195344,0.01911139,0.018708332,0.01789307,1.14084387
Asia & Oceania,        Kiribati,0,0,0,0,0,0,0,0,0,0,0,0,0,0,0,0,0,0,0,0,0,0,0,0,0,0,0,0,0,0,0,0,0,0,0,0,0,0,0,0,0,0,0
Asia & Oceania,        Laos,0,0,0,0,0,0,0,0,0,0,0,0,0,0,0,0,0,0,0,0,0,0,0,0,0,0,0,0,0,0,0,0,0,0,0,0,0,0,0,0,0,0,0
Asia & Oceania,        Macau,0,0,0,0,0,0,0,0,0,0,0,0,0,0,0,0,0,0,0,0,0,0,0,0,0,0,0,0,0,0,0,0,0,0,0,0,0,0,0,0,0,0,0
Asia & Oceania,        Malaysia,0.58801,0.54896,0.6363,0.75898,0.9335806,0.93104015,1.062510135,1.051170165,1.14371466,1.23416339,1.306473119,1.3626173,1.382560336,1.358190455,1.36855765,1.451378871,1.481490392,1.535662175,1.642257432,1.577916879,1.543697537,1.48343666,1.573111313,1.663082239,1.6387388,1.570134595,1.485235606,1.485158733,1.495816663,1.414788804,1.430225004,1.293385981,1.31134525,1.250433687,1.310173171,1.411815919,1.479405683,1.459191971,1.447369635,1.349821352,1.237100165,1.136426736,54.82542921
Asia & Oceania,        Maldives,0,0,0,0,0,0,0,0,0,0,0,0,0,0,0,0,0,0,0,0,0,0,0,0,0,0,0,0,0,0,0,0,0,0,0,0,0,0,0,0,0,0,0
Asia & Oceania,        Micronesia,0,0,0,0,0,0,0,0,0,0,0,0,0,0,0,0,0,0,0,0,0,0,0,0,0,0,0,0,0,0,0,0,0,0,0,0,0,0,0,0,0,0,0
Asia & Oceania,        Mongolia,0,0,0,0,0,0,0,0,0,0,0,0,0,0,0,0,0,0,0.000219365,0.00043873,0.000393739,0.000443117,0.000835781,0.001099019,0.0012956,0.001206508,0.002263847,0.005109011,0.007056509,0.011238069,0.013109252,0.015318907,0.02185254,0.030824064,0.044504825,0.050841258,0.05152974,0.043873,0.042576246,0.040500422,0.038630796,0.036641299,0.461801644
Asia & Oceania,        Nauru,0,0,0,0,0,0,0,0,0,0,0,0,0,0,0,0,0,0,0,0,0,0,0,0,0,0,0,0,0,0,0,0,0,0,0,0,0,0,0,0,0,0,0
Asia & Oceania,        Nepal,0,0,0,0,0,0,0,0,0,0,0,0,0,0,0,0,0,0,0,0,0,0,0,0,0,0,0,0,0,0,0,0,0,0,0,0,0,0,0,0,0,0,0
Asia & Oceania,        New Caledonia,0,0,0,0,0,0,0,0,0,0,0,0,0,0,0,0,0,0,0,0,0,0,0,0,0,0,0,0,0,0,0,0,0,0,0,0,0,0,0,0,0,0,0
Asia & Oceania,        New Zealand,0.015434012,0.02134993,0.03127993,0.03275964,0.036829972,0.042189935,0.062049935,0.060069935,0.0716858,0.081420306,0.085392454,0.088865903,0.082538246,0.088510422,0.086333903,0.071444715,0.080191083,0.124664386,0.102998907,0.093844847,0.083626145,0.077765915,0.072030774,0.055086324,0.047072459,0.046616123,0.042856186,0.087524268,0.123685403,0.115096493,0.112673092,0.09707077,0.088774094,0.075989891,0.088913836,0.090919173,0.0781076,0.035947961,0.030753569,0.031803839,0.027628142,0.024011435,2.893807753
Asia & Oceania,        Niue,0,0,0,0,0,0,0,0,0,0,0,0,0,0,0,0,0,0,0,0,0,0,0,0,0,0,0,0,0,0,0,0,0,0,0,0,0,0,0,0,0,0,0
Asia & Oceania,        North Korea,0,0,0,0,0,0,0,0,0,0,0,0,0,0,0,0,0,0,0,0,0,0,0,0,0,0,0,0,0,0,0,0,0,0,0,0,0,0,0,0,0,0,0
Asia & Oceania,        Northern Mariana Islands,0,0,0,0,0,0,0,0,0,0,0,0,0,0,0,0,0,0,0,0,0,0,0,0,0,0,0,0,0,0,0,0,0,0,0,0,0,0,0,0,0,0,0
Asia & Oceania,        Pakistan,0.021460909,0.021410032,0.025620032,0.027730032,0.03626003,0.074120032,0.088880032,0.088880032,0.095471094,0.101536317,0.131057989,0.133930393,0.133783009,0.130351323,0.120216499,0.128174278,0.121096201,0.124982718,0.121218777,0.118800155,0.120831518,0.133803339,0.143128427,0.134382263,0.139097781,0.143172049,0.143255605,0.154327227,0.140972388,0.137955509,0.143425846,0.145556716,0.156527842,0.177187079,0.20460006,0.196615921,0.187193407,0.216142064,0.217604968,0.207916544,0.1854698,0.202720571,5.476866808
Asia & Oceania,        Papua New Guinea,0,0,0,0,0,0,0,0,0,0,0,0.000409311,0.108764586,0.258325704,0.224622027,0.204773247,0.21211281,0.163926252,0.161806806,0.19781496,0.143778574,0.138142462,0.112874517,0.10333701,0.093535974,0.082438039,0.099249507,0.078716673,0.084867552,0.080937045,0.06302268,0.059680908,0.056086821,0.062288163,0.101004498,0.117679716,0.114904251,0.103186473,0.07288453,0.072353289,0.080768028,0.076199029,3.530491442
Asia & Oceania,        Philippines,0.03239,0.00431,0.01723,0.028,0.02591,0.01938,0.01723,0.01292,0.01296,0.010770492,0.010124262,0.006462295,0.01728,0.019602295,0.013170098,0.007241311,0.00432,0.002154098,0.001723279,0.001938689,0.00247104,0.018224262,0.021222177,0.02968563,0.054,0.053852459,0.053852459,0.053038865,0.053031228,0.075393443,0.071085246,0.073239344,0.0648,0.075393443,0.081855738,0.051963934,0.0432,0.006462295,0.004308197,0.002154098,0.002121397,0.002053257,1.158525331
Asia & Oceania,        Samoa,0,0,0,0,0,0,0,0,0,0,0,0,0,0,0,0,0,0,0,0,0,0,0,0,0,0,0,0,0,0,0,0,0,0,0,0,0,0,0,0,0,0,0
Asia & Oceania,        Singapore,0,0,0,0,0,0,0,0,0,0,0,0,0,0,0,0,0,0,0,0,0,0,0,0,0,0,0,0,0,0,0,0,0,0,0,0,0,0,0,0,0,0,0
Asia & Oceania,        Solomon Islands,0,0,0,0,0,0,0,0,0,0,0,0,0,0,0,0,0,0,0,0,0,0,0,0,0,0,0,0,0,0,0,0,0,0,0,0,0,0,0,0,0,0,0
Asia & Oceania,        South Korea,0,0,0,0,0,0,0,0,0,0,0,0,0,0,0,0,0,0,0,0,0,0,0,0,0,0,0,0,0,0,0,0,0,0,0,0,0,0,0,0,0,0,0
Asia & Oceania,        Sri Lanka,0,0,0,0,0,0,0,0,0,0,0,0,0,0,0,0,0,0,0,0,0,0,0,0,0,0,0,0,0,0,0,0,0,0,0,0,0,0,0,0,0,0,0
Asia & Oceania,        Taiwan,0.014360632,0.01390975,0.01110947,0.01110947,0.011149732,0.00741028,0.00741028,0.00972028,0.007426567,0.007406276,0.008317163,0.006471553,0.006026617,0.003794227,0.004116017,0.003466478,0.00417595,0.0032843,0.002774374,0.002543673,0.002127225,0.002264448,0.002169784,0.002192258,0.001892665,0.001329197,0.000978531,0.00074783,0.000682792,0.000678619,0.000607102,0.000491751,0.000495412,0.000494058,0.000494058,0.000494058,0.000495412,0.000494058,0.000494058,0.000494058,0.000495412,0.001331733,0.167927608
Asia & Oceania,        Thailand,0.00068,0.002268115,0.021770575,0.03489088,0.059129074,0.1069695,0.10609816,0.0983185,0.108695852,0.109684245,0.122081316,0.126692466,0.140190762,0.144394735,0.163042971,0.177069263,0.19623708,0.244997986,0.268363376,0.290271407,0.349016251,0.357527646,0.396360763,0.497052746,0.490159552,0.583115572,0.66166127,0.695213375,0.735951624,0.761300432,0.781312292,0.808822601,0.877874471,0.869402633,0.859381338,0.896000833,0.920082748,0.89703629,0.871954802,0.867691662,0.799944409,0.729493919,18.22820349
Asia & Oceania,        Timor-Leste,--,--,--,--,--,--,--,--,--,--,--,--,--,--,--,--,--,--,--,--,--,--,--,0,0.10126467,0.18369845,0.20816315,0.18092685,0.19897956,0.1906541,0.1711996,0.194545,0.21068424,0.1361815,0.08754525,0.08754525,0.0585234,0.04085445,0.02918175,0.04474535,0.02731092,0.0272363,2.17923979
Asia & Oceania,        Tonga,0,0,0,0,0,0,0,0,0,0,0,0,0,0,0,0,0,0,0,0,0,0,0,0,0,0,0,0,0,0,0,0,0,0,0,0,0,0,0,0,0,0,0
Asia & Oceania,        Tuvalu,0,0,0,0,0,0,0,0,0,0,0,0,0,0,0,0,0,0,0,0,0,0,0,0,0,0,0,0,0,0,0,0,0,0,0,0,0,0,0,0,0,0,0
Asia & Oceania,        U.S. Pacific Islands,0,0,0,0,0,0,0,0,0,0,0,0,0,0,0,0,0,0,0,0,0,0,0,0,0,0,0,0,0,0,0,0,0,0,0,0,0,0,0,0,0,0,0
Asia & Oceania,        Vanuatu,0,0,0,0,0,0,0,0,0,0,0,0,0,0,0,0,0,0,0,0,0,0,0,0,0,0,0,0,0,0,0,0,0,0,0,0,0,0,0,0,0,0,0
Asia & Oceania,        Vietnam,0,0,0,0,0,0,0.00176,0.01099,0.03306,0.070335301,0.109898907,0.175838251,0.233624,0.263757263,0.308830984,0.380912623,0.386693607,0.420385902,0.539811388,0.637413661,0.696464,0.784118164,0.746421333,0.77480235,0.888844295,0.808593675,0.79759174,0.70529587,0.680602967,0.743223921,0.671361458,0.678033676,0.743625872,0.745409855,0.686809913,0.78098499,0.711941798,0.612468679,0.546228818,0.504520903,0.443190748,0.42182514,18.74567205
Asia & Oceania,        Wake Island,0,0,0,0,0,0,0,0,0,0,0,0,0,0,0,0,0,0,0,0,0,0,0,0,0,0,0,0,0,0,0,0,0,0,0,0,0,0,0,0,0,0,0
Middle East,        Bahrain,0.116052774,0.111407333,0.106735188,0.10420951,0.102511868,0.100455532,0.106776342,0.105126684,0.107905312,0.10351544,0.09794996,0.089368791,0.090040923,0.106752775,0.10831753,0.103623265,0.090997397,0.103042271,0.097186017,0.096605023,0.098032826,0.095509695,0.095326211,0.096396382,0.096869695,0.09074877,0.092313525,0.092313525,0.410342516,0.408208568,0.404062414,0.423569159,0.38719214,0.440929151,0.451370841,0.451058702,0.450975985,0.444753011,0.43994903,0.440162985,0.384412476,0.39157903,8.734656572
Middle East,        Iran,3.595868362,2.979975687,4.772082503,5.256025048,4.701583028,4.852409277,4.397241335,4.970544048,4.859107002,6.081602081,6.692021899,7.197231354,7.469298137,7.694874308,7.862915113,7.924931459,8.038212428,7.985844831,7.928423172,7.763794796,8.084903644,8.129637638,7.539013413,8.194477356,8.790211398,9.055708927,8.850788998,8.603367943,8.928673704,8.892102664,9.079599462,9.053931942,7.63287093,7.07173293,7.346027447,7.482209286,9.391374771,10.07692964,9.591895563,6.846164782,6.238555285,7.223937568,305.1281012
Middle East,        Iraq,5.378475363,2.132031055,2.157945915,2.143006075,2.58331542,3.0603103,3.6060566,4.4318537,5.751114777,6.240113168,4.38118414,0.647912309,0.905390038,1.110807178,1.205489416,1.229284023,1.264195442,2.4854302,4.59113961,5.351290144,5.499736329,5.108819634,4.329201191,2.799011732,4.308544765,4.012514955,4.267827125,4.453251692,5.080951077,5.098729931,5.173017559,5.653095794,6.424880988,6.554034956,7.23833245,8.69292569,9.577750352,9.589614974,9.931088601,10.14651261,8.827752592,8.799139,202.2230789
Middle East,        Israel,0.07592,0.07788,0.00216,0.00216,0.00217,0.00216,0.00216,0.000651724,0.000866667,0.000648224,0.000432149,0.000432149,0.000433333,0.000324112,0.000216075,0.000216075,0.000433333,0.000648224,0.000432149,0.000432149,0.000173333,0.00017286,0.000216075,0.000129645,0.0001625,0.000216075,0.000216075,0.000216075,0.000216667,0.000216075,0.000216075,0.000842691,0.000845,0.000842691,0.000842691,0.000842691,0.000845,0,0,0,0,0,0.177988582
Middle East,        Jordan,0,0,0,0,0,0,0.00218,0.00109,0.00109,0.000434809,0.000652213,0.000652213,0,6.74E-05,0,0,0,0,0,0,8.72E-05,8.70E-05,4.35E-05,4.35E-05,4.36E-05,4.35E-05,4.35E-05,4.35E-05,4.36E-05,4.35E-05,4.35E-05,3.91E-05,4.80E-05,4.78E-05,4.78E-05,4.78E-05,4.80E-05,4.78E-05,4.78E-05,4.78E-05,4.36E-05,4.35E-05,0.007241466
Middle East,        Kuwait,3.734648666,2.523479549,1.83975479,2.383665302,2.60929745,2.292543067,3.181432697,3.570631672,3.385726246,4.014184871,2.638774495,0.410620441,2.345743658,4.084300187,4.506652716,4.591689626,4.598215885,4.504734461,4.682641177,4.277153624,4.68064213,4.499704266,4.284758711,4.805496084,5.347695624,5.664782741,5.678104982,5.538521831,5.822576163,5.302796124,5.200966595,5.75494984,6.016857107,6.141011328,6.12384044,6.491572547,6.769741334,6.416843428,6.491208622,6.401683166,5.810953689,5.757185023,191.1777824
Middle East,        Lebanon,0,0,0,0,0,0,0,0,0,0,0,0,0,0,0,0,0,0,0,0,0,0,0,0,0,0,0,0,0,0,0,0,0,0,0,0,0,0,0,0,0,0,0
Middle East,        Oman,0.6090989,0.68669975,0.69740975,0.80665975,0.894319938,1.07349972,1.20630972,1.2567802,1.335409876,1.389861942,1.48411813,1.512906792,1.599620654,1.670332862,1.745731343,1.840337268,1.914332516,1.946627437,1.937647742,1.959627158,2.090320036,1.962504171,1.929308489,1.764984427,1.622323429,1.672076208,1.593561478,1.531851698,1.635857095,1.749322687,1.860287941,1.90537323,1.981235222,2.021566402,2.03281343,2.11351836,2.168845433,2.09070997,2.108592822,2.092807425,2.051958053,2.093046002,69.64019546
Middle East,        Palestinian Territories,--,--,--,--,--,--,--,--,--,--,--,--,--,--,--,--,--,0,0,0,0,0,0,0,0,0,0,0,0,0,0,0,0,0,0,0,0,0,0,0,0,0,0
Middle East,        Qatar,1.006385811,0.887646786,0.737080535,0.65650821,0.872695595,0.677201475,0.679860592,0.651130163,0.773058371,0.834707557,0.911422112,0.90206165,0.912969997,0.946933232,0.943972742,1.007422834,1.148695554,1.256270622,1.584326326,1.555522356,1.752767332,1.745907251,1.716557995,1.97894326,2.252661932,2.427865292,2.486743486,2.629325857,2.882750378,2.835740473,3.203066146,3.474425412,3.67477774,3.616717326,3.495192632,3.345700478,3.351738992,3.245008044,3.244285923,3.08216706,3.18220071,3.247103304,81.81751954
Middle East,        Saudi Arabia,22.0848496,21.84636964,14.65417402,11.48475467,10.64093879,7.891807725,11.10469458,9.85093332,11.78014956,11.70717592,14.79250721,18.56383437,19.13601995,18.78075047,18.99639172,19.25272699,19.28630674,19.56719833,19.68393932,18.47006585,19.75139774,18.96039454,18.17314913,20.82819363,22.1988107,23.49658419,22.63845229,21.83364289,23.27949848,20.87904357,20.09351468,22.78874284,23.81940349,23.34295464,23.45092442,24.36453413,25.24767177,24.4540684,25.06764797,23.68792574,22.44038797,22.3043041,812.6768361
Middle East,        Syria,0.36825,0.37311,0.35963,0.37536,0.38315,0.40009,0.4376195,0.5185295,0.598838253,0.767346842,0.875235008,1.108992701,1.087238928,1.257408085,1.270851,1.312752242,1.349255497,1.29756487,1.279891409,1.247530327,1.222424397,1.14110048,1.14459402,1.121350832,1.07615486,1.026010291,0.968333228,0.909047147,0.88741858,0.882083592,0.919544933,0.816343328,0.36666735,0.156796595,0.066232221,0.079986104,0.07720014,0.053014062,0.067411467,0.081555604,0.119475674,0.174836203,30.02622527
Middle East,        United Arab Emirates,3.67783612,3.213297104,2.78962726,2.62512022,2.643153132,2.785868061,3.115872756,3.4948273,3.531082615,4.144808036,4.69572888,5.282216128,5.039472735,4.803110701,4.88160758,4.981403893,5.090381874,5.158389188,5.23593645,4.847458125,5.347763111,5.138034853,4.894713065,5.473512224,5.71290946,5.852637726,6.064478324,6.053629337,6.333807287,5.782146717,5.816506337,6.606458754,6.996865266,7.019074014,7.221213069,7.498875028,7.715192842,7.588661564,7.711277217,8.403616279,7.687780821,7.652103338,226.6084548
Middle East,        Yemen,0,0,0,0,0,0,0.0208488,0.041933025,0.362695386,0.405643845,0.403313882,0.411672718,0.381369072,0.459879162,0.700510611,0.720863806,0.713363754,0.756927035,0.810950312,0.855005963,0.917289111,0.92129446,0.918121857,0.897311668,0.847354295,0.836187834,0.783446939,0.665973895,0.625129583,0.595894419,0.585111428,0.452190177,0.353555901,0.273122134,0.26123083,0.099470159,0.038284618,0.066870695,0.098216334,0.130601273,0.122112875,0.118812794,17.65256065
Central & South America,        Antarctica,0,0,0,0,0,0,0,0,0,0,0,0,0,0,0,0,0,0,0,0,0,0,0,0,0,0,0,0,0,0,0,0,0,0,0,0,0,0,0,0,0,0,0
Central & South America,        Antigua and Barbuda,0,0,0,0,0,0,0,0,0,0,0,0,0,0,0,0,0,0,0,0,0,0,0,0,0,0,0,0,0,0,0,0,0,0,0,0,0,0,0,0,0,0,0
Central & South America,        Argentina,1.09515556,1.1017016,1.0907716,1.08518856,1.0694318,1.0341133,0.9925733,0.9864248,1.033790756,1.043873756,1.094185139,1.102742942,1.254918378,1.348147654,1.483432348,1.621659452,1.719725322,1.890541728,1.921797162,1.821771851,1.736632619,1.822137425,1.805261545,1.792483625,1.793068225,1.72269048,1.701590773,1.659006893,1.61531705,1.542797431,1.513154649,1.402250276,1.352857001,1.326100838,1.30908065,1.315550653,1.276828441,1.208819093,1.254309097,1.304008846,1.231858832,1.291034915,58.76878637
Central & South America,        Aruba,--,--,--,--,--,--,0,0,0,0,0,0,0,0,0,0,0,0,0,0,0,0,0,0,0,0,0,0,0,0,0,0,0,0,0,0,0,0,0,0,0,0,0
Central & South America,        Barbados,0,0,0.00214,0.00214,0.0043,0.00428,0.00428,0.002995588,0.002791473,0.002355562,0.002569704,0.002569704,0.003006202,0.002783846,0.002569704,0.002783846,0.002147287,0.001927278,0.003426272,0.004068698,0.003285349,0.002721745,0.00214142,0.00214142,0.002147287,0.00214142,0.002355562,0.00214142,0.002147287,0.00214142,0.00214142,0.00214142,0.002147287,0.00214142,0.00214142,0.00214142,0.002147287,0.00214142,0.00214142,0.00214142,0.002147287,0.00214142,0.102214135
Central & South America,        Belize,0,0,0,0,0,0,0,0,0,0,0,0,0,0,0,0,0,0,0,0,0,0,0,0,0,0,0.004720226,0.006272831,0.007361209,0.008342386,0.008671684,0.00805789,0.005900543,0.004539408,0.003680396,0.003572604,0.003564584,0.002069468,0.001727147,0.001514292,0.001513561,0.002712681,0.07422091
Central & South America,        Bolivia,0.06263424,0.0507898,0.05787032,0.05380032,0.05190948,0.04973032,0.0441609,0.0446898,0.0463179,0.048225775,0.050260201,0.050260201,0.053572218,0.053253059,0.058097678,0.066851033,0.071662012,0.071181343,0.084168988,0.07545426,0.073192615,0.081743407,0.084272606,0.075951077,0.112001103,0.115093183,0.111720657,0.113057767,0.093161172,0.083175828,0.086500344,0.08905793,0.102993406,0.116295548,0.122987757,0.131374021,0.139026267,0.133875851,0.126667893,0.117661965,0.111354795,0.109444201,3.475499241
Central & South America,        Brazil,0.403013,0.47032875,0.57327,0.748329735,1.0507825,1.24300125,1.2649223,1.25973125,1.2372275,1.319794007,1.392192057,1.393137398,1.392968439,1.425835569,1.502663203,1.562191259,1.774087941,1.861133378,2.14377664,2.492604218,2.800932043,2.857436541,3.208885669,3.312665256,3.291378892,3.646887474,3.850219371,3.902041841,4.054390132,4.329291321,4.560610008,4.677433188,4.595127833,4.505808749,5.005801229,5.396806496,5.579731626,5.82769877,5.746237229,6.173854598,6.514798752,6.407653032,126.7566804
Central & South America,        British Virgin Islands,0,0,0,0,0,0,0,0,0,0,0,0,0,0,0,0,0,0,0,0,0,0,0,0,0,0,0,0,0,0,0,0,0,0,0,0,0,0,0,0,0,0,0
Central & South America,        Cayman Islands,0,0,0,0,0,0,0,0,0,0,0,0,0,0,0,0,0,0,0,0,0,0,0,0,0,0,0,0,0,0,0,0,0,0,0,0,0,0,0,0,0,0,0
Central & South America,        Chile,0.088041192,0.10165115,0.10587115,0.09743115,0.097101926,0.092608235,0.08055115,0.07844115,0.06550773,0.061563533,0.060373393,0.052529184,0.0484419,0.048228925,0.044361885,0.042009596,0.03769032,0.026145974,0.02497491,0.023430254,0.020516469,0.021667454,0.020697696,0.02079464,0.019420351,0.018150719,0.014507012,0.011272989,0.012617203,0.013831316,0.022153248,0.022313019,0.02171066,0.020081038,0.017158698,0.014722799,0.010877251,0.010873709,0.015417959,0.019962209,0.01549801,0.019187949,1.660387105
Central & South America,        Colombia,0.284969468,0.28198977,0.31715977,0.33896048,0.375150704,0.39172048,0.6765106,0.85356977,0.838083984,0.895551788,0.976892723,0.928327466,0.961372,1.008469656,0.995134037,1.291920093,1.385306274,1.438426207,1.615472466,1.800148333,1.526775159,1.375946488,1.270745175,1.193323871,1.170426119,1.160702999,1.172124208,1.170673442,1.299679417,1.476705468,1.729027194,2.013865489,2.092502986,2.218332776,2.180436598,2.214630112,1.962669484,1.882034768,1.907033391,1.952187219,1.726640147,1.623593402,53.97519198
Central & South America,        Costa Rica,0,0,0,0,0,0,0,0,0,0,0,0,0,0,0,0,0,0,0,0,0,0,0,0,0,0,0,0,0,0,0,0,0,0,0,0,0,0,0,0,0,0,0
Central & South America,        Cuba,0.013294296,0.02025994,0.02492994,0.02959994,0.036689904,0.04283966,0.04517966,0.04517966,0.038279808,0.038175218,0.035841612,0.035841612,0.040619808,0.049843251,0.059177677,0.063301448,0.073379808,0.074289209,0.076305703,0.091848169,0.097529904,0.116680328,0.11037,0.128738361,0.1355562,0.121975281,0.120516777,0.117938142,0.12225564,0.112561512,0.123681148,0.123681148,0.12168,0.119013934,0.119013934,0.114346721,0.10764,0.102678689,0.100345082,0.088677049,0.085211803,0.079138033,3.404106009
Central & South America,        Dominica,0,0,0,0,0,0,0,0,0,0,0,0,0,0,0,0,0,0,0,0,0,0,0,0,0,0,0,0,0,0,0,0,0,0,0,0,0,0,0,0,0,0,0
Central & South America,        Dominican Republic,0,0,0,0,0,0,0,0,0,0,0,0,0,0,0,0,0,0,0,0,0,0,0,0,0,0,0,0,0,0,0,0,0,0,0,0,0,0,0,0,0,0,0
Central & South America,        Ecuador,0.450373773,0.464459249,0.463800791,0.521179461,0.568182411,0.61757284,0.643858687,0.3834696,0.665079119,0.612232281,0.625874361,0.656516664,0.707919528,0.756736952,0.801947775,0.8611732,0.873738171,0.853128024,0.825731518,0.820368067,0.870336585,0.904903002,0.861496258,0.901574095,1.163517511,1.168491842,1.176583278,1.121307227,1.111994732,1.067208741,1.068228383,1.097563004,1.111056735,1.158771228,1.224854578,1.197421713,1.209737273,1.170156415,1.139310122,1.167918908,1.057991022,1.040902905,37.16466803
Central & South America,        El Salvador,0,0,0,0,0,0,0,0,0,0,0,0,0,0,0,0,0,0,0,0,0,0,0,0,0,0,0,0,0,0,0,0,0,0,0,0,0,0,0,0,0,0,0
Central & South America,        Falkland Islands,0,0,0,0,0,0,0,0,0,0,0,0,0,0,0,0,0,0,0,0,0,0,0,0,0,0,0,0,0,0,0,0,0,0,0,0,0,0,0,0,0,0,0
Central & South America,        French Guiana,0,0,0,0,0,0,0,0,0,0,0,0,0,0,0,0,0,0,0,0,0,0,0,0,0,0,0,0,0,0,0,0,0,0,0,0,0,0,0,0,0,0,0
Central & South America,        Grenada,0,0,0,0,0,0,0,0,0,0,0,0,0,0,0,0,0,0,0,0,0,0,0,0,0,0,0,0,0,0,0,0,0,0,0,0,0,0,0,0,0,0,0
Central & South America,        Guadeloupe,0,0,0,0,0,0,0,0,0,0,0,0,0,0,0,0,0,0,0,0,0,0,0,0,0,0,0,0,0,0,0,0,0,0,0,0,0,0,0,0,0,0,0
Central & South America,        Guatemala,0.01088,0.01085,0.01302,0.01518,0.01088,0.00651,0.01085,0.00868,0.00653,0.008682878,0.008682878,0.009551166,0.010448,0.015224772,0.01799913,0.020684281,0.027927942,0.034731512,0.051591758,0.049926548,0.045013467,0.045758767,0.039061056,0.047743934,0.043122978,0.037235273,0.043728401,0.034336007,0.033792928,0.02932642,0.02594702,0.023759328,0.023052791,0.021678095,0.021819602,0.021414011,0.021280152,0.020966313,0.020714717,0.01915252,0.016866193,0.013690903,0.998291741
Central & South America,        Guyana,0,0,0,0,0,0,0,0,0,0,0,0,0,0,0,0,0,0,0,0,0,0,0,0,0,0,0,0,0,0,0,0,0,0,0,0,0,0,0,0,0,0,0
Central & South America,        Haiti,0,0,0,0,0,0,0,0,0,0,0,0,0,0,0,0,0,0,0,0,0,0,0,0,0,0,0,0,0,0,0,0,0,0,0,0,0,0,0,0,0,0,0
Central & South America,        Honduras,0,0,0,0,0,0,0,0,0,0,0,0,0,0,0,0,0,0,0,0,0,0,0,0,0,0,0,0,0,0,0,0,0,0,0,0,0,0,0,0,0,0,0
Central & South America,        Jamaica,0,0,0,0,0,0,0,0,0,0,0,0,0,0,0,0,0,0,0,0,0,0,0,0,0,0,0,0,0,0,0,0,0,0,0,0,0,0,0,0,0,0,0
Central & South America,        Martinique,0,0,0,0,0,0,0,0,0,0,0,0,0,0,0,0,0,0,0,0,0,0,0,0,0,0,0,0,0,0,0,0,0,0,0,0,0,0,0,0,0,0,0
Central & South America,        Montserrat,0,0,0,0,0,0,0,0,0,0,0,0,0,0,0,0,0,0,0,0,0,0,0,0,0,0,0,0,0,0,0,0,0,0,0,0,0,0,0,0,0,0,0
Central & South America,        Netherlands Antilles,0,0,0,0,0,0,0,0,0,0,0,0,0,0,0,0,0,0,0,0,0,0,0,0,0,0,0,0,0,0,0,0,0,0,0,0,0,0,0,0,0,0,0
Central & South America,        Nicaragua,0,0,0,0,0,0,0,0,0,0,0,0,0,0,0,0,0,0,0,0,0,0,0,0,0,0,0,0,0,0,0,0,0,0,0,0,0,0,0,0,0,0,0
Central & South America,        Panama,0,0,0,0,0,0,0,0,0,0,0,0,0,0,0,0,0,0,0,0,0,0,0,0,0,0,0,0,0,0,0,0,0,0,0,0,0,0,0,0,0,0,0
Central & South America,        Paraguay,0,0,0,0,0,0,0,0,0,0,0,0,0,0,0,0,0,0,0,0,0,0,0,0,0,0,0,0,0,0,0,0,0,0,0,0,0,0,0,0,0,0,0
Central & South America,        Peru,0.421236054,0.41750958,0.42176958,0.36562995,0.394369822,0.40606995,0.38052995,0.35072995,0.302605667,0.27735619,0.276238989,0.246442454,0.249251794,0.269719903,0.273935734,0.277562631,0.257438552,0.253702079,0.247457052,0.227404159,0.210589907,0.204811854,0.204387619,0.194335118,0.194548734,0.220989628,0.229152113,0.226063163,0.236852335,0.276301575,0.297054409,0.288015507,0.288129198,0.310167274,0.321617211,0.277482511,0.246255316,0.24569663,0.247687105,0.258936973,0.228218281,0.21840736,11.74265986
Central & South America,        Puerto Rico,0,0,0,0,0,0,0,0,0,0,0,0,0,0,0,0,0,0,0,0,0,0,0,0,0,0,0,0,0,0,0,0,0,0,0,0,0,0,0,0,0,0,0
Central & South America,        Saint Kitts and Nevis,0,0,0,0,0,0,0,0,0,0,0,0,0,0,0,0,0,0,0,0,0,0,0,0,0,0,0,0,0,0,0,0,0,0,0,0,0,0,0,0,0,0,0
Central & South America,        Saint Lucia,0,0,0,0,0,0,0,0,0,0,0,0,0,0,0,0,0,0,0,0,0,0,0,0,0,0,0,0,0,0,0,0,0,0,0,0,0,0,0,0,0,0,0
Central & South America,        Saint Vincent/Grenadines,0,0,0,0,0,0,0,0,0,0,0,0,0,0,0,0,0,0,0,0,0,0,0,0,0,0,0,0,0,0,0,0,0,0,0,0,0,0,0,0,0,0,0
Central & South America,        Suriname,0,0,0,0,0,0.00231,0.00461,0.00461,0.00694,0.009228051,0.00899735,0.008074545,0.011566667,0.011535064,0.013842077,0.016215455,0.017343679,0.011535064,0.016149089,0.023070128,0.023133333,0.023070128,0.023070128,0.023070128,0.023133333,0.023070128,0.026759547,0.031227206,0.036648067,0.036912204,0.036912204,0.036912204,0.036627778,0.034605191,0.034605191,0.036912204,0.037013333,0.036912204,0.036912204,0.036912204,0.035850346,0.034219636,0.87051607
Central & South America,        The Bahamas,0,0,0,0,0,0,0,0,0,0,0,0,0,0,0,0,0,0,0,0,0,0,0,0,0,0,0,0,0,0,0,0,0,0,0,0,0,0,0,0,0,0,0
Central & South America,        Trinidad and Tobago,0.46513,0.52761,0.39571,0.35174,0.37475,0.38472,0.36933,0.34515,0.346096623,0.338555761,0.329762105,0.336717199,0.309957401,0.306458064,0.300655348,0.300584569,0.299322446,0.285588973,0.282457139,0.297197969,0.299415924,0.281824549,0.304795847,0.339455089,0.317140774,0.359647938,0.367248843,0.318196456,0.312507298,0.303036185,0.290660542,0.220898864,0.208235534,0.203625527,0.200962707,0.191721638,0.197609173,0.200496966,0.177458856,0.166402889,0.155614222,0.158122622,12.52257204
Central & South America,        Turks and Caicos Islands,0,0,0,0,0,0,0,0,0,0,0,0,0,0,0,0,0,0,0,0,0,0,0,0,0,0,0,0,0,0,0,0,0,0,0,0,0,0,0,0,0,0,0
Central & South America,        U.S. Virgin Islands,0,0,0,0,0,0,0,0,0,0,0,0,0,0,0,0,0,0,0,0,0,0,0,0,0,0,0,0,0,0,0,0,0,0,0,0,0,0,0,0,0,0,0
Central & South America,        Uruguay,0,0,0,0,0,0,0,0,0,0,0,0,0,0,0,0,0,0,0,0,0,0,0,0,0,0,0,0,0,0,0,0,0,0,0,0,0,0,0,0,0,0,0
Central & South America,        Venezuela,4.999819016,4.828721337,4.369029716,4.152309479,4.12490106,3.8521228,4.150196,4.06703002,4.42348626,4.435620012,4.95988755,5.497428126,5.496877514,5.705187513,6.018826259,6.38646495,6.827241554,7.563683929,7.313842892,6.587706548,7.352966208,7.046460274,6.140001559,5.479437087,6.017751409,6.058968286,5.864284526,5.84443145,5.904675141,5.910934924,5.664614399,5.866149374,5.882221016,5.866149374,5.866149374,5.696311613,5.165794701,4.564691158,3.395622609,2.028457084,1.210279546,1.347252412,219.9339861
North America,        Bermuda,0,0,0,0,0,0,0,0,0,0,0,0,0,0,0,0,0,0,0,0,0,0,0,0,0,0,0,0,0,0,0,0,0,0,0,0,0,0,0,0,0,0,0
North America,        Canada,3.53406102,3.203855809,3.15762815,3.32497234,3.5464927,3.60915029,3.6027904,3.78818984,3.991847688,3.90402377,3.912218376,3.908838277,4.083519009,4.296312246,4.471684361,4.671673949,4.773652946,5.000753866,5.146842984,4.992241591,5.222668073,5.333474168,5.617341303,5.941013743,6.059185626,5.961175581,6.350885503,6.628429959,6.471010524,6.39942053,6.679306141,7.009860482,7.562017521,7.979768084,8.629165327,8.824457343,8.970339939,9.702707817,10.52665566,10.74436607,10.27309824,10.84909825,248.6561955
North America,        Greenland,0,0,0,0,0,0,0,0,0,0,0,0,0,0,0,0,0,0,0,0,0,0,0,0,0,0,0,0,0,0,0,0,0,0,0,0,0,0,0,0,0,0,0
North America,        Mexico,4.51468829,5.39274597,6.36541205,6.249886199,6.45618549,6.37931175,5.80625897,6.03683075,6.01543384,6.035417342,6.16596697,6.482371692,6.473113989,6.469709956,6.584301226,6.414045582,6.918859212,7.213913958,7.373502407,7.035488607,7.28614606,7.511085107,7.583518491,8.023308549,8.108246806,7.954186966,7.784748971,7.328422389,6.66594017,6.234327994,6.188540823,6.144922426,6.123430821,6.04273667,5.837588198,5.43210089,5.169780732,4.672601858,4.341851969,3.994545991,4.035322832,4.030191561,262.8769905
North America,        Saint Pierre and Miquelon,0,0,0,0,0,0,0,0,0,0,0,0,0,0,0,0,0,0,0,0,0,0,0,0,0,0,0,0,0,0,0,0,0,0,0,0,0,0,0,0,0,0,0
North America,        U.S. Territories,0,0,0,0,0,0,0,0,0,0,0,0,0,0,0,0,0,0,0,0,0,0,0,0,0,0,0,0,0,0,0,0,0,0,0,0,0,0,0,0,0,0,0
North America,        United States,20.47375797,20.41230312,20.45814934,20.52811133,21.08204317,21.19617462,20.4887396,19.85371952,19.50962049,18.24024985,17.70948352,17.96598725,17.54544791,16.86057939,16.45194866,16.28460027,16.20324206,16.10281828,15.60742439,14.92401016,14.90956652,14.77209851,14.66241879,14.25562753,13.95766714,13.25409762,13.06549131,13.09016213,12.97260073,13.84837771,14.31530053,14.90236996,17.01078617,19.3232103,22.62070242,24.17783142,23.19380645,24.53757934,28.53939673,31.96421001,30.37845707,30.47076221,788.1209315
Europe,        Albania,0.10154,0.10126,0.14728,0.1726,0.12692,0.12657,0.12657,0.12427,0.101534074,0.108160522,0.069038631,0.043724466,0.025383519,0.025912499,0.025314165,0.023012877,0.02192213,0.021093036,0.014498112,0.012830467,0.013051744,0.013697264,0.014638491,0.015457749,0.015444717,0.016109014,0.017817641,0.014772376,0.013845556,0.012263026,0.024954785,0.035704636,0.03885078,0.039140806,0.04719216,0.046397743,0.052494579,0.039121891,0.036820603,0.041423179,0.039832346,0.037035108,2.145500692
Europe,        Austria,0.063714284,0.05650001,0.05870001,0.05650001,0.052239892,0.04991001,0.04991001,0.047080093,0.052239892,0.05209716,0.049899702,0.058689534,0.052083903,0.048912662,0.047235555,0.051419756,0.048928654,0.04284064,0.046456983,0.041109871,0.043425979,0.044134486,0.045616799,0.044034498,0.044516877,0.040064674,0.041481834,0.042509721,0.041675833,0.041948093,0.043138739,0.045025965,0.043635663,0.03706414,0.03928568,0.037804654,0.033407379,0.031167532,0.029156978,0.027553737,0.023838119,0.023823477,1.870779488
Europe,        Belgium,0,0,0,0,0,0,0,0,0,0,0,0,0,0,0,0,0,0,0,0,0,0,0,0,0,0,0,0,0,0,0,0,0,0,0,0,0,0,0,0,0,0,0
Europe,        Bosnia and Herzegovina,--,--,--,--,--,--,--,--,--,--,--,--,0,0,0,0,0,0,0,0,0,0,0,0,0,0,0,0,0,0,0,0,0,0,0,0,0,0,0,0,0,0,0
Europe,        Bulgaria,0.00646,0.00644,0.00644,0.00644,0.00861,0.01288,0.01288,0.01288,0.009467333,0.010728939,0.008583151,0.002574945,0.002366833,0.002145788,0.002360367,0.002145788,0.001506167,0.001287473,0.00171663,0.00171663,0.001831068,0.00129391,0.001587883,0.001287473,0.002151667,0.002145788,0.002145788,0.002145788,0.002151667,0.002145788,0.002145788,0.002145788,0.002151667,0.002145788,0.002145788,0.002145788,0.002151667,0.002145788,0.002145788,0.002145788,0.002151667,0.002145788,0.164283957
Europe,        Croatia,--,--,--,--,--,--,--,--,--,--,--,--,0.086273604,0.087625269,0.0940014,0.080869884,0.073486404,0.073223845,0.077315861,0.063611167,0.061238802,0.057712708,0.055334936,0.055133338,0.051112559,0.04759122,0.043538446,0.040016545,0.03708507,0.041052046,0.038932492,0.035278341,0.031586136,0.031848242,0.030788465,0.029570206,0.030537623,0.03108961,0.031046345,0.030182016,0.026838577,0.025522059,1.499443216
Europe,        Cyprus,0,0,0,0,0,0,0,0,0,0,0,0,0,0,0,0,0,0,0,0,0,0,0,0,0,0,0,0,0,0,0,0,0,0,0,0,0,0,0,0,0,0,0
Europe,        Czechia,--,--,--,--,--,--,--,--,--,--,--,--,--,0.004866073,0.005610635,0.006801366,0.009718007,0.007820588,0.008500724,0.009215023,0.008331646,0.008323133,0.012118233,0.014739399,0.013820128,0.013981621,0.012080965,0.01133561,0.011174117,0.009639927,0.008143005,0.006993916,0.00682,0.006801366,0.006801366,0.006428689,0.005304444,0.004919313,0.005000023,0.003684906,0.004189008,0.0038242,0.236987431
Europe,        Denmark,0.01247,0.03108,0.07252,0.09324,0.09558,0.12018,0.15748,0.20099,0.205703437,0.242439844,0.250728385,0.296315365,0.338683437,0.360460729,0.383299635,0.385576146,0.432026042,0.477590312,0.493900573,0.622015312,0.754109687,0.717378958,0.768268333,0.777147292,0.808575069,0.781496693,0.708680287,0.645585626,0.59532006,0.538715185,0.508417965,0.458245174,0.420229647,0.363454971,0.342419782,0.323909112,0.29221651,0.284077239,0.238835838,0.211496706,0.148381394,0.132874186,16.09211493
Europe,        Estonia,--,--,--,--,--,--,--,--,--,--,--,--,0,0,0,0,0,0,0,0,0,0,0,0,0,0,0,0,0,0,0,0,0,0,0,0,0,0,0,0,0,0,0
Europe,        Faroe Islands,0,0,0,0,0,0,0,0,0,0,0,0,0,0,0,0,0,0,0,0,0,0,0,0,0,0,0,0,0,0,0,0,0,0,0,0,0,0,0,0,0,0,0
Europe,        Finland,0,0,0,0,0,0,0,0,0,0,0,0,0,0,0,0,0,0,0,0,0,0,0,0,0,0,0,0,0,0,0,0,0,0,0,0,0,0,0,0,0,0,0
Europe,        Former Czechoslovakia,0.004703008,0.004679993,0.004700017,0.004700017,0.004720007,0.004700017,0.006970017,0.006970017,0.006990007,0.006970909,0.005383923,0.006290772,0.00517134,--,--,--,--,--,--,--,--,--,--,--,--,--,--,--,--,--,--,--,--,--,--,--,--,--,--,--,--,--,0.072950044
Europe,        Former Serbia and Montenegro,--,--,--,--,--,--,--,--,--,--,--,--,0.0490176,0.048883672,0.054183819,0.049933065,0.050069868,0.045682311,0.041431557,0.041431557,0.037282668,0.035055426,0.032930049,0.03186736,0.030889068,0.029022849,--,--,--,--,--,--,--,--,--,--,--,--,--,--,--,--,0.577680869
Europe,        Former Yugoslavia,0.186458344,0.18594966,0.18807966,0.18275954,0.176869864,0.18912954,0.18487954,0.185371235,0.177349074,0.161475473,0.151897981,0.140221703,--,--,--,--,--,--,--,--,--,--,--,--,--,--,--,--,--,--,--,--,--,--,--,--,--,--,--,--,--,--,2.110441614
Europe,        France,0.09757766,0.116044175,0.1048405,0.1069905,0.1072782,0.134318925,0.15094246,0.15845068,0.16317892,0.158448695,0.148279407,0.1423945,0.145451293,0.139883282,0.141098168,0.126861653,0.111977628,0.092248042,0.082533741,0.076517588,0.073528101,0.071003075,0.068853598,0.060059691,0.058140074,0.050509468,0.04765469,0.044092198,0.043492074,0.040482753,0.040341897,0.039796078,0.036513815,0.035881445,0.034455274,0.03635317,0.035908879,0.032561234,0.033336179,0.031185724,0.027791233,0.027919741,3.475176408
Europe,        Germany,--,--,--,--,--,--,--,--,--,--,--,0.153569976,0.136639649,0.131940402,0.126690045,0.127614487,0.128675225,0.121125615,0.127614487,0.118962657,0.138413487,0.140295906,0.148947084,0.156379094,0.147270353,0.144758147,0.14611518,0.143442594,0.130132999,0.118962657,0.105984913,0.110310828,0.110613049,0.111531565,0.104011585,0.103958251,0.101042703,0.093996713,0.087935792,0.081568276,0.081176793,0.077828736,3.757509248
Europe,"        Germany, East",0.00215,0.00214,0.00214,0.00214,0.00215,0.00214,0.00214,0.00214,0.00172,0.001929713,0.001715208,--,--,--,--,--,--,--,--,--,--,--,--,--,--,--,--,--,--,--,--,--,--,--,--,--,--,--,--,--,--,--,0.022504921
Europe,"        Germany, West",0.19957,0.19254,0.18172,0.17523,0.17137,0.17523,0.17307,0.16009,0.1692,0.162247793,0.153598205,--,--,--,--,--,--,--,--,--,--,--,--,--,--,--,--,--,--,--,--,--,--,--,--,--,--,--,--,--,--,--,1.913865998
Europe,        Gibraltar,0,0,0,0,0,0,0,0,0,0,0,0,0,0,0,0,0,0,0,0,0,0,0,0,0,0,0,0,0,0,0,0,0,0,0,0,0,0,0,0,0,0,0
Europe,        Greece,0,0.01731,0.04690825,0.0548765,0.0593646,0.0570365,0.0570365,0.0548765,0.048515509,0.039730295,0.035403966,0.036088881,0.029384022,0.024829584,0.023495452,0.02035543,0.018835027,0.020822948,0.014932703,0.001621833,0.011634289,0.011980643,0.00816958,0.006837525,0.006596374,0.005772389,0.003976667,0.002696547,0.002169091,0.002525865,0.005049359,0.003787019,0.003621078,0.002696547,0.002512827,0.002329106,0.006880641,0.006086528,0.008830683,0.007245244,0.00392046,0.003333567,0.780076529
Europe,        Hungary,0.11902284,0.1187024,0.127146355,0.124866355,0.126806072,0.124421375,0.124421375,0.11505761,0.126124098,0.106129375,0.115253377,0.098365593,0.096347838,0.095357542,0.105050233,0.097444814,0.089988429,0.104760774,0.084920258,0.079863495,0.085140149,0.083686267,0.066241786,0.067430802,0.073711232,0.064531791,0.061469073,0.052689694,0.054213158,0.053512946,0.047527556,0.042419451,0.042363322,0.041780018,0.037428364,0.038578238,0.042877224,0.044577362,0.047286405,0.048293236,0.043918257,0.047772786,3.367499325
Europe,        Iceland,0,0,0,0,0,0,0,0,0,0,0,0,0,0,0,0,0,0,0,0,0,0,0,0,0,0,0,0,0,0,0,0,0,0,0,0,0,0,0,0,0,0,0
Europe,        Ireland,0,0,0,0,0,0,0,0,0,0,0,0,0,0,0,0,0,0,0,0,0,0,0,0,0,0,0,0,0,0,0,0,0,0,0,0,0,0,0,0,0,0,0
Europe,        Italy,0.087204402,0.084710155,0.080220155,0.102700155,0.102979892,0.102700155,0.111690155,0.151833336,0.204401651,0.185551057,0.196789315,0.181055754,0.188157346,0.186596404,0.194784972,0.210598586,0.229415242,0.251901458,0.241326754,0.185621943,0.203622254,0.176350743,0.191863233,0.215435864,0.234771825,0.257599344,0.248011417,0.242604737,0.224143205,0.186062445,0.215786867,0.222917773,0.227560867,0.228755509,0.238897652,0.22523932,0.15928768,0.174208447,0.201155838,0.174545293,0.22678079,0.21748127,7.97332126
Europe,        Kosovo,--,--,--,--,--,--,--,--,--,--,--,--,--,--,--,--,--,--,--,--,--,--,--,--,--,--,--,--,0,0,0,0,0,0,0,0,0,0,0,0,0,0,0
Europe,        Latvia,--,--,--,--,--,--,--,--,--,--,--,--,0,0,0,0,0,0,0,0,0,0,0,0,0,0,0,0,0,0,0,0,0,0,0,0,0,0,0,0,0,0,0
Europe,        Lithuania,--,--,--,--,--,--,--,--,--,--,--,--,0,0.003433917,0.006223974,0.006867834,0.006473286,0.008229053,0.011749994,0.009982467,0.012878035,0.020506923,0.018972391,0.016650205,0.013144893,0.009413225,0.007882986,0.006625314,0.006456234,0.004292396,0.004292396,0.004292396,0.004304156,0.004292396,0.004292396,0.004292396,0.004304156,0.004292396,0.002146198,0.001502339,0.001506455,0.001502339,0.210803146
Europe,        Luxembourg,0,0,0,0,0,0,0,0,0,0,0,0,0,0,0,0,0,0,0,0,0,0,0,0,0,0,0,0,0,0,0,0,0,0,0,0,0,0,0,0,0,0,0
Europe,        Malta,0,0,0,0,0,0,0,0,0,0,0,0,0,0,0,0,0,0,0,0,0,0,0,0,0,0,0,0,0,0,0,0,0,0,0,0,0,0,0,0,0,0,0
Europe,        Montenegro,--,--,--,--,--,--,--,--,--,--,--,--,--,--,--,--,--,--,--,--,--,--,--,--,--,--,0,0,0,0,0,0,0,0,0,0,0,0,0,0,0,0,0
Europe,        Netherlands,0.065898208,0.07020993,0.09651914,0.133409895,0.151799018,0.188281235,0.226491235,0.213011235,0.191041022,0.164473453,0.179545758,0.182189572,0.140132636,0.138891186,0.21549093,0.181600331,0.16652169,0.156624129,0.159881583,0.114954047,0.105911244,0.090626598,0.133988469,0.134080386,0.125371812,0.099904423,0.082964268,0.112532297,0.09140358,0.071407896,0.059723274,0.064434715,0.059942299,0.062992277,0.079444166,0.075648841,0.050310855,0.040109839,0.037756874,0.045587612,0.077871916,0.077109614,4.916089488
Europe,        North Macedonia,--,--,--,--,--,--,--,--,--,--,--,--,0,0,0,0,0,0,0,0,0,0,0,0,0,0,0,0,0,0,0,0,0,0,0,0,0,0,0,0,0,0,0
Europe,        Norway,1.057928549,1.031974435,1.071846799,1.334475273,1.526455475,1.665760078,1.830891015,2.128053354,2.421617532,3.174569104,3.480114492,3.971009753,4.520376612,4.830828162,5.466494104,5.890841597,6.58318294,6.665131141,6.379037763,6.384171029,6.823984017,6.916905406,6.744410176,6.59246795,6.449618899,5.963621228,5.563133781,5.109849327,4.925325025,4.678811038,4.261262831,4.055643349,3.801647092,3.628739977,3.722736392,3.839157464,3.94070127,3.875787471,3.643542244,3.423179897,3.982179084,4.037365967,177.3948291
Europe,        Poland,0.016544308,0.01649987,0.011439935,0.01011987,0.010150164,0.01011987,0.01011987,0.00799987,0.008020164,0.006860254,0.004573503,0.006465206,0.006908919,0.010718444,0.010620902,0.00977123,0.01065,0.012745082,0.015718934,0.019117623,0.027707459,0.031292377,0.028295246,0.031088689,0.03549418,0.033783197,0.031833607,0.029016885,0.030175,0.026351475,0.027422295,0.026526066,0.028545492,0.040836639,0.040906475,0.039119836,0.042821148,0.043453155,0.044760986,0.043043083,0.041620769,0.039509477,0.978767554
Europe,        Portugal,0,0,0,0,0,0,0,0,0,0,0,0,0,0,0,0,0,0,0,0,0,0,0,0,0,0,0,0,0,0,0,0,0,0,0,0,0,0,0,0,0,0,0
Europe,        Romania,0.52715288,0.5320482,0.5341582,0.531619025,0.52672831,0.489419025,0.491529025,0.478879025,0.430268702,0.401666745,0.357371831,0.308848272,0.299541878,0.287336527,0.297075885,0.294927803,0.297426378,0.293492457,0.28902739,0.275961602,0.26826878,0.273767608,0.272224198,0.258303924,0.253526863,0.233969505,0.215305744,0.212036575,0.214884666,0.206555804,0.196063927,0.192145511,0.185360241,0.188581505,0.187058335,0.181122209,0.168199366,0.15571973,0.153377334,0.152503976,0.149265646,0.143292514,12.40601312
Europe,        Serbia,--,--,--,--,--,--,--,--,--,--,--,--,--,--,--,--,--,--,--,--,--,--,--,--,--,--,0.032392057,0.032392057,0.032480802,0.034517434,0.043018942,0.038415268,0.035145645,0.038234757,0.037375241,0.04479368,0.044215734,0.038256787,0.03613141,0.03613141,0.03474337,0.032303996,0.59054859
Europe,        Slovakia,--,--,--,--,--,--,--,--,--,--,--,--,--,0.002947259,0.002947259,0.003173971,0.003637333,0.003400683,0.002720546,0.00204041,0.002273333,0.002267122,0.002267122,0.002845238,0.00195052,0.001586985,0.001405616,0.001088219,0.0009548,0.000453424,0.000453424,0.000453424,0.000454667,0.000453424,0.000453424,0.000453424,0.000454667,0.000489437,0.000479425,0.000472133,0.000182121,0.000207265,0.042966675
Europe,        Slovenia,--,--,--,--,--,--,--,--,--,--,--,--,0,8.50E-05,0,0,0,0,0,0,4.26E-05,2.98E-05,2.98E-05,2.13E-05,1.28E-05,1.06E-05,1.06E-05,1.06E-05,1.07E-05,1.06E-05,1.06E-05,1.06E-05,1.07E-05,1.06E-05,1.06E-05,1.06E-05,1.07E-05,0,0,0,0,1.05E-05,0.00035934
Europe,        Spain,0.06981,0.05274,0.06329,0.12236,0.09731,0.09283,0.09127914,0.08124993,0.074599576,0.058583808,0.05121008,0.063867402,0.061337056,0.048128895,0.042210493,0.033628736,0.021881563,0.016032608,0.023205091,0.012824931,0.010050723,0.014974942,0.013522239,0.013916726,0.01268622,0.006525168,0.006317102,0.005796938,0.005640889,0.004929998,0.005427044,0.004571663,0.00635178,0.015477767,0.013183266,0.00981376,0.005640889,0.005068518,0.003797058,0.001719639,0.001160954,0.000249823,1.345202415
Europe,        Sweden,0.001086301,0.000216667,0.00065,0.000866667,0.000434521,0.000216667,0,0,0,0,0,0,0,2.24E-05,0,0,0,0,0,0,0,0,0,0,0,0,0,0,0,0,0,0,0,0,0,0,0,0,0,0,0,0,0.003493262
Europe,        Switzerland,0,0,0,0,0,0,0,0,0,0,0,0,0,0,0,0,0,0,0,0,0,0,0,0,0,0,0,0,0,0,0,0,0,0,0,0,0,0,0,0,0,0,0
Europe,        Turkiye,0.10061,0.10034,0.10906,0.09597,0.08968,0.08943,0.10034,0.11124,0.10936,0.122148546,0.159229355,0.191947716,0.1837248,0.163412525,0.157048131,0.147187803,0.146930837,0.148143956,0.142335327,0.128907353,0.115212947,0.104698754,0.101806391,0.098525591,0.092782697,0.095256743,0.091958015,0.089436162,0.090954055,0.100784503,0.105433797,0.099762614,0.09789214,0.100868166,0.103981639,0.105810282,0.108260424,0.107250792,0.119770128,0.125444723,0.134558074,0.144587515,4.932082501
Europe,        United Kingdom,3.558019872,3.918096847,4.501746724,5.035023635,5.490212955,5.595687875,5.627159911,5.361471216,5.001935514,4.046153071,4.031928241,4.037296512,4.139860395,4.332966401,5.386989124,5.709222053,5.879782756,5.714878097,5.934655177,6.075374187,5.214390629,5.25762579,5.200698646,4.828820662,4.202161685,3.748320102,3.389577676,3.386139223,3.180830729,3.007108436,2.784177909,2.292325027,1.972195658,1.774021556,1.754706607,1.976678191,2.095205654,2.087640422,2.280148234,2.311220751,2.156850888,1.823639957,166.102945
Eurasia,        Armenia,--,--,--,--,--,--,--,--,--,--,--,--,0,0,0,0,0,0,0,0,0,0,0,0,0,0,0,0,0,0,0,0,0,0,0,0,0,0,0,0,0,0,0
Eurasia,        Azerbaijan,--,--,--,--,--,--,--,--,--,--,--,--,0.472062733,0.441357925,0.406824409,0.386311396,0.387837984,0.381716311,0.504387572,0.602906884,0.611789345,0.655452806,0.671327229,0.692505565,0.676289165,0.937904235,1.381626281,1.814468092,1.872886038,2.160260753,2.222030098,2.111215717,1.985193938,1.869983051,1.818827096,1.822507973,1.795358307,1.695173828,1.695458624,1.648523028,1.496800037,1.526918862,36.74590528
Eurasia,        Belarus,--,--,--,--,--,--,--,--,--,--,--,--,0.086083124,0.086165443,0.085312844,0.082802086,0.077821731,0.077998131,0.078156891,0.07852733,0.079626889,0.079409329,0.07835093,0.078121611,0.078192171,0.075116933,0.075116933,0.075116933,0.075322733,0.070824537,0.064385943,0.064385943,0.064562343,0.064385943,0.064385943,0.05598343,0.070301218,0.06859469,0.072242621,0.073064474,0.073972904,0.072912029,2.22724406
Eurasia,        Former U.S.S.R.,25.62498691,25.88701752,26.04251444,26.19363363,26.04170789,25.39333236,26.19515443,26.51339306,26.62343114,25.78667496,24.19838505,22.08101545,--,--,--,--,--,--,--,--,--,--,--,--,--,--,--,--,--,--,--,--,--,--,--,--,--,--,--,--,--,--,306.5812468
Eurasia,        Georgia,--,--,--,--,--,--,--,--,--,--,--,--,0.006241026,0.004292396,0.003881385,0.002146198,0.002582494,0.005741815,0.004703408,0.004721636,0.004304156,0.004292396,0.003176373,0.006009355,0.004304156,0.004292396,0.002146198,0.002146198,0.002152078,0.002146198,0.002146198,0.002146198,0.002152078,0.002146198,0.002146198,0.001715782,0.000860831,0.000895123,0.000809469,0.000734388,0.00068305,0.000635357,0.086350732
Eurasia,        Kazakhstan,--,--,--,--,--,--,--,--,--,--,--,--,0.955522671,0.875650251,0.890466409,0.888602451,0.982700007,1.118122167,1.129023677,1.295668609,1.555824368,1.779152447,2.05356036,2.251994263,2.647203315,2.833078056,2.924707228,3.040792351,3.01696266,3.244222215,3.394558458,3.45714065,3.392932546,3.499920042,3.629783129,3.692041199,3.584883791,3.964865605,4.149895762,4.150441347,3.933291107,3.930674581,78.26368172
Eurasia,        Kyrgyzstan,--,--,--,--,--,--,--,--,--,--,--,--,0.004671254,0.004229251,0.003405464,0.004229251,0.004240838,0.003800012,0.003585392,0.003389,0.004304156,0.004292396,0.003262221,0.002961753,0.003012909,0.004292396,0.004292396,0.002146198,0.002152078,0.002146198,0.002146198,0.002146198,0.002152078,0.002146198,0.002146198,0.002146198,0.002152078,0.002134991,0.001931337,0.001751656,0.001629717,0.001515339,0.088411349
Eurasia,        Moldova,--,--,--,--,--,--,--,--,--,--,--,--,0,0,0,0,0,0,0,0,0,0,0,0,0,0,0,0,0,0,0,0,0,0,0,0,0,0,0,0,0,0,0
Eurasia,        Russia,--,--,--,--,--,--,--,--,--,--,--,--,16.77387173,14.77717689,13.47005759,13.13958885,12.87038284,13.00105125,12.8968358,13.39661018,14.29658166,15.20430553,16.27201037,18.04386783,19.64150161,20.10069401,20.56062863,20.98958184,20.89572998,21.19491542,21.67450829,21.90069544,22.33506356,22.61344273,22.78217085,23.15084177,23.72304732,23.66938663,23.99883988,24.18946373,22.15112992,22.66788965,572.3818718
Eurasia,        Tajikistan,--,--,--,--,--,--,--,--,--,--,--,--,0.002671066,0.001590669,0.001161429,0.001376049,0.001164611,0.001224574,0.001009954,0.001009954,0.000818163,0.000699661,0.000663175,0.000755462,0.00053802,0.000599465,0.000643859,0.000597302,0.000506262,0.000467859,0.000461433,0.000461433,0.000459998,0.000442117,0.000442117,0.000389785,0.000387374,0.000678199,0.000678199,0.000678199,0.000680057,0.000678199,0.023934644
Eurasia,        Turkmenistan,--,--,--,--,--,--,--,--,--,--,--,--,0.229130453,0.186212017,0.177192973,0.166878477,0.181590695,0.2167859,0.26182078,0.323345454,0.328386568,0.350837705,0.403567646,0.420298083,0.450965016,0.412317776,0.369260952,0.375267028,0.394206015,0.409658554,0.447476304,0.468373905,0.51359502,0.531320434,0.545374559,0.570145137,0.545258559,0.557208804,0.553876723,0.504930548,0.455051807,0.478769541,11.82910343
Eurasia,        Ukraine,--,--,--,--,--,--,--,--,--,--,--,--,0.191403222,0.181338334,0.18065298,0.175729136,0.177096307,0.176864291,0.167396197,0.162220499,0.157475061,0.158559551,0.160074301,0.168659093,0.183805085,0.18822673,0.195296772,0.191635824,0.178627911,0.167844919,0.149717126,0.141333376,0.14231898,0.131079287,0.11649206,0.103992854,0.096616879,0.093176324,0.098368741,0.105050527,0.103744472,0.10334516,4.548141999
Eurasia,        Uzbekistan,--,--,--,--,--,--,--,--,--,--,--,--,0.123041811,0.158432075,0.221548977,0.314941251,0.323045901,0.309831535,0.317110969,0.286946596,0.287702225,0.286944588,0.280329189,0.291704778,0.265452325,0.230323001,0.199198158,0.210696126,0.203462881,0.13406173,0.113470587,0.125726048,0.142601633,0.150233867,0.138173997,0.129054125,0.113871979,0.098782466,0.092105056,0.086018544,0.081782207,0.07757179,5.794166415
