Date,Diesel (USD),difference,Number of Records,Petrol (USD)
09-06-2003,76.773394,2.18311,1,74.590284
16-06-2003,76.689054,2.219911,1,74.469143
23-06-2003,76.620546,2.196980000,1,74.423566
30-06-2003,76.50526,2.152839,1,74.352421
07-07-2003,76.457376,2.173639000,1,74.283737
14-07-2003,76.40812,2.201543,1,74.206577
21-07-2003,76.899144,1.833904,1,75.06524
28-07-2003,76.861864,1.761009000,1,75.100855
04-08-2003,76.812342,1.687958000,1,75.124384
11-08-2003,77.080738,1.636222000,1,75.444516
18-08-2003,77.43859,1.629642000,1,75.808948
26-08-2003,77.675094,1.622083,1,76.053011
01-09-2003,77.587704,1.461844000,1,76.12586
08-09-2003,77.67014,1.44395,1,76.22619
15-09-2003,77.626436,1.430011000,1,76.196425
22-09-2003,77.545842,1.397133,1,76.148709
29-09-2003,77.526894,1.442904,1,76.08399
06-10-2003,77.661236,1.228303,1,76.432933
13-10-2003,77.426488,1.52896,1,75.897528
20-10-2003,77.544714,1.496654000,1,76.04806
27-10-2003,77.510978,1.515518,1,75.99546
03-11-2003,77.519974,1.523715,1,75.996259
10-11-2003,77.469868,1.527038000,1,75.94283
17-11-2003,77.517624,1.590781000,1,75.926843
24-11-2003,77.670648,1.655550000,1,76.015098
01-12-2003,77.657072,1.661796,1,75.995276
08-12-2003,77.628804,1.658238000,1,75.970566
15-12-2003,77.619338,1.660275,1,75.959063
22-12-2003,77.613818,1.691182000,1,75.922636
29-12-2003,77.600882,1.661183000,1,75.939699
05-01-2004,77.535648,1.658873000,1,75.876775
12-01-2004,77.542542,1.644326000,1,75.898216
19-01-2004,78.055918,1.694987000,1,76.360931
26-01-2004,78.07987,1.639391,1,76.440479
02-02-2004,78.125574,1.641071000,1,76.484503
09-02-2004,77.981782,1.480263000,1,76.501519
16-02-2004,77.996952,1.556443,1,76.440509
23-02-2004,77.92896,1.547912000,1,76.381048
01-03-2004,77.869356,1.545164000,1,76.324192
08-03-2004,78.254358,1.521289,1,76.733069
15-03-2004,78.797116,1.408644000,1,77.388472
22-03-2004,78.924886,1.484838,1,77.440048
29-03-2004,79.013482,1.422866000,1,77.590616
05-04-2004,79.232033,1.376511000,1,77.855522
12-04-2004,79.270281,1.386157,1,77.884124
19-04-2004,79.433369,1.389536000,1,78.043833
26-04-2004,79.752385,1.357292000,1,78.395093
04-05-2004,80.64316,1.367751,1,79.275409
10-05-2004,81.675302,1.379530000,1,80.295772
17-05-2004,82.830852,1.337433000,1,81.493419
24-05-2004,83.479307,1.353941000,1,82.125366
31-05-2004,83.612116,1.257433000,1,82.354683
07-06-2004,83.651707,1.210657,1,82.44105
14-06-2004,82.604957,1.062827000,1,81.54213
21-06-2004,82.094263,1.051749000,1,81.042514
28-06-2004,81.044817,0.636322000,1,80.408495
05-07-2004,80.511468,0.637759000,1,79.873709
12-07-2004,81.054852,0.718553000,1,80.336299
19-07-2004,81.677249,0.840706000,1,80.836543
26-07-2004,81.697859,0.829829000,1,80.86803
02-08-2004,81.793266,0.937558000,1,80.855708
09-08-2004,82.144335,0.961293000,1,81.183042
16-08-2004,82.327274,1.075924,1,81.25135
23-08-2004,82.819437,1.311571,1,81.507866
31-08-2004,82.887681,1.359661,1,81.52802
06-09-2004,82.9208,1.551385,1,81.369415
13-09-2004,82.906787,1.595604000,1,81.311183
20-09-2004,83.031695,1.752980000,1,81.278715
27-09-2004,83.461528,1.836135,1,81.625393
04-10-2004,83.840763,1.791677000,1,82.049086
11-10-2004,85.01293,1.902221000,1,83.110709
18-10-2004,85.337416,1.987461,1,83.349955
25-10-2004,86.034388,2.09848,1,83.935908
01-11-2004,86.421527,2.151907000,1,84.26962
08-11-2004,86.544431,2.200931000,1,84.3435
15-11-2004,86.420849,2.156656,1,84.264193
22-11-2004,85.166606,3.701961000,1,81.464645
29-11-2004,86.361028,2.195769,1,84.165259
06-12-2004,86.397681,2.335402000,1,84.062279
13-12-2004,85.978619,3.245817,1,82.732802
20-12-2004,85.166606,3.701961000,1,81.464645
27-12-2004,85.140092,3.939382000,1,81.20071
03-01-2005,85.12332,3.957966,1,81.165354
10-01-2005,84.865124,5.029128000,1,79.835996
17-01-2005,83.939431,5.005191000,1,78.93424
24-01-2005,83.865077,4.935304,1,78.929773
31-01-2005,84.225148,4.684949000,1,79.540199
07-02-2005,84.274849,4.431541,1,79.843308
14-02-2005,84.31668,4.283247000,1,80.033433
21-02-2005,84.358614,4.208101000,1,80.150513
28-02-2005,84.6512,4.205632000,1,80.445568
07-03-2005,85.636466,4.471780000,1,81.164686
14-03-2005,86.109799,4.474492000,1,81.635307
21-03-2005,87.055381,4.358455000,1,82.696926
28-03-2005,87.684282,4.279363,1,83.404919
04-04-2005,88.3029,4.388397000,1,83.914503
11-04-2005,89.816453,4.207603000,1,85.60885
18-04-2005,89.799409,4.171111000,1,85.628298
25-04-2005,89.62219,4.116738000,1,85.505452
02-05-2005,89.3,3.860414000,1,85.439586
09-05-2005,89.456671,4.097111000,1,85.35956
16-05-2005,89.400207,4.132587,1,85.26762
23-05-2005,89.004168,4.235230000,1,84.768938
30-05-2005,88.38688,4.209073,1,84.177807
06-06-2005,88.233068,4.220112,1,84.012956
13-06-2005,88.964725,3.975579000,1,84.989146
20-06-2005,89.54102,4.016549000,1,85.524471
27-06-2005,90.273144,3.542625000,1,86.730519
04-07-2005,90.999685,3.513697000,1,87.485988
11-07-2005,91.888537,4.155794,1,87.732743
18-07-2005,92.670518,4.120576000,1,88.549942
25-07-2005,93.032987,4.033562,1,88.999425
01-08-2005,93.262693,4.017243000,1,89.24545
08-08-2005,93.627549,3.960310000,1,89.667239
15-08-2005,94.497185,3.939371000,1,90.557814
22-08-2005,94.676642,3.903546000,1,90.773096
29-08-2005,95.326917,3.911304000,1,91.415613
05-09-2005,97.18745,2.813253,1,94.374197
12-09-2005,97.886866,2.813311000,1,95.073555
19-09-2005,97.318895,2.904692,1,94.414203
26-09-2005,96.269036,2.937032000,1,93.332004
03-10-2005,96.613071,3.100257,1,93.512814
10-10-2005,97.04892,2.801005,1,94.247915
17-10-2005,96.999956,2.857716,1,94.14224
24-10-2005,96.796566,3.324584000,1,93.471982
31-10-2005,96.573725,3.785264,1,92.788461
07-11-2005,96.592336,4.127260000,1,92.465076
14-11-2005,94.918821,4.386785000,1,90.532036
21-11-2005,93.224741,4.616503000,1,88.608238
28-11-2005,91.804358,4.457335,1,87.347023
05-12-2005,91.804358,4.457335,1,87.347023
12-12-2005,91.475918,4.273443,1,87.202475
19-12-2005,91.828894,4.271624000,1,87.55727
26-12-2005,92.12099,4.236004000,1,87.884986
02-01-2006,92.268669,4.235273000,1,88.033396
09-01-2006,92.940071,4.380026000,1,88.560045
16-01-2006,93.186062,4.178882,1,89.00718
23-01-2006,93.622726,4.073714000,1,89.549012
30-01-2006,93.934285,4.054013000,1,89.880272
06-02-2006,93.852165,4.117682000,1,89.734483
13-02-2006,93.774116,4.124666000,1,89.64945
20-02-2006,93.753344,4.156995000,1,89.596349
27-02-2006,93.68502,4.177981,1,89.507039
06-03-2006,93.627079,4.257941000,1,89.369138
13-03-2006,93.852661,4.298113000,1,89.554548
20-03-2006,94.421533,4.229683000,1,90.19185
27-03-2006,94.95047,3.789041429,1,91.161428571
03-04-2006,95.640288,3.856218000,1,91.78407
10-04-2006,96.400079,3.629816000,1,92.770263
18-04-2006,97.642412,3.412450000,1,94.229962
24-04-2006,98.500205,3.148533000,1,95.351672
01-05-2006,98.900272,2.768824000,1,96.131448
08-05-2006,98.902568,2.441627,1,96.460941
15-05-2006,98.744455,2.352978000,1,96.391477
22-05-2006,98.497186,2.398071,1,96.099115
29-05-2006,97.692968,2.328427000,1,95.364541
05-06-2006,97.554977,2.317953,1,95.237024
12-06-2006,97.752037,2.257186,1,95.494851
19-06-2006,97.76583,2.323353000,1,95.442477
26-06-2006,97.363848,2.392020000,1,94.971828
03-07-2006,97.600107,2.332523000,1,95.267584
10-07-2006,97.994595,2.300027,1,95.694568
17-07-2006,98.743159,1.861275000,1,96.881884
24-07-2006,99.405504,1.620915000,1,97.784589
31-07-2006,99.414105,1.584305000,1,97.8298
07-08-2006,99.57275,1.521085000,1,98.051665
14-08-2006,99.446228,1.629328,1,97.8169
21-08-2006,97.927852,2.184575,1,95.743277
28-08-2006,96.671295,2.270032000,1,94.401263
04-09-2006,95.923818,3.042838,1,92.88098
11-09-2006,95.338222,3.857072,1,91.48115
18-09-2006,94.948911,5.172275,1,89.776636
25-09-2006,93.513476,5.312022,1,88.201454
02-10-2006,92.130327,5.183610000,1,86.946717
09-10-2006,91.74212,5.144707000,1,86.597413
16-10-2006,91.591815,5.682236000,1,85.909579
23-10-2006,91.215802,5.479926000,1,85.735876
30-10-2006,91.165465,5.563688,1,85.601777
06-11-2006,91.121902,5.583175,1,85.538727
13-11-2006,91.147111,5.659227,1,85.487884
20-11-2006,91.169994,5.715715000,1,85.454279
27-11-2006,91.16999,5.700544000,1,85.469446
04-12-2006,91.502345,6.038059286,1,85.464285714
11-12-2006,92.959131,5.515506,1,87.443625
18-12-2006,93.256807,5.561186000,1,87.695621
25-12-2006,93.414743,5.510306,1,87.904437
01-01-2007,93.402175,5.548993000,1,87.853182
08-01-2007,93.110997,5.450456000,1,87.660541
15-01-2007,91.553679,4.458633000,1,87.095046
22-01-2007,90.453728,4.17486,1,86.278868
29-01-2007,89.69774,4.040625000,1,85.657115
05-02-2007,89.627096,4.009067000,1,85.618029
12-02-2007,90.109189,3.986542000,1,86.122647
19-02-2007,90.549378,3.950262000,1,86.599116
26-02-2007,91.023191,3.956740000,1,87.066451
05-03-2007,91.592097,3.847125000,1,87.744972
12-03-2007,92.167052,3.687320000,1,88.479732
19-03-2007,92.60558,3.671117000,1,88.934463
26-03-2007,92.911862,3.591931,1,89.319931
02-04-2007,93.903605,3.432544000,1,90.471061
10-04-2007,94.334736,3.158296000,1,91.17644
16-04-2007,94.855547,2.861535000,1,91.994012
23-04-2007,95.389551,2.456201000,1,92.93335
30-04-2007,95.714406,2.260898000,1,93.453508
07-05-2007,96.118266,1.691892000,1,94.426374
14-05-2007,96.467447,1.396093000,1,95.071354
21-05-2007,96.688692,0.982905000,1,95.705787
28-05-2007,96.990185,0.827969000,1,96.162216
04-06-2007,97.191478,0.678491000,1,96.512987
11-06-2007,97.199683,0.586232000,1,96.613451
18-06-2007,97.112813,0.553406000,1,96.559407
25-06-2007,97.123016,0.580849000,1,96.542167
02-07-2007,96.887156,0.528906000,1,96.35825
09-07-2007,96.778121,0.581891000,1,96.19623
16-07-2007,96.785415,0.575669000,1,96.209746
23-07-2007,96.829441,0.596787000,1,96.232654
30-07-2007,96.765517,0.568912000,1,96.196605
06-08-2007,96.719838,0.572822000,1,96.147016
13-08-2007,96.699594,0.699859000,1,95.999735
20-08-2007,96.59407,1.288041000,1,95.306029
27-08-2007,96.367761,1.365007000,1,95.002754
03-09-2007,96.373106,1.569516000,1,94.80359
10-09-2007,96.336757,1.702274000,1,94.634483
17-09-2007,96.445314,1.791991000,1,94.653323
24-09-2007,96.896065,1.984019,1,94.912046
01-10-2007,98.513787,2.120454000,1,96.393333
08-10-2007,99.099855,1.961728000,1,97.138127
15-10-2007,99.181411,1.989310000,1,97.192101
22-10-2007,99.894886,2.089047000,1,97.805839
29-10-2007,100.694424,2.431148000,1,98.263276
05-11-2007,102.160354,2.795430000,1,99.364924
12-11-2007,104.172417,3.430124000,1,100.742293
19-11-2007,105.284478,3.816284,1,101.468194
26-11-2007,106.254374,4.124638,1,102.129736
03-12-2007,107.192112,4.609985000,1,102.582127
10-12-2007,107.473207,4.806407000,1,102.6668
17-12-2007,107.556386,4.957125,1,102.599261
24-12-2007,107.50416,4.977188000,1,102.526972
31-12-2007,107.605689,4.94336,1,102.662329
07-01-2008,108.294534,4.92406,1,103.370474
14-01-2008,108.769324,4.946659000,1,103.822665
21-01-2008,109.089543,4.866027000,1,104.223516
28-01-2008,109.106984,4.882246000,1,104.224738
04-02-2008,108.987695,4.960908000,1,104.026787
11-02-2008,108.862612,5.192410000,1,103.670202
18-02-2008,108.988329,5.293032000,1,103.695297
25-02-2008,110.209473,5.561199,1,104.648274
03-03-2008,110.903592,5.665339000,1,105.238253
10-03-2008,112.228293,6.271005000,1,105.957288
17-03-2008,113.081733,6.667201000,1,106.414532
24-03-2008,114.401065,7.496363,1,106.904702
31-03-2008,114.786378,7.685448000,1,107.10093
07-04-2008,115.469927,8.233232000,1,107.236695
14-04-2008,116.507167,8.894297000,1,107.61287
21-04-2008,118.056865,9.485827,1,108.571038
28-04-2008,119.099003,9.599410000,1,109.499593
05-05-2008,120.368363,10.07084,1,110.297523
12-05-2008,121.485153,10.442968,1,111.042185
19-05-2008,124.502483,11.542976,1,112.959507
26-05-2008,127.214268,12.42763,1,114.786638
02-06-2008,128.823004,12.796103,1,116.026901
09-06-2008,129.681124,12.823981,1,116.857143
16-06-2008,130.662086,12.969002,1,117.693084
23-06-2008,131.450347,13.010811,1,118.439536
30-06-2008,132.030926,13.186079,1,118.844847
07-07-2008,132.552662,13.276252,1,119.27641
14-07-2008,132.872053,13.434014,1,119.438039
21-07-2008,132.887911,13.4868,1,119.401111
28-07-2008,130.710542,13.799402,1,116.91114
04-08-2008,128.193622,13.133407,1,115.060215
11-08-2008,126.196078,12.273565,1,113.922513
18-08-2008,124.09707,11.882026,1,112.215044
25-08-2008,123.735823,11.713262,1,112.022561
01-09-2008,123.886102,11.688344,1,112.197758
08-09-2008,124.196186,11.649335,1,112.546851
15-09-2008,124.143165,11.630855,1,112.51231
22-09-2008,122.609331,11.799131,1,110.8102
29-09-2008,121.647253,11.798343,1,109.84891
06-10-2008,121.136486,11.684418,1,109.452068
13-10-2008,118.42286,11.383331,1,107.039529
20-10-2008,114.310172,11.652041,1,102.658131
27-10-2008,111.010963,12.388895,1,98.622068
03-11-2008,109.866997,12.467356,1,97.399641
10-11-2008,109.129743,13.239213,1,95.89053
17-11-2008,108.726939,13.894478,1,94.832461
24-11-2008,107.778352,14.990686,1,92.787666
01-12-2008,106.56167,15.091384,1,91.470286
08-12-2008,104.865123,14.708806,1,90.156317
15-12-2008,101.240612,12.174923,1,89.065689
22-12-2008,99.937153,11.922843,1,88.01431
29-12-2008,99.17338,11.829075,1,87.344305
05-01-2009,97.570595,12.148026,1,85.422569
12-01-2009,98.316421,12.297707,1,86.018714
19-01-2009,98.448597,12.254101,1,86.194496
26-01-2009,99.38525,11.967564,1,87.417686
02-02-2009,99.821378,11.660577,1,88.160801
09-02-2009,100.313083,11.036288,1,89.276795
16-02-2009,100.858645,10.738132,1,90.120513
23-02-2009,100.81457,10.482681,1,90.331889
02-03-2009,100.644113,10.361587,1,90.282526
09-03-2009,100.02847,9.874898000,1,90.153572
16-03-2009,99.821476,9.662772000,1,90.158704
23-03-2009,99.520951,9.356212,1,90.164739
30-03-2009,99.975093,8.630038,1,91.345055
06-04-2009,102.143905,8.426252000,1,93.717653
13-04-2009,102.436117,8.32809,1,94.108027
20-04-2009,102.706221,8.083003000,1,94.623218
27-04-2009,102.829212,7.695250000,1,95.133962
04-05-2009,102.797989,7.202581000,1,95.595408
11-05-2009,103.09914,6.512164,1,96.586976
18-05-2009,103.366465,5.821717000,1,97.544748
25-05-2009,103.545961,4.646694,1,98.899267
01-06-2009,103.552087,4.167085000,1,99.385002
08-06-2009,103.778387,3.188839,1,100.589548
15-06-2009,104.501039,2.521676000,1,101.979363
22-06-2009,104.916931,2.109069000,1,102.807862
29-06-2009,105.052808,1.750143000,1,103.302665
06-07-2009,105.108043,1.541331000,1,103.566712
13-07-2009,104.043972,1.259430000,1,102.784542
20-07-2009,102.994783,0.775347000,1,102.219436
27-07-2009,102.9058,0.731868000,1,102.173932
03-08-2009,103.202722,0.847391000,1,102.355331
10-08-2009,103.794428,0.782799000,1,103.011629
17-08-2009,104.449727,0.494332,1,103.955395
24-08-2009,105.109871,0.411291000,1,104.69858
31-08-2009,105.501028,0.391072000,1,105.109956
07-09-2009,107.30016,0.449926000,1,106.850234
14-09-2009,107.087878,0.655944000,1,106.431934
21-09-2009,106.79198,0.835856000,1,105.956124
28-09-2009,106.391081,0.954165000,1,105.436916
05-10-2009,105.847508,0.980050000,1,104.867458
12-10-2009,105.68811,0.975409000,1,104.712701
19-10-2009,106.279894,1.195512000,1,105.084382
26-10-2009,107.778406,1.022533,1,106.755873
02-11-2009,108.510193,1.078735000,1,107.431458
09-11-2009,109.351895,1.251817000,1,108.100078
16-11-2009,109.645356,1.161461,1,108.483895
23-11-2009,109.871875,1.138465,1,108.73341
30-11-2009,109.985788,1.193627000,1,108.792161
07-12-2009,109.871982,1.234553000,1,108.637429
14-12-2009,109.568286,1.070917000,1,108.497369
21-12-2009,109.126373,1.660302,1,107.466071
28-12-2009,109.171881,1.728839000,1,107.443042
04-01-2010,111.075737,1.735293000,1,109.340444
11-01-2010,112.593144,1.870823000,1,110.722321
18-01-2010,113.389111,1.787246000,1,111.601865
25-01-2010,113.711136,1.845482000,1,111.865654
01-02-2010,113.748964,1.843342000,1,111.905622
08-02-2010,113.790274,1.840133000,1,111.950141
15-02-2010,113.678924,1.786021000,1,111.892903
22-02-2010,112.758247,1.193391000,1,111.564856
01-03-2010,113.407348,0.990005000,1,112.417343
08-03-2010,114.683616,0.971872000,1,113.711744
15-03-2010,116.209882,0.751695000,1,115.458187
22-03-2010,117.282988,0.692030000,1,116.590958
29-03-2010,118.206566,0.924715000,1,117.281851
05-04-2010,120.089487,0.803434000,1,119.286053
12-04-2010,121.113094,1.170799000,1,119.942295
19-04-2010,121.743392,1.188436,1,120.554956
26-04-2010,122.308512,1.32151,1,120.987002
03-05-2010,122.681623,1.497890000,1,121.183733
10-05-2010,122.816989,1.506678000,1,121.310311
17-05-2010,122.833943,1.529996,1,121.303947
24-05-2010,121.922597,1.997165000,1,119.925432
31-05-2010,120.756445,2.213452000,1,118.542993
07-06-2010,120.397225,2.192390000,1,118.204835
14-06-2010,120.207196,2.341364000,1,117.865832
21-06-2010,120.388271,2.586280000,1,117.801991
28-06-2010,120.379937,2.502696000,1,117.877241
05-07-2010,120.437228,2.528099000,1,117.909129
12-07-2010,119.782324,2.388843000,1,117.393481
19-07-2010,119.239922,2.391244000,1,116.848678
26-07-2010,119.025333,2.411035000,1,116.614298
02-08-2010,119.028459,2.519433000,1,116.509026
09-08-2010,118.944106,2.598461,1,116.345645
16-08-2010,118.786676,2.449438,1,116.337238
23-08-2010,117.900445,2.257847,1,115.642598
30-08-2010,117.370968,2.387529000,1,114.983439
06-09-2010,117.088216,2.497270000,1,114.590946
13-09-2010,117.173524,2.516980000,1,114.656544
20-09-2010,117.719341,2.654650000,1,115.064691
27-09-2010,118.105561,2.711096,1,115.394465
04-10-2010,118.970308,2.957223000,1,116.013085
11-10-2010,119.773901,2.990942,1,116.782959
18-10-2010,120.603211,3.319609,1,117.283602
25-10-2010,121.174022,3.434758000,1,117.739264
01-11-2010,121.664442,3.486927000,1,118.177515
08-11-2010,122.191785,3.520390000,1,118.671395
15-11-2010,122.505723,3.708662,1,118.797061
22-11-2010,122.744644,3.756078,1,118.988566
29-11-2010,123.200039,3.992372,1,119.207667
06-12-2010,124.61784,4.076334,1,120.541506
13-12-2010,125.774781,4.092865,1,121.681916
20-12-2010,126.522238,4.213104000,1,122.309134
27-12-2010,127.68028,4.239042,1,123.441238
03-01-2011,129.111593,4.259204000,1,124.852389
10-01-2011,131.596422,4.198296000,1,127.398126
17-01-2011,132.3254175,4.453214500,1,127.872203
24-01-2011,132.997274,4.645013000,1,128.352261
31-01-2011,133.2537785,4.705823500,1,128.547955
07-02-2011,133.4733455,4.837747500,1,128.635598
14-02-2011,133.7136425,4.988239500,1,128.725403
21-02-2011,134.040305,5.121160000,1,128.919145
28-02-2011,135.0556285,5.330663500,1,129.724965
07-03-2011,136.898185,5.616368000,1,131.281817
14-03-2011,138.2486415,6.072475500,1,132.176166
21-03-2011,139.533481,6.424022000,1,133.109459
28-03-2011,139.037526,6.600375000,1,132.437151
04-04-2011,139.459211,6.653335,1,132.805876
11-04-2011,140.330653,6.647829,1,133.682824
18-04-2011,141.3398335,6.278847500,1,135.060986
25-04-2011,142.111127,6.489918000,1,135.621209
02-05-2011,142.526949,6.232750000,1,136.294199
09-05-2011,143.0594055,6.0067415,1,137.052664
16-05-2011,141.498892,5.100256,1,136.398636
23-05-2011,140.767373,4.654609000,1,136.112764
30-05-2011,139.814036,4.245914000,1,135.568122
06-06-2011,139.582644,3.967620000,1,135.615024
13-06-2011,139.7712425,3.9153665,1,135.855876
20-06-2011,140.0541035,4.027965500,1,136.026138
27-06-2011,138.7667885,3.903622500,1,134.863166
04-07-2011,137.7020295,4.2738535,1,133.428176
11-07-2011,138.39608,4.220590000,1,134.17549
18-07-2011,139.3605265,4.387078500,1,134.973448
25-07-2011,139.954891,4.293815000,1,135.661076
01-08-2011,140.5548395,4.488027500,1,136.066812
08-08-2011,140.8391405,4.375638500,1,136.463502
15-08-2011,140.356924,4.40919,1,135.947734
22-08-2011,139.044761,4.485545,1,134.559216
29-08-2011,138.715473,4.397897,1,134.317576
05-09-2011,138.956178,4.336752000,1,134.619426
12-09-2011,139.3984595,4.3952625,1,135.003197
19-09-2011,139.86154,4.459732,1,135.401808
26-09-2011,140.1402825,4.486218500,1,135.654064
03-10-2011,139.7658205,4.744312500,1,135.021508
10-10-2011,139.5203975,5.048307500,1,134.47209
17-10-2011,139.725461,5.236817,1,134.488644
24-10-2011,140.194267,5.535071000,1,134.659196
31-10-2011,140.27105,5.536434000,1,134.734616
07-11-2011,140.4167345,6.011366500,1,134.405368
14-11-2011,140.5322435,6.855943500,1,133.6763
21-11-2011,141.0637135,7.6886935,1,133.37502
28-11-2011,141.0959425,7.928255500,1,133.167687
05-12-2011,140.99401,8.216902,1,132.777108
12-12-2011,140.9523045,8.424312500,1,132.527992
19-12-2011,140.925944,8.438738000,1,132.487206
26-12-2011,140.773375,8.36353,1,132.409845
02-01-2012,140.83631,8.433801000,1,132.402509
09-01-2012,141.004635,8.323155000,1,132.68148
16-01-2012,141.6858805,8.391754500,1,133.294126
23-01-2012,142.060834,8.339713000,1,133.721121
30-01-2012,142.447262,8.345878000,1,134.101384
06-02-2012,142.2378,7.984784000,1,134.253016
13-02-2012,142.8253785,7.927967500,1,134.897411
20-02-2012,143.152108155,7.940671887,1,135.211436268
27-02-2012,143.9204905,7.708140500,1,136.21235
05-03-2012,144.7115055,7.4082435,1,137.303262
12-03-2012,145.146128,7.244704000,1,137.901424
19-03-2012,146.1610355,7.203669500,1,138.957366
26-03-2012,146.5582655,7.0781015,1,139.480164
02-04-2012,147.679775,6.686756000,1,140.993019
09-04-2012,148.0034515,6.031907500,1,141.971544
16-04-2012,148.0377095,5.864955500,1,142.172754
23-04-2012,147.9612435,6.202223500,1,141.75902
30-04-2012,147.0520665,6.0478545,1,141.004212
07-05-2012,146.396212,6.259710000,1,140.136502
14-05-2012,144.51881,6.232236000,1,138.286574
21-05-2012,141.746612,5.975192000,1,135.77142
28-05-2012,140.493994,6.119400000,1,134.374594
04-06-2012,139.958044,5.899758000,1,134.058286
11-06-2012,139.582426,5.914812000,1,133.667614
18-06-2012,137.710644,5.719694,1,131.99095
25-06-2012,137.204476,5.658556,1,131.54592
02-07-2012,135.90737,5.410008,1,130.497362
09-07-2012,136.436738,5.380022,1,131.056716
16-07-2012,136.847234,5.357106000,1,131.490128
23-07-2012,137.720458,5.506252000,1,132.214206
30-07-2012,138.251048,5.473679,1,132.777369
06-08-2012,138.7893,5.399614000,1,133.389686
13-08-2012,139.460562,5.192068000,1,134.268494
20-08-2012,140.785706,5.061794000,1,135.723912
27-08-2012,142.168836,5.070634000,1,137.098202
03-09-2012,142.871872,4.842924000,1,138.028948
10-09-2012,143.655124,4.749288000,1,138.905836
17-09-2012,144.175286,4.754446000,1,139.42084
24-09-2012,144.356654,4.820952000,1,139.535702
01-10-2012,143.283734,4.850871000,1,138.432863
08-10-2012,143.046598,4.809812000,1,138.236786
15-10-2012,143.234956,4.887136,1,138.34782
22-10-2012,143.226978,4.934587000,1,138.292391
29-10-2012,142.998066,6.014467,1,136.983599
05-11-2012,142.753433,6.320418000,1,136.433015
12-11-2012,141.74304,6.657025,1,135.086015
19-11-2012,141.327756,6.766549,1,134.561207
26-11-2012,141.127708,6.751799000,1,134.375909
03-12-2012,140.905264,7.855631000,1,133.049633
10-12-2012,140.76424,8.215607000,1,132.548633
17-12-2012,140.07937,8.102723000,1,131.976647
24-12-2012,139.838594,7.886631000,1,131.951963
31-12-2012,139.81163,7.892072000,1,131.919558
07-01-2013,139.752673,7.891958000,1,131.860715
14-01-2013,139.67838,7.677965,1,132.000415
21-01-2013,139.952684,7.738774000,1,132.21391
28-01-2013,140.766412,7.816912,1,132.9495
04-02-2013,141.910072,7.529556000,1,134.380516
11-02-2013,143.026672,7.465703000,1,135.560969
18-02-2013,144.170064,7.311128,1,136.858936
25-02-2013,145.54502,7.048396,1,138.496624
04-03-2013,146.34438,6.871074000,1,139.473306
11-03-2013,146.71072,6.713407000,1,139.997313
18-03-2013,144.841696,7.259052000,1,137.582644
25-03-2013,144.334302,7.248358,1,137.085944
01-04-2013,143.506238,6.209064000,1,137.297174
08-04-2013,143.133134,5.827868000,1,137.305266
15-04-2013,141.665096,4.556294000,1,137.108802
22-04-2013,140.639226,4.958514000,1,135.680712
29-04-2013,139.593944,4.931543,1,134.662401
06-05-2013,138.540578,5.124066000,1,133.416512
13-05-2013,138.267072,5.148012000,1,133.11906
20-05-2013,138.424342,5.252600000,1,133.171742
27-05-2013,138.816043,5.178115000,1,133.637928
03-06-2013,139.171387,5.126949000,1,134.044438
10-06-2013,139.433402,5.134393000,1,134.299009
17-06-2013,139.536798,5.079110000,1,134.457688
24-06-2013,139.636392,5.116334000,1,134.520058
01-07-2013,138.514228,5.073920000,1,133.440308
08-07-2013,138.730852,4.961548000,1,133.769304
15-07-2013,139.83587,4.889392000,1,134.946478
22-07-2013,140.721106,4.684938000,1,136.036168
29-07-2013,141.4359,4.567433000,1,136.868467
05-08-2013,141.67454,4.659006000,1,137.015534
12-08-2013,141.822056,4.691854000,1,137.130202
19-08-2013,141.732616,4.734000000,1,136.998616
28-08-2013,141.777568,4.950136000,1,136.827432
02-09-2013,142.093038,4.956478000,1,137.13656
09-09-2013,142.670812,5.068713000,1,137.602099
16-09-2013,142.520394,5.047465000,1,137.472929
23-09-2013,142.088496,5.134692,1,136.953804
30-09-2013,140.19416,6.792478000,1,133.401682
07-10-2013,138.833854,7.21302,1,131.620834
14-10-2013,139.151733,7.477526000,1,131.674207
21-10-2013,138.994364,7.461358000,1,131.533006
28-10-2013,138.877855,7.459739000,1,131.418116
04-11-2013,137.514468,7.592523000,1,129.921945
11-11-2013,137.323684,7.618658000,1,129.705026
18-11-2013,137.471422,7.583424000,1,129.887998
25-11-2013,137.721143,7.687739000,1,130.033404
02-12-2013,137.89806,7.644062000,1,130.253998
09-12-2013,138.553441,7.789070000,1,130.764371
16-12-2013,138.841638,7.880896000,1,130.960742
23-12-2013,138.16987,8.117989000,1,130.051881
30-12-2013,137.979548,7.945603000,1,130.033945
06-01-2014,138.114304,7.858112000,1,130.256192
13-01-2014,138.339549,7.983200000,1,130.356349
20-01-2014,137.231466,7.864295000,1,129.367171
27-01-2014,136.93848,7.917636000,1,129.020844
03-02-2014,136.843692,7.989528000,1,128.854164
10-02-2014,136.84498,8.031952000,1,128.813028
17-02-2014,136.805953,7.649870000,1,129.156083
24-02-2014,136.949798,7.747893000,1,129.201905
03-03-2014,137.150489,7.792293,1,129.358196
10-03-2014,137.078087,7.692695000,1,129.385392
17-03-2014,136.267264,7.510079000,1,128.757185
24-03-2014,135.997804,7.426622000,1,128.571182
31-03-2014,135.886517,7.125207000,1,128.76131
07-04-2014,136.008986,7.296143,1,128.712843
14-04-2014,136.05353,7.162662000,1,128.890868
21-04-2014,136.115271,7.002871,1,129.1124
28-04-2014,135.930394,6.835973000,1,129.094421
05-05-2014,136.160885,6.894753000,1,129.266132
12-05-2014,136.368386,6.870677000,1,129.497709
19-05-2014,136.165879,6.7475,1,129.418379
26-05-2014,136.357683,6.846847,1,129.510836
02-06-2014,136.37573,6.743920000,1,129.63181
09-06-2014,136.040524,6.347860000,1,129.692664
16-06-2014,135.541802,5.661658000,1,129.880144
23-06-2014,135.500857,5.358701,1,130.142156
30-06-2014,136.037584,5.350534000,1,130.68705
07-07-2014,136.218095,5.118176000,1,131.099919
14-07-2014,136.170902,5.059405,1,131.111497
21-07-2014,135.687292,4.642571000,1,131.044721
28-07-2014,135.504648,4.675069000,1,130.829579
04-08-2014,134.305142,4.679041000,1,129.626101
11-08-2014,133.851055,4.436672000,1,129.414383
18-08-2014,133.742933,4.450965,1,129.291968
25-08-2014,133.161883691,4.819575613,1,128.342308078
01-09-2014,132.768142517,4.758725924,1,128.009416593
08-09-2014,133.090170742,4.747113417,1,128.343057326
15-09-2014,133.131454059,4.698096707,1,128.433357352
22-09-2014,133.318909153,4.701958799,1,128.616950354
29-09-2014,133.233120857,4.639920796,1,128.593200061
06-10-2014,131.431831983,4.646914215,1,126.784917768
13-10-2014,131.081976545,4.582709428,1,126.499267117
20-10-2014,129.997177827,4.593685536,1,125.403492291
27-10-2014,129.716744044,4.603008617,1,125.113735428
03-11-2014,128.557099699,4.618312635,1,123.938787064
10-11-2014,127.594883146,4.651952912,1,122.942930235
17-11-2014,127.308864603,4.807486826,1,122.501377776
24-11-2014,127.166896267,4.872314115,1,122.294582152
01-12-2014,126.111366287,4.933172961,1,121.178193326
08-12-2014,124.785814911,4.952666316,1,119.833148595
15-12-2014,122.430409906,6.129107885,1,116.301302021
22-12-2014,120.813953549,7.151181567,1,113.662771983
29-12-2014,120.363273374,7.202974326,1,113.160299048
05-01-2015,117.933359431,6.870720466,1,111.062638965
12-01-2015,116.220679614,7.354791942,1,108.865887673
19-01-2015,114.327654193,7.501930555,1,106.825723638
26-01-2015,113.760403587,7.440513510,1,106.319890077
02-02-2015,113.613102506,7.570817126,1,106.042285380
09-02-2015,113.909805227,7.555010644,1,106.354794583
16-02-2015,114.725613519,7.465530876,1,107.260082643
23-02-2015,115.738509574,7.394503334,1,108.344006240
02-03-2015,116.635476736,7.436318829,1,109.199157906
09-03-2015,117.510390385,7.439463207,1,110.070927178
16-03-2015,118.263672151,7.226858027,1,111.036814123
23-03-2015,118.710279659,7.062896849,1,111.647382810
30-03-2015,118.971828705,6.911291263,1,112.060537442
06-04-2015,119.087112661,6.712792952,1,112.374319708
13-04-2015,119.146108417,6.624050421,1,112.522057996
20-04-2015,119.138720699,6.266992719,1,112.871727979
27-04-2015,119.577306317,6.026471895,1,113.550834422
04-05-2015,119.996442868,5.725956730,1,114.270486137
11-05-2015,120.593347348,5.495263337,1,115.098084011
18-05-2015,121.036379133,5.297135526,1,115.739243607
25-05-2015,121.318955916,5.294563804,1,116.024392112
01-06-2015,121.300450117,5.169054260,1,116.131395857
08-06-2015,121.337923093,5.082528105,1,116.255394988
15-06-2015,121.300466213,4.914064123,1,116.386402090
22-06-2015,121.206011178,4.610119752,1,116.595891426
29-06-2015,120.990388376,4.440246159,1,116.550142216
06-07-2015,120.763642817,4.427338892,1,116.336303925
13-07-2015,118.831805640,2.425765261,1,116.406040379
20-07-2015,118.434521989,1.648401900,1,116.786120089
27-07-2015,116.954803740,0.512867376,1,116.441936364
03-08-2015,115.170197814,-0.946088914,1,116.116286728
10-08-2015,114.200467388,-1.280883990,1,115.481351377
17-08-2015,112.048471150,-2.534531833,1,114.583002983
24-08-2015,111.050110209,-2.183725508,1,113.233835717
31-08-2015,109.918938256,-1.290590613,1,111.209528869
07-09-2015,109.782049883,-1.113675172,1,110.895725055
14-09-2015,109.945658130,-0.659112497,1,110.604770627
21-09-2015,110.523235448,-0.084823772,1,110.608059220
28-09-2015,110.445473526,0.971749607,1,109.473723919
05-10-2015,110.567550029,1.625578725,1,108.941971304
12-10-2015,110.779265961,1.811073416,1,108.968192545
19-10-2015,111.174198272,2.16874149,1,109.005456782
26-10-2015,110.609441,2.568157000,1,108.041284
02-11-2015,110.138251,2.932597000,1,107.205654
09-11-2015,110.081484,2.940435000,1,107.141049
16-11-2015,110.318226,2.954422000,1,107.363804
23-11-2015,110.269466,2.976637,1,107.292829
30-11-2015,110.0064,3.039797000,1,106.966603
07-12-2015,109.92421,3.174510000,1,106.7497
14-12-2015,108.073788,4.077843000,1,103.995945
21-12-2015,107.041449,4.708242000,1,102.333207
28-12-2015,106.433737,4.320493,1,102.113244
04-01-2016,106.321586,4.323796,1,101.99779
11-01-2016,103.412242,1.522452,1,101.88979
18-01-2016,102.805314,1.000693,1,101.804621
25-01-2016,101.53855,0.115040000,1,101.42351
01-02-2016,100.83594,-0.524807000,1,101.360747
08-02-2016,101.138346,-0.370644000,1,101.50899
15-02-2016,101.214269,-0.236443000,1,101.450712
22-02-2016,101.126903,-0.264042000,1,101.390945
29-02-2016,101.380401,-0.043038000,1,101.423439
07-03-2016,101.674595,0.211156000,1,101.463439
14-03-2016,102.52036,0.813662000,1,101.706698
21-03-2016,103.639788,1.060082000,1,102.579706
28-03-2016,104.396632,0.995196000,1,103.401436
04-04-2016,105.315973,0.806945000,1,104.509028
11-04-2016,105.978684,0.588110000,1,105.390574
18-04-2016,106.970055696,0.563336595,1,106.406719101
25-04-2016,107.671722,0.530544000,1,107.141178
02-05-2016,108.57853,0.760883000,1,107.817647
09-05-2016,109.003659,0.812912000,1,108.190747
16-05-2016,109.296234,0.768047000,1,108.528187
23-05-2016,109.904938,0.781901000,1,109.123037
30-05-2016,110.699954784,0.913828742,1,109.786126042
06-06-2016,111.427300832,1.025048126,1,110.402252706
13-06-2016,111.989891,0.959288000,1,111.030603
20-06-2016,112.310014,1.087522000,1,111.222492
27-06-2016,112.558359,1.115474000,1,111.442885
04-07-2016,112.85858,1.209526000,1,111.649054
11-07-2016,113.092065,1.197229000,1,111.894836
18-07-2016,112.998727,1.082208000,1,111.916519
25-07-2016,112.893576,1.202901000,1,111.690675
01-08-2016,112.42563,1.380295,1,111.045335
08-08-2016,111.404402,1.655859000,1,109.748543
15-08-2016,111.01857,1.741942000,1,109.276628
22-08-2016,111.706114,2.071551,1,109.634563
29-08-2016,112.549146,2.116449000,1,110.432697
05-09-2016,113.101107,2.130242000,1,110.970865
12-09-2016,113.419712,2.107103,1,111.312609
19-09-2016,113.225318776,1.939557466,1,111.28576131
26-09-2016,113.375045768,2.011571918,1,111.36347385
03-10-2016,113.70673952,2.057193772,1,111.649545748
10-10-2016,114.403363,2.053502000,1,112.349861
17-10-2016,115.995878,2.274724000,1,113.721154
24-10-2016,117.699075,2.499921,1,115.199154
31-10-2016,118.419488,2.397234000,1,116.022254
07-11-2016,119.027192,2.468377,1,116.558815
14-11-2016,118.920723,2.419218000,1,116.501505
21-11-2016,117.421477,2.715948,1,114.705529
28-11-2016,116.565416,2.844729000,1,113.720687
05-12-2016,116.751146,3.086711000,1,113.664435
12-12-2016,117.514363,3.287703000,1,114.22666
19-12-2016,118.609262,3.609054,1,115.000208
26-12-2016,119.029978,3.576469,1,115.453509
02-01-2017,120.031149,3.031114000,1,117.000035
09-01-2017,121.303117,3.324684000,1,117.978433
16-01-2017,122.098974,3.464702000,1,118.634272
23-01-2017,122.745247,3.316234000,1,119.429013
30-01-2017,123.19443,3.183206000,1,120.011224
06-02-2017,123.246831,3.069751000,1,120.17708
13-02-2017,123.170096,3.018422,1,120.151674
20-02-2017,123.145996,2.947072000,1,120.198924
27-02-2017,123.059605,2.937868000,1,120.121737
06-03-2017,122.895616,2.876081,1,120.019535
13-03-2017,122.767479,2.964643000,1,119.802836
20-03-2017,121.839519,2.892672000,1,118.946847
27-03-2017,121.078113304,3.050028165,1,118.028085139
03-04-2017,119.915592,2.989047,1,116.926545
10-04-2017,119.976072,2.954412000,1,117.02166
17-04-2017,120.36304,2.824328000,1,117.538712
24-04-2017,120.769471,2.621949000,1,118.147522
01-05-2017,120.778874,2.696969000,1,118.081905
08-05-2017,119.340665,2.282620000,1,117.058045
15-05-2017,117.649216,2.048190000,1,115.601026
22-05-2017,117.75771,2.085455000,1,115.672255
29-05-2017,117.88009756,2.08540424,1,115.79469332
05-06-2017,117.947298136,2.126464187,1,115.820833949
12-06-2017,117.760837096,2.067398606,1,115.69343849
19-06-2017,117.179143,2.060961000,1,115.118182
26-06-2017,116.256883,1.830431000,1,114.426452
03-07-2017,115.628534,1.887887000,1,113.740647
10-07-2017,115.290179,1.713050000,1,113.577129
17-07-2017,115.583255,1.695585000,1,113.88767
24-07-2017,115.729385,1.736139000,1,113.993246
31-07-2017,115.989298,1.828071000,1,114.161227
07-08-2017,116.64198,1.859594000,1,114.782386
14-08-2017,117.426897,1.901062000,1,115.525835
21-08-2017,118.046673,2.003193000,1,116.04348
28-08-2017,118.241035,1.838738000,1,116.402297
04-09-2017,118.770002,1.818575000,1,116.951427
11-09-2017,119.938896,1.795719000,1,118.143177
18-09-2017,120.590873,1.738381000,1,118.852492
25-09-2017,120.915867,2.046786,1,118.869081
02-10-2017,120.372722,2.239578000,1,118.133144
09-10-2017,120.510283,3.348515000,1,117.161768
16-10-2017,120.41775072,3.4094396,1,117.00831112
23-10-2017,120.651854608,3.607350819,1,117.044503789
30-10-2017,120.631105,3.571427000,1,117.059678
06-11-2017,121.270748,3.69595,1,117.574798
13-11-2017,122.692883,3.782425,1,118.910458
20-11-2017,123.316999,3.645754000,1,119.671245
27-11-2017,123.792189,3.664163000,1,120.128026
04-12-2017,123.207709,3.452783000,1,119.754926
11-12-2017,123.693477,3.787486,1,119.905991
18-12-2017,123.810791,3.832813000,1,119.977978
25-12-2017,123.429379,3.425374000,1,120.004005
01-01-2018,123.511621,3.326175000,1,120.185446
08-01-2018,123.970984,3.448912000,1,120.522072
15-01-2018,124.57902,3.616676000,1,120.962344
22-01-2018,125.067069,3.568811000,1,121.498258
29-01-2018,125.320814,3.626101000,1,121.694713
05-02-2018,125.364497,3.63728,1,121.727217
12-02-2018,125.019098,3.434686,1,121.584412
19-02-2018,124.181954,3.665033000,1,120.516921
26-02-2018,123.088251,3.537412000,1,119.550839
05-03-2018,122.91854,3.633206000,1,119.285334
12-03-2018,122.955775,3.844465,1,119.11131
19-03-2018,122.835798,3.669851000,1,119.165947
26-03-2018,122.897732,3.672254000,1,119.225478
02-04-2018,123.053109,3.625126000,1,119.427983
09-04-2018,123.581527,3.619601000,1,119.961926
16-04-2018,124.289665112,3.726219602,1,120.56344551
23-04-2018,125.387530168,3.943501750,1,121.444028418
30-04-2018,126.012658,3.793881,1,122.218777
07-05-2018,126.991487,3.724677000,1,123.26681
14-05-2018,128.28307,3.962439,1,124.320631
21-05-2018,130.03868,4.112580000,1,125.9261
28-05-2018,131.65999488,4.08456255,1,127.57543233
04-06-2018,132.34200096,3.912257697,1,128.429743263
11-06-2018,132.620206,4.012864000,1,128.607342
18-06-2018,131.983036,4.058385,1,127.924651
25-06-2018,131.266035,4.088994000,1,127.177041
02-07-2018,130.833138,4.291879000,1,126.541259
09-07-2018,131.530137,4.557508000,1,126.972629
16-07-2018,131.849398,4.377660000,1,127.471738
23-07-2018,131.900865,4.396573000,1,127.504292
30-07-2018,131.939202,4.401577000,1,127.537625
06-08-2018,132.388324,4.364444000,1,128.02388
13-08-2018,132.562244,4.168999000,1,128.393245
20-08-2018,132.972481,4.183348000,1,128.789133
27-08-2018,133.200419,4.019882000,1,129.180537
03-09-2018,133.667309,3.908428000,1,129.758881
10-09-2018,134.307547,4.066156000,1,130.241391
17-09-2018,134.56762,3.976439,1,130.591181
24-09-2018,134.768793,4.179487000,1,130.589306
01-10-2018,134.85787044,4.880964250,1,129.97690619
08-10-2018,135.532345496,5.385795081,1,130.146550415
15-10-2018,136.627661112,5.816618468,1,130.811042644
22-10-2018,136.926725,5.946206000,1,130.980519
29-10-2018,136.993692,6.351150000,1,130.642542
05-11-2018,137.029427,6.923365000,1,130.106062
12-11-2018,137.08407,8.148074000,1,128.935996
19-11-2018,136.384033,8.985157000,1,127.398876
26-11-2018,135.427627,9.657078,1,125.770549
03-12-2018,134.3822212,10.0812782,1,124.300943
10-12-2018,132.50459,10.136381,1,122.368209
17-12-2018,131.259118,10.234721,1,121.024397
24-12-2018,130.906953,10.293111,1,120.613842
31-12-2018,130.258599,10.079467,1,120.179132
07-01-2019,130.329108,10.054285,1,120.274823
14-01-2019,129.468691,9.942630000,1,119.526061
21-01-2019,128.922544336,9.801657921,1,119.120886415
28-01-2019,129.096850584,9.808095486,1,119.288755098
04-02-2019,129.133077,10.006443,1,119.126634
11-02-2019,129.171871,10.204306,1,118.967565
18-02-2019,129.232439,10.183116,1,119.049323
25-02-2019,129.662673,10.440915,1,119.221758
04-03-2019,130.250911,10.52999,1,119.720921
11-03-2019,130.591866424,10.487431641,1,120.104434783
18-03-2019,130.85225,10.377174,1,120.475076
25-03-2019,131.152132,10.318142,1,120.83399
01-04-2019,131.483966208,9.779963762,1,121.704002446
08-04-2019,132.084246,9.419429000,1,122.664817
15-04-2019,132.963578,8.908071000,1,124.055507
22-04-2019,133.993045,8.563876000,1,125.429169
29-04-2019,134.603912,8.243269000,1,126.360643
06-05-2019,135.407463,7.910214000,1,127.497249
13-05-2019,135.358762,7.387793000,1,127.970969
20-05-2019,135.822566,7.313233,1,128.509333
27-05-2019,136.446383,7.303814000,1,129.142569
03-06-2019,136.393553,6.986347000,1,129.407206
10-06-2019,135.4017,6.516032,1,128.885668
17-06-2019,133.758456,6.097683,1,127.660773
24-06-2019,131.813941,5.150825000,1,126.663116
01-07-2019,131.554757,5.067546000,1,126.487211
08-07-2019,131.680707,4.818093000,1,126.862614
15-07-2019,131.859849,4.731935000,1,127.127914
22-07-2019,132.214248,4.404977,1,127.809271
29-07-2019,132.596144,4.562367000,1,128.033777
05-08-2019,132.605733,4.235374000,1,128.370359
12-08-2019,132.588686,4.227444000,1,128.361242
19-08-2019,132.595987,4.430004000,1,128.165983
26-08-2019,132.510855,4.289819000,1,128.221036
02-09-2019,132.29072,4.426405000,1,127.864315
09-09-2019,131.886735888,4.097319585,1,127.789416303
16-09-2019,131.34646808,4.428232574,1,126.918235506
23-09-2019,131.523174664,4.74426235,1,126.778912314
30-09-2019,131.83385,4.909886000,1,126.923964
07-10-2019,131.820803,4.951308,1,126.869495
14-10-2019,131.892908,4.986417000,1,126.906491
21-10-2019,131.279253,4.876833000,1,126.40242
28-10-2019,130.603532,4.838018000,1,125.765514
04-11-2019,130.376095,4.817394000,1,125.558701
11-11-2019,130.42491,4.830911000,1,125.593999
18-11-2019,130.345595,4.763249,1,125.582346
25-11-2019,130.078313,4.758515,1,125.319798
02-12-2019,129.793833,4.98505,1,124.808783
09-12-2019,129.790185,5.042009000,1,124.748176
16-12-2019,129.561762,5.231792000,1,124.32997
23-12-2019,129.811132,5.653592000,1,124.15754
30-12-2019,130.542046,5.579895000,1,124.962151
06-01-2020,131.555157,5.469288000,1,126.085869
13-01-2020,132.688235,5.520843000,1,127.167392
20-01-2020,132.739754,5.562527,1,127.177227
27-01-2020,132.880881,5.546292000,1,127.334589
03-02-2020,131.475672,5.627585000,1,125.848087
10-02-2020,129.704447,4.975087,1,124.72936
17-02-2020,128.202849,4.406774000,1,123.796075
24-02-2020,127.674426472,4.227977319,1,123.446449153
02-03-2020,126.622464,4.191192000,1,122.431272
09-03-2020,126.252648,4.008667,1,122.243981
16-03-2020,124.363474,4.035305000,1,120.328169
23-03-2020,123.409485,3.764981000,1,119.644504
30-03-2020,118.597998,6.145289000,1,112.452709
06-04-2020,116.833354,6.598557,1,110.234797
13-04-2020,116.150812,6.884993000,1,109.265819
20-04-2020,115.732573,7.099826000,1,108.632747
,,,1,
