Continent,Country,1980,1981,1982,1983,1984,1985,1986,1987,1988,1989,1990,1991,1992,1993,1994,1995,1996,1997,1998,1999,2000,2001,2002,2003,2004,2005,2006,2007,2008,2009,2010,2011,2012,2013,2014,2015,2016,2017,2018,2019,2020,2021,Consumption_NaturalGas
Africa,        Algeria,0.5428,0.40828,0.65254,0.77408,0.8024,0.68912,0.71036,0.77408,0.84016,0.7788,0.80358,0.9145,0.8614,0.77300974,0.8146838,0.8755246,0.858884108,0.802368101,0.829830104,0.848138107,0.818288103,0.813512102,0.812318102,0.816696103,0.767344096,0.95380712,1.018880128,0.99225735,1.037937868,1.078480265,1.080880555,1.233148946,1.344312373,1.235699254,1.466614646,1.485966983,1.491480102,1.547998949,1.680477876,1.734907225,1.676235642,1.767236857,42.20901921
Africa,        Angola,0.0096324,0.0092136,0.01047,0.012564,0.012564,0.013611,0.014658,0.016752,0.018846,0.015705,0.019892073,0.02094,0.021075639,0.020705891,0.01922292,0.020705891,0.020705891,0.021075639,0.021445387,0.020705891,0.021075639,0.019596647,0.022924379,0.024033623,0.027731104,0.024033623,0.025142867,0.030689088,0.025142867,0.025512615,0.027139507,0.027805053,0.028100852,0.01508572,0.00854118,0.028581524,0.029690759,0.030060504,0.042686734,0.047838582,0.048942549,0.033854996,0.954701634
Africa,        Benin,0,0,0,0,0,0,0,0,0,0,0,0,0,0,0,0,0,0,0,0,0,0,0,0,0,0,0,0,0,0,0,0,0,0,0,0,0,0.001468293,0.000700207,0.002047254,0.00602556,0.006322011,0.016563325
Africa,        Botswana,0,0,0,0,0,0,0,0,0,0,0,0,0,0,0,0,0,0,0,0,0,0,0,0,0,0,0,0,0,0,0,0,0,0,0,0,0,0,0,0,0,0,0
Africa,        Burkina Faso,0,0,0,0,0,0,0,0,0,0,0,0,0,0,0,0,0,0,0,0,0,0,0,0,0,0,0,0,0,0,0,0,0,0,0,0,0,0,0,0,0,0,0
Africa,        Burundi,0,0,0,0,0,0,0,0,0,0,0,0,0,0,0,0,0,0,0,0,0,0,0,0,0,0,0,0,0,0,0,0,0,0,0,0,0,0,0,0,0,0,0
Africa,        Cabo Verde,0,0,0,0,0,0,0,0,0,0,0,0,0,0,0,0,0,0,0,0,0,0,0,0,0,0,0,0,0,0,0,0,0,0,0,0,0,0,0,0,0,0,0
Africa,        Cameroon,0,0,0,0,0,0,0,0,0,0,0,0,0,0,0,0,0,0,0,0,0,0,0,0,0,0,0.000739496,0.000739496,0.000739496,0.000739496,0.007764709,0.005546221,0.010057147,0.01146219,0.017341184,0.025142867,0.026621847,0.022655719,0.029206881,0.027617132,0.033938301,0.026430514,0.246742696
Africa,        Central African Republic,0,0,0,0,0,0,0,0,0,0,0,0,0,0,0,0,0,0,0,0,0,0,0,0,0,0,0,0,0,0,0,0,0,0,0,0,0,0,0,0,0,0,0
Africa,        Chad,0,0,0,0,0,0,0,0,0,0,0,0,0,0,0,0,0,0,0,0,0,0,0,0,0,0,0,0,0,0,0,0,0,0,0,0,0,0,0,0,0,0,0
Africa,        Comoros,0,0,0,0,0,0,0,0,0,0,0,0,0,0,0,0,0,0,0,0,0,0,0,0,0,0,0,0,0,0,0,0,0,0,0,0,0,0,0,0,0,0,0
Africa,        Congo-Brazzaville,0.0004188,0.0006282,0.0006282,0.0007329,0.0007329,0.002094,0.0004188,0.002094,0,0,0,0,0,0,0,0,0,0,0,0,0,0,0,0,0,0.004436977,0.006655465,0.010722693,0.013680678,0.019596647,0.034386569,0.042521026,0.043223547,0.061008428,0.055462208,0.055462208,0.051764758,0.031802464,0.032056884,0.021455753,0.0149677,0.015344414,0.522296219
Africa,        Congo-Kinshasa,0,0,0,0,0,0,0,0,0,0,0,0,0,0,0,0,0,0,0,0,0,0,0,0,0,0,0,0,0,0,0,0,0,0,0,0,0,1.41E-05,1.40E-05,1.40E-05,0,0,4.20724E-05
Africa,        Côte d’Ivoire,0,0,0,0,0,0,0,0,0,0,0,0,0,0,0,0.00147627,0.01331093,0.022184883,0.029579844,0.049546239,0.049915987,0.049915987,0.047369422,0.047369422,0.04595541,0.04595541,0.04595541,0.053025473,0.056560504,0.056560504,0.058504771,0.057691714,0.062923561,0.072256044,0.07289235,0.0729277,0.081659153,0.081659153,0.070505498,0.075208296,0.07994237,0.088213587,1.489065892
Africa,        Djibouti,0,0,0,0,0,0,0,0,0,0,0,0,0,0,0,0,0,0,0,0,0,0,0,0,0,0,0,0,0,0,0,0,0,0,0,0,0,0,0,0,0,0,0
Africa,        Egypt,0.03141,0.05235,0.098418,0.118311,0.149721,0.183225,0.2094,0.232434,0.255468,0.285831,0.299435989,0.336087,0.365403,0.417445548,0.44332074,0.45959112,0.495462387,0.499159868,0.508033821,0.542420389,0.676638932,0.907731463,0.924370125,1.095193724,1.163227365,1.264908079,1.397647629,1.472743458,1.55479055,1.640572098,1.707126747,1.876101606,1.965099961,1.920471372,1.777748624,1.772498202,1.873031843,2.1339978,2.238810696,2.153534156,2.082837159,2.215881479,41.79789093
Africa,        Equatorial Guinea,0,0,0,0,0,0,0,0,0,0,0,0,0,0,0,0,0,0,0.000739496,0.000739496,0.001109244,0.001109244,0.046958002,0.048067247,0.003697481,0.048067247,0.048067247,0.055125737,0.055462208,0.057310948,0.058420192,0.059899184,0.058420192,0.053983215,0.050655483,0.044000018,0.043630273,0.055580321,0.053469676,0.052414354,0.046679138,0.054551811,0.998157454
Africa,        Eritrea,--,--,--,--,--,--,--,--,--,--,--,--,--,--,0,0,0,0,0,0,0,0,0,0,0,0,0,0,0,0,0,0,0,0,0,0,0,0,0,0,0,0,0
Africa,        Eswatini,0,0,0,0,0,0,0,0,0,0,0,0,0,0,0,0,0,0,0,0,0,0,0,0,0,0,0,0,0,0,0,0,0,0,0,0,0,0,0,0,0,0,0
Africa,        Ethiopia,0,0,0,0,0,0,0,0,0,0,0,0,0,0,0,0,0,0,0,0,0,0,0,0,0,0,0,0,0,0,0,0,0,0,0,0,0,0,0,0,0,0,0
Africa,        Gabon,0.0026175,0.0021987,0.002094,0.0055491,0.0055491,0.002094,0.001047,0.0042927,0.0036645,0.0033504,0.003141,0.003715376,0.003697481,0.003697481,0.00369591,0.00369591,0.003697481,0.003697481,0.003697481,0.003697481,0.002957984,0.002957984,0.003327732,0.003327732,0.003697481,0.003697481,0.003697481,0.002957984,0.002957984,0.002957984,0.002957984,0.002588236,0.0142353,0.011757988,0.015529418,0.013976476,0.014013451,0.018005589,0.019592849,0.017156164,0.018561194,0.016786419,0.266588977
Africa,"        Gambia, The",0,0,0,0,0,0,0,0,0,0,0,0,0,0,0,0,0,0,0,0,0,0,0,0,0,0,0,0,0,0,0,0,0,0,0,0,0,0,0,0,0,0,0
Africa,        Ghana,0,0,0,0,0,0,0,0,0,0,0,0,0,0,0,0,0,0,0,0,0,0,0,0,0,0,0,0,0,0,0.004436977,0.030689088,0.014789922,0.022184883,0.024033623,0.047104121,0.027526717,0.045546413,0.065213746,0.079238207,0.119808971,0.126731044,0.607303712
Africa,        Guinea,0,0,0,0,0,0,0,0,0,0,0,0,0,0,0,0,0,0,0,0,0,0,0,0,0,0,0,0,0,0,0,0,0,0,0,0,0,0,0,0,0,0,0
Africa,        Guinea-Bissau,0,0,0,0,0,0,0,0,0,0,0,0,0,0,0,0,0,0,0,0,0,0,0,0,0,0,0,0,0,0,0,0,0,0,0,0,0,0,0,0,0,0,0
Africa,        Kenya,0,0,0,0,0,0,0,0,0,0,0,0,0,0,0,0,0,0,0,0,0,0,0,0,0,0,0,0,0,0,0,0,0,0,0,0,0,0,0,0,0,0,0
Africa,        Lesotho,0,0,0,0,0,0,0,0,0,0,0,0,0,0,0,0,0,0,0,0,0,0,0,0,0,0,0,0,0,0,0,0,0,0,0,0,0,0,0,0,0,0,0
Africa,        Liberia,0,0,0,0,0,0,0,0,0,0,0,0,0,0,0,0,0,0,0,0,0,0,0,0,0,0,0,0,0,0,0,0,0,0,0,0,0,0,0,0,0,0,0
Africa,        Libya,0.18846,0.11517,0.092136,0.117264,0.127734,0.149721,0.175896,0.168567,0.164379,0.172755,0.183221184,0.18338205,0.182178,0.176000072,0.18153933,0.17933016,0.193008482,0.201512687,0.201512687,0.156773173,0.192268986,0.199294199,0.206319412,0.175630324,0.219260594,0.215563113,0.173596709,0.196705963,0.203361428,0.222218578,0.253055565,0.200958065,0.211865633,0.262521116,0.219630342,0.166016874,0.188051538,0.247917699,0.246993187,0.283583071,0.243738022,0.25482109,8.093911333
Africa,        Madagascar,0,0,0,0,0,0,0,0,0,0,0,0,0,0,0,0,0,0,0,0,0,0,0,0,0,0,0,0,0,0,0,0,0,0,0,0,0,0,0,0,0,0,0
Africa,        Malawi,0,0,0,0,0,0,0,0,0,0,0,0,0,0,0,0,0,0,0,0,0,0,0,0,0,0,0,0,0,0,0,0,0,0,0,0,0,0,0,0,0,0,0
Africa,        Mali,0,0,0,0,0,0,0,0,0,0,0,0,0,0,0,0,0,0,0,0,0,0,0,0,0,0,0,0,0,0,0,0,0,0,0,0,0,0,0,0,0,0,0
Africa,        Mauritania,0,0,0,0,0,0,0,0,0,0,0,0,0,0,0,0,0,0,0,0,0,0,0,0,0,0,0,0,0,0,0,0,0,0,0,0,0,0,0,0,0,0,0
Africa,        Mauritius,0,0,0,0,0,0,0,0,0,0,0,0,0,0,0,0,0,0,0,0,0,0,0,0,0,0,0,0,0,0,0,0,0,0,0,0,0,0,0,0,0,0,0
Africa,        Morocco,0.0026175,0.0033504,0.003141,0.0033504,0.002094,0.003141,0.003141,0.0021987,0.0021987,0.0021987,0.002094,0.00143876,0.000887141,0.001108773,0.00110982,0.00074337,0.00074337,0.00184874,0.00184874,0.001478992,0.00184874,0.00184874,0.00184874,0.00184874,0.001478992,0.016710662,0.021119827,0.023964155,0.021061866,0.021061866,0.021437971,0.03008838,0.047050704,0.045621506,0.044380361,0.045771948,0.046524151,0.04614805,0.041728019,0.039552984,0.030897685,0.031105169,0.623832362
Africa,        Mozambique,0,0,0,0,0,0,0,0,0,0,0,0,0,0,0,0,0,0,0.002218488,0.002218488,0.002218488,0.002218488,0.002218488,0.002957984,0.002588236,0.004806725,0.005546221,0.007394961,0.007043224,0.005869353,0.003130322,0.02034709,0.050476436,0.061041271,0.070432236,0.074149493,0.069493179,0.071684386,0.046958922,0.054686666,0.05175711,0.052967071,0.674423326
Africa,        Namibia,--,--,--,--,--,--,--,--,--,--,0,0,0,0,0,0,0,0,0,0,0,0,0,0,0,0,0,0,0,0,0,0,0,0,0,0,0,0,0,0,0,0,0
Africa,        Niger,0,0,0,0,0,0,0,0,0,0,0,0,0,0,0,0,0,0,0,0,0,0,0,0,0,0,0,0,0,0,0,0,0,0,0,0,0,0,0.001299711,0.001389009,0.001389009,0,0.004077729
Africa,        Nigeria,0.039786,0.079572,0.05235,0.084807,0.101559,0.113076,0.121452,0.137157,0.139251,0.173802,0.137156107,0.175896,0.181176545,0.186722818,0.16823196,0.19189416,0.201882435,0.216302609,0.21815135,0.229613539,0.248840438,0.229613539,0.23515976,0.314655591,0.344605183,0.38305898,0.403764871,0.391932933,0.453865731,0.153815189,0.185983269,0.567674181,0.573109478,0.612302771,0.698860789,0.69586583,0.683664247,0.637926802,0.685209322,0.694662428,0.699845002,0.813940645,13.6581965
Africa,        Reunion,0,0,0,0,0,0,0,0,0,0,0,0,0,0,0,0,0,0,0,0,0,0,0,0,0,0,0,0,0,0,0,0,ie,ie,ie,ie,ie,ie,ie,ie,ie,ie,0
Africa,        Rwanda,0,0,0,0,0,0,0,0,0,0,0,0,0,0,0,0,0,0,0,0,0,0,0,0,0,0,0,0,0,0,0,0,0,0,0,0,0,0.001100205,0.001811963,0.002127195,0.002072804,0.002083514,0.009195681
Africa,        Saint Helena,0,0,0,0,0,0,0,0,0,0,0,0,0,0,0,0,0,0,0,0,0,0,0,0,0,0,0,0,0,0,0,0,0,0,0,0,0,0,0,0,0,0,0
Africa,        Sao Tome and Principe,0,0,0,0,0,0,0,0,0,0,0,0,0,0,0,0,0,0,0,0,0,0,0,0,0,0,0,0,0,0,0,0,0,0,0,0,0,0,0,0,0,0,0
Africa,        Senegal,0,0,0,0,0,0,0,0,0,0,0,0,0,0.000634964,0.00126759,0.00159123,0.001904891,0.001269927,0.001269927,0.001269927,0.001587409,0.001587409,0.001587409,0.001587409,0.001587409,0.001587409,0.001587409,0.001587409,0.001587409,0.001587409,0.001587409,0.001269927,0.001015942,0.001904891,0.001904891,0.001968387,0.001904892,0.001904892,0.001904892,0.001904892,0.002027994,0.002014565,0.04639612
Africa,        Seychelles,0,0,0,0,0,0,0,0,0,0,0,0,0,0,0,0,0,0,0,0,0,0,0,0,0,0,0,0,0,0,0,0,0,0,0,0,0,0,0,0,0,0,0
Africa,        Sierra Leone,0,0,0,0,0,0,0,0,0,0,0,0,0,0,0,0,0,0,0,0,0,0,0,0,0,0,0,0,0,0,0,0,0,0,0,0,0,0,0,0,0,0,0
Africa,        Somalia,0,0,0,0,0,0,0,0,0,0,0,0,0,0,0,0,0,0,0,0,0,0,0,0,0,0,0,0,0,0,0,0,0,0,0,0,0,0,0,0,0,0,0
Africa,        South Africa,0,0,0,0,0,0,0,0,0,0,0,0,0.046588254,0.066371424,0.072470199,0.07247334,0.068065309,0.064705909,0.053613467,0.051764727,0.061008428,0.077647091,0.085042052,0.084302555,0.115361392,0.145680732,0.155294181,0.146789976,0.152336197,0.13273955,0.148268968,0.169344607,0.173781584,0.181176545,0.175630324,0.181176545,0.184319376,0.187573131,0.19398225,0.195846667,0.191970675,0.204840909,3.840166364
Africa,        South Sudan,--,--,--,--,--,--,--,--,--,--,--,--,--,--,--,--,--,--,--,--,--,--,--,--,--,--,--,--,--,--,--,--,0,0,0,0,0,0,0,0,0,0,0
Africa,        Sudan,0,0,0,0,0,0,0,0,0,0,0,0,0,0,0,0,0,0,0,0,0,0,0,0,0,0,0,0,0,0,0,0,0,0,0,0,0,0,0,0,0,0,0
Africa,        Tanzania,0,0,0,0,0,0,0,0,0,0,0,0,0,0,0,0,0,0,0,0,0,0,0,0,0.0043974,0.0150768,0.0186366,0.019596647,0.0207306,0.024329422,0.028840348,0.018487403,0.021445387,0.024033623,0.020336143,0.040672286,0.05556429,0.035005398,0.047043281,0.050979477,0.046605485,0.047140394,0.538920984
Africa,        Togo,0,0,0,0,0,0,0,0,0,0,0,0,0,0,0,0,0,0,0,0,0,0,0,0,0,0,0,0,0,0,0,0,0,0,0,0,0,0.001425562,0.00164488,0.003611571,0.003633356,0.003582182,0.013897551
Africa,        Tunisia,0.016068,0.017304,0.022248,0.02472,0.04326,0.051912,0.048204,0.05562,0.048204,0.06798,0.066744,0.019620882,0.03686815,0.06054471,0.07870698,0.06579108,0.076289935,0.103738166,0.118673232,0.121095135,0.124324339,0.154598122,0.155001773,0.148947016,0.149350667,0.173569694,0.153387171,0.114233077,0.166827001,0.116817076,0.125215689,0.126360955,0.143158181,0.156901367,0.173736769,0.173507716,0.183280564,0.195267574,0.198865218,0.201562785,0.192714046,0.202320429,4.673539499
Africa,        Uganda,0,0,0,0,0,0,0,0,0,0,0,0,0,0,0,0,0,0,0,0,0,0,0,0,0,0,0,0,0,0,0,0,0,0,0,0,0,0,0,0,0,0,0
Africa,        Western Sahara,0,0,0,0,0,0,0,0,0,0,0,0,0,0,0,0,0,0,0,0,0,0,0,0,0,0,0,0,0,0,0,0,0,0,0,0,0,0,0,0,0,0,0
Africa,        Zambia,0,0,0,0,0,0,0,0,0,0,0,0,0,0,0,0,0,0,0,0,0,0,0,0,0,0,0,0,0,0,0,0,0,0,0,0,0,0,0,0,0,0,0
Africa,        Zimbabwe,0,0,0,0,0,0,0,0,0,0,0,0,0,0,0,0,0,0,0,0,0,0,0,0,0,0,0,0,0,0,0,0,0,0,0,0,0,0,0,0,0,0,0
Asia & Oceania,        Afghanistan,0.002094,0.003141,0.005235,0.005235,0.005235,0,0,0.023034,0.07329,0.071196,0.070150672,0.011517,0.011092442,0.011092442,0.01108773,0.00739182,0.008504205,0.008504205,0.008504205,0.008504205,0.008504205,0.00184874,0.00184874,0.000739496,0.000739496,0.000739496,0.000739496,0.001478992,0.00184874,0.001109244,0.00524668,0.005967683,0.005927011,0.005712559,0.00524668,0.005405671,0.006111883,0.006111883,0.005998338,0.005039074,0.003140122,0.003140122,0.427453277
Asia & Oceania,        American Samoa,0,0,0,0,0,0,0,0,0,0,0,0,0,0,0,0,0,0,0,0,0,0,0,0,0,0,0,0,0,0,0,0,0,0,0,0,0,0,0,0,0,0,0
Asia & Oceania,        Australia,0.339066,0.387504,0.428571,0.434889,0.46376,0.495873,0.541284,0.554876,0.578865,0.59451,0.6525,0.61028,0.632084291,0.65788704,0.687761038,0.73807785,0.740765674,0.745990846,0.781710238,0.809196256,0.849552543,0.895768683,0.984738575,1.013499358,1.052308742,1.061805475,1.060904201,1.178619055,1.200787093,1.261556191,1.277594162,1.298435166,1.345777964,1.387400626,1.417984243,1.437351379,1.561518923,1.632483937,1.619996534,1.654034793,1.62290333,1.540937369,40.23140958
Asia & Oceania,        Bangladesh,0.04705,0.05646,0.061165,0.064929,0.089395,0.0941,0.106333,0.123271,0.14115,0.154324,0.152442,0.162793,0.194071464,0.21339653,0.23225676,0.25480433,0.263794928,0.263794928,0.283501757,0.312889134,0.335361835,0.356105866,0.383764574,0.432080791,0.470028524,0.50232056,0.549682213,0.596983477,0.658056179,0.720553134,0.741459261,0.74072259,0.811442996,0.839804826,0.880321726,0.989399256,1.083876497,1.087707153,1.051660195,1.169220507,1.1254972,1.170206456,19.96817765
Asia & Oceania,        Bhutan,0,0,0,0,0,0,0,0,0,0,0,0,0,0,0,0,0,0,0,0,0,0,0,0,0,0,0,0,0,0,0,0,0,0,0,0,0,0,0,0,0,0,0
Asia & Oceania,        Brunei,0.07284,0.075268,0.08498,0.063128,0.053416,0.064342,0.040062,0.069198,0.058272,0.069198,0.055844,0.03462,0.04039,0.03301017,0.02852688,0.03953604,0.031787738,0.035863089,0.030972668,0.038453797,0.040672286,0.049915987,0.061747924,0.063966413,0.07394961,0.086890792,0.147529472,0.155543999,0.157074057,0.093122477,0.109500514,0.111343957,0.108763137,0.099177233,0.117611663,0.128303633,0.140580859,0.145041953,0.15036534,0.142659711,0.153631058,0.126283632,3.483384089
Asia & Oceania,        Burma,0.011517,0.012564,0.016752,0.019893,0.024081,0.029316,0.039786,0.04188,0.038739,0.039786,0.039786,0.03691681,0.0363519,0.040943684,0.053227,0.06104768,0.059555216,0.056205235,0.065510738,0.051461724,0.058723195,0.061880356,0.081888422,0.093427245,0.099382767,0.154099121,0.134743676,0.153354681,0.143304739,0.120971533,0.120599312,0.124321513,0.130277035,0.135115896,0.128043714,0.133627016,0.163999918,0.167610422,0.153988207,0.136317128,0.149728851,0.149001293,3.569726027
Asia & Oceania,        Cambodia,0,0,0,0,0,0,0,0,0,0,0,0,0,0,0,0,0,0,0,0,0,0,0,0,0,0,0,0,0,0,0,0,0,0,0,0,0,0,0,0,0,0,0
Asia & Oceania,        China,0.581255,0.51795,0.438531,0.496081,0.504138,0.526007,0.557084,0.568594,0.578953,0.581255,0.569020446,0.588506876,0.594807565,0.622634601,0.655997257,0.675726008,0.750672097,0.810297448,0.84212089,0.909112209,0.94297548,1.018075476,1.109044267,1.194883378,1.411068035,1.728960599,2.08316687,2.602113379,2.848227322,3.265908775,3.938044514,4.831605304,5.302244247,6.019329272,6.685117493,7.041368443,7.642407508,8.805077643,10.3008048,11.26908045,11.97026518,13.39025883,127.7687707
Asia & Oceania,        Cook Islands,0,0,0,0,0,0,0,0,0,0,0,0,0,0,0,0,0,0,0,0,0,0,0,0,0,0,0,0,0,0,0,0,0,0,0,0,0,0,0,0,0,0,0
Asia & Oceania,        Fiji,0,0,0,0,0,0,0,0,0,0,0,0,0,0,0,0,0,0,0,0,0,0,0,0,0,0,0,0,0,0,0,0,0,0,0,0,0,0,0,0,0,0,0
Asia & Oceania,        French Polynesia,0,0,0,0,0,0,0,0,0,0,0,0,0,0,0,0,0,0,0,0,0,0,0,0,0,0,0,0,0,0,0,0,0,0,0,0,0,0,0,0,0,0,0
Asia & Oceania,        Guam,0,0,0,0,0,0,0,0,0,0,0,0,0,0,0,0,0,0,0,0,0,0,0,0,0,0,0,0,0,0,0,0,0,0,0,0,0,0,0,0,0,0,0
Asia & Oceania,        Hawaiian Trade Zone,0,0,0,0,0,0,0,--,--,--,--,--,--,--,--,--,--,--,--,--,--,--,--,--,--,--,--,--,--,--,--,--,--,--,--,--,--,--,--,--,--,--,0
Asia & Oceania,        Hong Kong,0,0,0,0,0,0,0,0,0,0,0.014270077,0.015390376,0.017256595,0.018195864,0.019645051,0.020825062,0.068921037,0.108850128,0.101440378,0.111981894,0.099758024,0.100678697,0.095690795,0.071065575,0.093324408,0.113512651,0.11087265,0.099462225,0.124235345,0.1185782,0.148638716,0.118134502,0.106857186,0.10142189,0.096615165,0.119909293,0.125035388,0.124618401,0.12059238,0.122218338,0.181656226,0.193179392,3.082831909
Asia & Oceania,        India,0.058701,0.073664,0.099947,0.119038,0.126899,0.151605,0.20718,0.261277,0.35681,0.362565,0.459249,0.516799,0.548742128,0.612152329,0.68327964,0.72231005,0.720089801,0.741268913,0.786548393,0.777784623,0.743094699,0.7328703,0.952329717,1.001699381,1.130122378,1.318720723,1.423293735,1.548266104,1.615356128,2.00313178,2.427776997,2.409707018,2.244442,1.976403975,1.93281015,1.868849953,2.036108777,2.131573747,2.289665709,2.346637484,2.320724619,2.468292358,47.30778761
Asia & Oceania,        Indonesia,0.2728,0.2728,0.2596,0.3476,0.4059,0.4796,0.5181,0.5357,0.5687,0.6369,0.692637,0.84141519,0.87637704,0.92615229,1.0520135,1.1567298,1.239100937,1.226783065,1.071269931,1.225628264,1.043939652,0.791038343,0.86879491,0.87764838,0.735992852,0.783724606,1.081663135,1.227937865,1.308004033,1.465441835,1.591700023,1.438881423,1.502010517,1.623649503,1.605942562,1.636352309,1.613943201,1.629122869,1.6620489,1.640137869,1.357436201,1.407542041,43.49876005
Asia & Oceania,        Japan,0.967113,0.990675,1.002844,1.06998,1.436484,1.536996,1.564218,1.615521,1.694046,1.810626,2.192508891,2.343805131,2.371177929,2.431629299,2.544066608,2.63435209,2.749959274,2.853334472,2.914531694,3.081925924,3.085481156,3.068736831,3.204065253,3.312337229,3.307009255,3.292966386,3.624456426,3.966242129,3.872707597,3.857659734,4.080289133,4.735889488,4.916221701,4.877733159,4.897832289,4.654642496,4.830426471,4.811217466,4.700647137,4.393224091,4.231231853,4.210755357,129.7375669
Asia & Oceania,        Kiribati,0,0,0,0,0,0,0,0,0,0,0,0,0,0,0,0,0,0,0,0,0,0,0,0,0,0,0,0,0,0,0,0,0,0,0,0,0,0,0,0,0,0,0
Asia & Oceania,        Laos,0,0,0,0,0,0,0,0,0,0,0,0,0,0,0,0,0,0,0,0,0,0,0,0,0,0,0,0,0,0,0,0,0,0,0,0,0,0,0,0,0,0,0
Asia & Oceania,        Macau,0,0,0,0,0,0,0,0,0,0,0,0,0,0,0,0,0,0,0,0,0,0,0,0,0,0,0,0,0,0,0.005708585,0.002716493,0,1.31E-05,0.002136918,7.13E-05,0.000370884,0.00657815,0.003490921,0.005045496,0.002727195,0.003169451,0.032028455
Asia & Oceania,        Malaysia,0.058408,0.064666,0.055279,0.080311,0.158536,0.234675,0.290997,0.276395,0.301427,0.309771,0.205899517,0.243101397,0.264833189,0.343233195,0.43285313,0.510573322,0.525076133,0.594243386,0.610233665,0.596474588,0.720678149,0.757864844,0.88764641,0.890993212,0.792820337,1.031187052,1.202989583,1.11931952,1.191089841,1.157993682,1.213029991,1.158365549,1.173983961,1.220095463,1.308265117,1.179190098,1.10091277,1.13244682,1.420277923,1.440597668,1.318862213,1.350221461,30.92581819
Asia & Oceania,        Maldives,0,0,0,0,0,0,0,0,0,0,0,0,0,0,0,0,0,0,0,0,0,0,0,0,0,0,0,0,0,0,0,0,0,0,0,0,0,0,0,0,0,0,0
Asia & Oceania,        Micronesia,0,0,0,0,0,0,0,0,0,0,0,0,0,0,0,0,0,0,0,0,0,0,0,0,0,0,0,0,0,0,0,0,0,0,0,0,0,0,0,0,0,0,0
Asia & Oceania,        Mongolia,0,0,0,0,0,0,0,0,0,0,0,0,0,0,0,0,0,0,0,0,0,0,0,0,0,0,0,0,0,0,0,0,0,0,0,0,0,0,0,0,0,0,0
Asia & Oceania,        Nauru,0,0,0,0,0,0,0,0,0,0,0,0,0,0,0,0,0,0,0,0,0,0,0,0,0,0,0,0,0,0,0,0,0,0,0,0,0,0,0,0,0,0,0
Asia & Oceania,        Nepal,0,0,0,0,0,0,0,0,0,0,0,0,0,0,0,0,0,0,0,0,0,0,0,0,0,0,0,0,0,0,0,0,0,0,0,0,0,0,0,0,0,0,0
Asia & Oceania,        New Caledonia,0,0,0,0,0,0,0,0,0,0,0,0,0,0,0,0,0,0,0,0,0,0,0,0,0,0,0,0,0,0,0,0,0,0,0,0,0,0,0,0,0,0,0
Asia & Oceania,        New Zealand,0.035568,0.044086,0.07648,0.080976,0.10395,0.135072,0.159198,0.153567,0.168795,0.1722,0.172887,0.184548,0.19832459,0.179365581,0.180191927,0.171992384,0.194333783,0.20892633,0.183910102,0.210522321,0.211924397,0.237650032,0.223893569,0.170602103,0.148041045,0.142212657,0.142225159,0.158192836,0.147290036,0.149903382,0.165577012,0.152307554,0.162373846,0.176584696,0.198104956,0.182109165,0.182217134,0.186247975,0.165787834,0.178013526,0.170126382,0.148380179,6.814659493
Asia & Oceania,        Niue,0,0,0,0,0,0,0,0,0,0,0,0,0,0,0,0,0,0,0,0,0,0,0,0,0,0,0,0,0,0,0,0,0,0,0,0,0,0,0,0,0,0,0
Asia & Oceania,        North Korea,0,0,0,0,0,0,0,0,0,0,0,0,0,0,0,0,0,0,0,0,0,0,0,0,0,0,0,0,0,0,0,0,0,0,0,0,0,0,0,0,0,0,0
Asia & Oceania,        Northern Mariana Islands,0,0,0,0,0,0,0,0,0,0,0,0,0,0,0,0,0,0,0,0,0,0,0,0,0,0,0,0,0,0,0,0,0,0,0,0,0,0,0,0,0,0,0
Asia & Oceania,        Pakistan,0.27885,0.3081,0.34515,0.33345,0.330636,0.34091,0.366128,0.391346,0.41563,0.44365,0.450188,0.498756,0.51436781,0.544522,0.58579546,0.60327994,0.650448621,0.652427674,0.662982621,0.732249462,0.799207408,0.723343725,0.704389459,0.77424606,0.839903708,0.944125336,1.10720153,1.128045856,1.16348799,1.185226845,1.213395501,1.198698811,1.341072999,1.206353337,1.196249362,1.24523833,1.332119527,1.379313517,1.358938754,1.250279668,1.237913644,1.28346636,34.06108532
Asia & Oceania,        Papua New Guinea,0,0,0,0,0,0,0,0,0,0,0,0,0.00221964,0.002957984,0.00185319,0.00369591,0.004806725,0.004067229,0.004067229,0.004067229,0.004067229,0.004067229,0.004067229,0.005176473,0.005176473,0.003697481,0.005176473,0.005028573,0.004806725,0.003697481,0.004067229,0.003697481,0.003697481,0.004067229,0.003697481,0.003697481,0.003697481,0.003697481,0.008767595,0.009919067,0.006174009,0.006263123,0.13413964
Asia & Oceania,        Philippines,0,0,0,0,0,0,0,0,0,0,0,0,0,0,0,0.00034195,0.000345028,0.000345028,0.000345028,0.000345028,0.000345028,0.006900551,0.06891016,0.083417562,0.079790711,0.076163861,0.079790711,0.105588319,0.107252361,0.114913244,0.104535932,0.115135729,0.100515319,0.128257547,0.098687768,0.095032665,0.113527327,0.111555685,0.128165635,0.129266371,0.114330934,0.093083371,2.056888853
Asia & Oceania,        Samoa,0,0,0,0,0,0,0,0,0,0,0,0,0,0,0,0,0,0,0,0,0,0,0,0,0,0,0,0,0,0,0,0,0,0,0,0,0,0,0,0,0,0,0
Asia & Oceania,        Singapore,0,0,0,0,0,0,0,0,0,0,0,0,0.04067595,0.05545959,0.05545959,0.05545959,0.055462208,0.055462208,0.055462208,0.055462208,0.055462208,0.04363027,0.043260522,0.196705963,0.244403461,0.244403461,0.244403461,0.318722819,0.339058962,0.298016928,0.310588362,0.31280685,0.357472415,0.403653946,0.458117834,0.448134637,0.457737548,0.47927508,0.484319879,0.494313702,0.497007228,0.51765227,7.678051358
Asia & Oceania,        Solomon Islands,0,0,0,0,0,0,0,0,0,0,0,0,0,0,0,0,0,0,0,0,0,0,0,0,0,0,0,0,0,0,0,0,0,0,0,0,0,0,0,0,0,0,0
Asia & Oceania,        South Korea,0,0,0,0,0,0,0.0027975,0.08385,0.108446,0.103974,0.119733,0.138632,0.181736429,0.227022478,0.302196529,0.365407483,0.482748493,0.58719031,0.549293042,0.668872951,0.748145026,0.80433889,0.921666303,0.96035392,1.132175945,1.20437439,1.287405782,1.390802169,1.414685633,1.359915211,1.712363037,1.845850384,1.999883736,2.078000839,1.873868314,1.752296378,1.814689881,1.87754326,2.181216462,2.114467163,2.171209224,2.36026346,38.92741562
Asia & Oceania,        Sri Lanka,0,0,0,0,0,0,0,0,0,0,0,0,0,0,0,0,0,0,0,0,0,0,0,0,0,0,0,0,0,0,0,0,0,0,0,0,0,0,0,0,0,0,0
Asia & Oceania,        Taiwan,0.045021,0.055491,0.033504,0.049209,0.054444,0.05235,0.04188,0.045021,0.025128,0.05235,0.083761589,0.105,0.114661053,0.11124,0.14055,0.1508,0.172321661,0.205684801,0.241067253,0.243283622,0.268088525,0.266917833,0.3172576,0.324281753,0.389450289,0.406230211,0.414815287,0.444472824,0.455399285,0.472179208,0.591589817,0.632954277,0.594945801,0.608564855,0.715331988,0.769769177,0.802704373,0.876418335,0.874299365,0.85661804,0.933241581,1.013084512,15.05138292
Asia & Oceania,        Thailand,0,0.04,0.047,0.057,0.07,0.128,0.112,0.132,0.193,0.182,0.208,0.236,0.249,0.31041885,0.34184,0.36763,0.418518418,0.525476959,0.555494356,0.614149039,0.688329962,0.818060321,0.903282126,0.995404482,1.031287347,1.123409703,1.148941742,1.221397527,1.287297789,1.351472913,1.552969003,1.593337226,1.751359844,1.799663701,1.818122675,1.83371792,1.79307402,1.815811142,1.858011657,1.941089241,1.718030482,1.838489156,36.6700876
Asia & Oceania,        Timor-Leste,--,--,--,--,--,--,--,--,--,--,--,--,--,--,--,--,--,--,--,--,--,--,--,0,0,0,0,0,0,0,0,0,0,0,0,0,0,0,0,0,0,0,0
Asia & Oceania,        Tonga,0,0,0,0,0,0,0,0,0,0,0,0,0,0,0,0,0,0,0,0,0,0,0,0,0,0,0,0,0,0,0,0,0,0,0,0,0,0,0,0,0,0,0
Asia & Oceania,        Tuvalu,0,0,0,0,0,0,0,0,0,0,0,0,0,0,0,0,0,0,0,0,0,0,0,0,0,0,0,0,0,0,0,0,0,0,0,0,0,0,0,0,0,0,0
Asia & Oceania,        U.S. Pacific Islands,0,0,0,0,0,0,0,0,0,0,0,0,0,0,0,0,0,0,0,0,0,0,0,0,0,0,0,0,0,0,0,0,0,0,0,0,0,0,0,0,0,0,0
Asia & Oceania,        Vanuatu,0,0,0,0,0,0,0,0,0,0,0,0,0,0,0,0,0,0,0,0,0,0,0,0,0,0,0,0,0,0,0,0,0,0,0,0,0,0,0,0,0,0,0
Asia & Oceania,        Vietnam,0,0.0004104,0.0023598,0.0023598,0.0021546,0.0014364,0.0014364,0.0014364,0.0011286,0.0011286,0.00144666,0.00253422,0.007608816,0.009146585,0.00914788,0.02597252,0.030366662,0.008414858,0.025610438,0.03658634,0.042074291,0.047562242,0.082685128,0.098783118,0.10975902,0.14634536,0.208542138,0.215859406,0.255372653,0.259397151,0.300373851,0.282080681,0.304398349,0.313910797,0.328911197,0.332203967,0.329350257,0.340483856,0.34745258,0.35486619,0.313804592,0.256504651,5.441407454
Asia & Oceania,        Wake Island,0,0,0,0,0,0,0,0,0,0,0,0,0,0,0,0,0,0,0,0,0,0,0,0,0,0,0,0,0,0,0,0,0,0,0,0,0,0,0,0,0,0,0
Middle East,        Bahrain,0.1047,0.12564,0.13611,0.14658,0.139251,0.171708,0.18846,0.227199,0.190554,0.194742,0.214636228,0.243951,0.196705963,0.244773209,0.23996193,0.23996193,0.242924469,0.294689196,0.306521133,0.31095811,0.316874079,0.329075765,0.349781655,0.355697624,0.360504349,0.396000162,0.418924541,0.435563203,0.45885733,0.461445566,0.47216826,0.466622039,0.506554829,0.580504439,0.573109478,0.573109478,0.566823814,0.587492554,0.593766429,0.654039156,0.65273731,0.685962006,14.95564123
Middle East,        Iran,0.244992,0.16368,0.2112,0.32736,0.502656,0.6336,0.566016,0.59664,0.746948,0.829472,0.807384864,0.847968,0.932316,0.990866448,1.18590912,1.31269248,1.450683696,1.756483344,1.92989412,2.230099872,2.34533413,2.617197475,2.954695867,3.072913536,3.190012426,3.914981347,4.054082894,4.215560026,4.448639026,5.273179296,5.391769891,5.724457533,5.791174066,5.879930549,6.471242649,6.935424139,7.407321196,7.715467662,8.090628434,8.217422332,8.315724993,8.667751797,138.9617732
Middle East,        Iraq,0.064914,0.024081,0.025128,0.018846,0.02094,0.024081,0.028269,0.036645,0.092136,0.092136,0.080618462,0.040833,0.105747,0.094285491,0.11720118,0.11721165,0.119798368,0.112773155,0.109075675,0.11757988,0.116470636,0.102050462,0.08726054,0.040672286,0.064705909,0.053613467,0.066554649,0.053983215,0.069512633,0.042484051,0.048067247,0.032389929,0.023885724,0.043593295,0.033462199,0.037048755,0.04075523,0.413523097,0.534251366,0.666064164,0.690837073,0.680936856,5.384422644
Middle East,        Israel,0.005195,0.005195,0.003117,0.002078,0.002078,0.002078,0.0014546,0.0021819,0.0014546,0.0014546,0.001100301,0.001100301,0.00078964,0.001100769,0.00110134,0.00073769,0.000733846,0.000729608,0.000728195,0.000354916,0.000366923,0.000366923,0.000352797,0.000705594,0.023637389,0.024342983,0.034735128,0.040822727,0.051616404,0.103843051,0.131588191,0.120392873,0.053455559,0.185462895,0.290194882,0.311549882,0.359864886,0.384963906,0.388921203,0.390604019,0.404896533,0.419732882,3.757180936
Middle East,        Jordan,0,0,0,0,0,0,0,0,0,0.0029316,0.00480573,0.00480573,0.0055491,0.007394961,0.01035483,0.01072128,0.009983197,0.010722693,0.010352945,0.010352945,0.010722693,0.010722693,0.01146219,0.024403371,0.052134475,0.057680696,0.083193311,0.076944322,0.086710332,0.090853488,0.081087478,0.038472161,0.029061279,0.039981453,0.013258099,0.085733731,0.149449007,0.154746283,0.157436007,0.154860061,0.148654981,0.124447525,1.769990647
Middle East,        Kuwait,0.255468,0.1047,0.1047,0.129828,0.150768,0.14658,0.199977,0.297348,0.367497,0.434505,0.228871987,0.018846,0.096873675,0.200403129,0.22073901,0.22073901,0.220739586,0.342756442,0.332773245,0.319462315,0.354958128,0.314285843,0.29579844,0.336470726,0.358655609,0.454790102,0.45885733,0.445916148,0.469580024,0.457711111,0.536985093,0.628201937,0.671647333,0.683701119,0.678080949,0.773106198,0.823095709,0.802722765,0.850894929,0.91540912,0.922323341,1.050747412,17.67751477
Middle East,        Lebanon,0,0,0,0,0,0,0,0,0,0,0,0,0,0,0,0,0,0,0,0,0,0,0,0,0,0,0,0,0,0.001459726,0.005526107,0,0,0,0,0,0,0,0,0,0,0,0.006985833
Middle East,        Oman,0.029316,0.034551,0.042927,0.053397,0.049209,0.057585,0.07329,0.08376,0.076431,0.103653,0.103651392,0.11278284,0.122386605,0.146419757,0.15344832,0.13570167,0.133848794,0.166016874,0.242554721,0.190050498,0.231832027,0.234420264,0.241815225,0.236269004,0.247361445,0.345714427,0.39821865,0.393147518,0.487485435,0.531113939,0.631711895,0.632433027,0.761155143,0.758991746,0.814771329,0.790361001,0.786275821,0.791420479,0.861640741,0.866672727,0.85350046,0.935495659,14.94278843
Middle East,        Palestinian Territories,--,--,--,--,--,--,--,--,--,--,--,--,--,--,--,--,--,0,0,0,0,0,0,0,0,0,0,0,0,0,0,0,0,0,0,0,0,0,0,0,0,0,0
Middle East,        Qatar,0.192648,0.164379,0.194742,0.182178,0.218823,0.199977,0.202071,0.207306,0.216729,0.225105,0.232436075,0.282117291,0.466621725,0.499159868,0.49914678,0.49915725,0.506554829,0.537613665,0.546857366,0.51579853,0.556840563,0.371966538,0.410790084,0.451462369,0.555731319,0.691428854,0.725075926,0.772928811,0.792585528,0.827857762,0.855322237,0.999706908,1.452478404,1.631899899,1.611380013,1.575793899,1.510507472,1.564886672,1.661852936,1.685557486,1.644943121,1.577570135,30.51798832
Middle East,        Saudi Arabia,0.349698,0.590508,0.45021,0.437646,0.64914,0.749652,0.93183,0.990462,1.076316,1.101444,1.127622841,1.18311,1.25714337,1.3273955,1.39394439,1.40651886,1.528538439,1.676437659,1.73116037,1.708235991,1.841715037,1.98517728,2.096471444,2.220706788,2.428505192,2.634085108,2.716169175,2.751664988,2.974253314,2.900673452,3.241211406,3.411295509,3.600976259,3.624640134,3.714119162,3.784001544,3.914854267,4.040234766,4.112680355,4.16933652,4.206836718,4.273360955,92.30998279
Middle East,        Syria,0.016354,0.0084656,0.008658,0.0084656,0.008658,0.00481,0.008658,0.021164,0.017316,0.03367,0.099086,0.119288,0.122302908,0.125700211,0.12909078,0.09988446,0.136571581,0.154917017,0.195344923,0.205197101,0.207235483,0.189909238,0.251428674,0.253277414,0.262521116,0.225546311,0.231092531,0.22184883,0.223327822,0.274353053,0.356067372,0.300235417,0.238487492,0.195966467,0.181176545,0.158991662,0.138655692,0.136815746,0.136079768,0.130559932,0.114736401,0.120734623,6.07264977
Middle East,        United Arab Emirates,0.109935,0.140298,0.095277,0.190554,0.252327,0.394719,0.451257,0.60726,0.650187,0.734994,0.694165051,0.82713,0.944394,0.835035897,0.80124816,0.91660662,1.003865956,1.072269345,1.123664324,1.145109711,1.162118121,1.200941666,1.347361894,1.400605613,1.486756909,1.525210706,1.593244347,1.818051162,2.197782409,2.165947102,2.238454695,2.507372451,2.415194263,2.465849745,2.452095118,2.745044009,2.761756479,2.753954862,2.448900885,2.732003834,2.775335212,2.79804426,59.98232281
Middle East,        Yemen,0,0,0,0,0,0,0,0,0,0,0,0,0,0,0,0,0,0,0,0,0,0,0,0,0,0,0,0,0,0.013794039,0.036400936,0.025289072,0.018008884,0.039083111,0.019158388,0.031036588,0.018698691,0.011071792,0.003444893,0.003444893,0.004588928,0.004588928,0.228609143
Central & South America,        Antarctica,0,0,0,0,0,0,0,0,0,0,0,0,0,0,0,0,0,0,0,0,0,0,0,0,0,0,0,0,0,0,0,0,0,0,0,0,0,0,0,0,0,0,0
Central & South America,        Antigua and Barbuda,0,0,0,0,0,0,0,0,0,0,0,0,0,0,0,0,0,0,0,0,0,0,0,0,0,0,0,0,0,0,0,0,0,0,0,0,0,0,0,0,0,0,0
Central & South America,        Argentina,0.368334,0.371412,0.467856,0.460674,0.586872,0.593028,0.64125,0.62073,0.731538,0.821826,0.73517004,0.81594645,0.82259265,0.870573825,0.89492755,0.99604175,1.055828447,1.053245155,1.125946379,1.194219103,1.225587652,1.152148344,1.117089377,1.276146372,1.399037274,1.492404837,1.541118348,1.620831366,1.638914412,1.59204611,1.597581736,1.702389593,1.713829887,1.72242856,1.737374751,1.734127183,1.78723184,1.810186042,1.910364385,1.980163285,1.848911044,1.824563637,50.65248738
Central & South America,        Aruba,--,--,--,--,--,--,0,0,0,0,0,0,0,0,0,0,0,0,0,0,0,0,0,0,0,0,0,0,0,0,0,0,0,0,0,0,0,0,0,0,0,0,0
Central & South America,        Barbados,0.0004188,0.0004188,0.0004188,0.0004188,0.0004188,0.0004188,0.0004188,0.0004188,0.0009423,0.001047,0.001257143,0.001220169,0.001774791,0.001737816,0.001700841,0.001737816,0.001663866,0.001589917,0.001368068,0.001737816,0.001401796,0.001183194,0.001072269,0.001072269,0.001109244,0.000974338,0.000993294,0.000696633,0.000629339,0.000603749,0.000597114,0.000610383,0.000698529,0.000818899,0.000525081,0.000655878,0.000739234,0.000805376,0.000750586,0.000774371,0.00080395,0.000862582,0.039506051
Central & South America,        Belize,0,0,0,0,0,0,0,0,0,0,0,0,0,0,0,0,0,0,0,0,0,0,0,0,0,0,0,0,0,0,0,0,0,0,0,0,0,0,0,0,0,0,0
Central & South America,        Bolivia,0.013062,0.019593,0.012,0.015,0.014,0.011,0.014,0.014,0.019,0.026,0.03,0.026,0.032,0.03002,0.03496,0.04500384,0.038749384,0.049451595,0.032106632,0.033213758,0.046499261,0.030261424,0.037642259,0.082665352,0.078974935,0.077867809,0.08857002,0.092629479,0.105951886,0.104438815,0.100379356,0.08857002,0.117724318,0.12436707,0.118019552,0.099641273,0.117650357,0.117502741,0.118751148,0.113374123,0.09089733,0.111506646,2.573045383
Central & South America,        Brazil,0.056616,0.056616,0.050922,0.063099,0.081918,0.101844,0.09963,0.116235,0.107379,0.136161,0.113975,0.1396605,0.152986699,0.15184,0.158288,0.1656408,0.18547438,0.202736352,0.21302008,0.240198504,0.346708544,0.412083672,0.491782564,0.519328264,0.632449272,0.695330455,0.722605642,0.742034542,0.883641336,0.699440414,0.941554404,0.936323546,1.130238918,1.334578641,1.41169643,1.471739205,1.256183254,1.283290145,1.222534992,1.212209558,1.142222222,1.399443524,23.48165986
Central & South America,        British Virgin Islands,0,0,0,0,0,0,0,0,0,0,0,0,0,0,0,0,0,0,0,0,0,0,0,0,0,0,0,0,0,0,0,0,0,0,0,0,0,0,0,0,0,0,0
Central & South America,        Cayman Islands,0,0,0,0,0,0,0,0,0,0,0,0,0,0,0,0,0,0,0,0,0,0,0,0,0,0,0,0,0,0,0,0,0,0,0,0,0,0,0,0,0,0,0
Central & South America,        Chile,0.085,0.085,0.049,0.046,0.048,0.044,0.026,0.026,0.035,0.057,0.066,0.052,0.05444455,0.0618,0.06851,0.0671,0.067116158,0.1038261,0.119770823,0.170200643,0.193190708,0.235091955,0.260058954,0.283730987,0.308995973,0.308995973,0.276025536,0.164584004,0.101949037,0.120586599,0.1960037,0.211450441,0.180746423,0.181580239,0.15112451,0.162767495,0.177554307,0.189709882,0.199864368,0.236882134,0.237029669,0.250393921,5.960085089
Central & South America,        Colombia,0.1188,0.1272,0.1272,0.1224,0.1716,0.1728,0.1728,0.13006,0.135634,0.135634,0.140279,0.143995,0.140088601,0.145853,0.15091605,0.14927172,0.15550819,0.195861581,0.205375795,0.169943549,0.18700352,0.199798497,0.202095032,0.199798497,0.208656559,0.218826925,0.236871125,0.247369568,0.246057263,0.285098348,0.297893326,0.290019493,0.331029037,0.351041695,0.384833559,0.377615879,0.357679456,0.348562353,0.378752206,0.38326167,0.384116271,0.38509218,9.512692945
Central & South America,        Costa Rica,0,0,0,0,0,0,0,0,0,0,0,0,0,0,0,0,0,0,0,0,0,0,0,0,0,0,0,0,0,0,0,0,0,0,0,0,0,0,0,0,0,0,0
Central & South America,        Cuba,0.0006282,0.0003141,0.0003141,0.0003141,0.0001047,0.0002094,0.0002094,0.0008376,0.0007329,0.0011517,0.00119358,0.00123546,0.00127734,0.00130875,0.00127734,0.00151648,0.001589917,0.027731104,0.014789922,0.018487403,0.022184883,0.011092442,0.012941182,0.013680678,0.013680678,0.014789922,0.014012992,0.021019488,0.040637677,0.040637677,0.037484754,0.036083454,0.036223584,0.038080306,0.042038976,0.0437906,0.041723701,0.037009675,0.034196003,0.033532402,0.031571479,0.03157758,0.723213629
Central & South America,        Dominica,0,0,0,0,0,0,0,0,0,0,0,0,0,0,0,0,0,0,0,0,0,0,0,0,0,0,0,0,0,0,0,0,0,0,0,0,0,0,0,0,0,0,0
Central & South America,        Dominican Republic,0,0,0,0,0,0,0,0,0,0,0,0,0,0,0,0,0,0,0,0,0,0,0,0.011092442,0.004806725,0.009243701,0.009243701,0.017747906,0.017378158,0.020705891,0.03031934,0.034386569,0.04732775,0.039526067,0.039526067,0.040968084,0.038564742,0.042594962,0.046717102,0.050064882,0.052517419,0.069454853,0.622186361
Central & South America,        Ecuador,0.0039,0.0026,0.0026,0.0039,0.0052,0.0052,0.0039,0.00247,0.00364,0.00364,0.0052,0.004194015,0.00459095,0.004589,0.004589,0.005512,0.00550914,0.00459095,0.00459095,0.00459095,0.00642733,0.00734552,0.00459095,0.006886425,0.007804615,0.01193647,0.01285466,0.012625113,0.010256182,0.011676269,0.012306571,0.008987526,0.019280295,0.01920571,0.021555146,0.018534442,0.020399058,0.017817223,0.014142258,0.012768994,0.010751004,0.011116827,0.364275543
Central & South America,        El Salvador,0,0,0,0,0,0,0,0,0,0,0,0,0,0,0,0,0,0,0,0,0,0,0,0,0,0,0,0,0,0,0,0,0,0,0,0,0,0,0,0,0,0,0
Central & South America,        Falkland Islands,0,0,0,0,0,0,0,0,0,0,0,0,0,0,0,0,0,0,0,0,0,0,0,0,0,0,0,0,0,0,0,0,0,0,0,0,0,0,0,0,0,0,0
Central & South America,        French Guiana,0,0,0,0,0,0,0,0,0,0,0,0,0,0,0,0,0,0,0,0,0,0,0,0,0,0,0,0,0,0,0,0,ie,ie,ie,ie,ie,ie,ie,ie,ie,ie,0
Central & South America,        Grenada,0,0,0,0,0,0,0,0,0,0,0,0,0,0,0,0,0,0,0,0,0,0,0,0,0,0,0,0,0,0,0,0,0,0,0,0,0,0,0,0,0,0,0
Central & South America,        Guadeloupe,0,0,0,0,0,0,0,0,0,0,0,0,0,0,0,0,0,0,0,0,0,0,0,0,0,0,0,0,0,0,0,0,ie,ie,ie,ie,ie,ie,ie,ie,ie,ie,0
Central & South America,        Guatemala,0,0,0,0,0,0,0,0,0,0,0,0,0,0,0,0,0,0,0,0,0,0,0,0,0,0,0,0,0,0,0,0,0,0,0,0,0,0,0,0,0,0,0
Central & South America,        Guyana,0,0,0,0,0,0,0,0,0,0,0,0,0,0,0,0,0,0,0,0,0,0,0,0,0,0,0,0,0,0,0,0,0,0,0,0,0,0,0.000211568,1.36E-05,4.77E-05,4.77E-05,0.000320605
Central & South America,        Haiti,0,0,0,0,0,0,0,0,0,0,0,0,0,0,0,0,0,0,0,0,0,0,0,0,0,0,0,0,0,0,0,0,0,0,0,0,0,5.40E-05,2.20E-05,0.00004368,0.00012272,0.000122936,0.000365309
Central & South America,        Honduras,0,0,0,0,0,0,0,0,0,0,0,0,0,0,0,0,0,0,0,0,0,0,0,0,0,0,0,0,0,0,0,0,0,0,0,0,0,0,0,0,0,0,0
Central & South America,        Jamaica,0,0,0,0,0,0,0,0,0,0,0,0,0,0,0,0,0,0,0,0,0,0,0,0,0,0,0,0,0,0,0,0,0,0,0,0,0.000634991,0.007273815,0.003608324,0.010339353,0.025590206,0.026236876,0.073683565
Central & South America,        Martinique,0,0,0,0,0,0,0,0,0,0,0,0,0,0,0,0,0,0,0,0,0,0,0,0,0,0,0,0,0,0,0,0,ie,ie,ie,ie,ie,ie,ie,ie,ie,ie,0
Central & South America,        Montserrat,0,0,0,0,0,0,0,0,0,0,0,0,0,0,0,0,0,0,0,0,0,0,0,0,0,0,0,0,0,0,0,0,0,0,0,0,0,0,0,0,0,0,0
Central & South America,        Netherlands Antilles,0,0,0,0,0,0,0,0,0,0,0,0,0,0,0,0,0,0,0,0,0,0,0,0,0,0,0,0,0,0,0,0,0,0,0,0,0,0,0,0,0,0,0
Central & South America,        Nicaragua,0,0,0,0,0,0,0,0,0,0,0,0,0,0,0,0,0,0,0,0,0,0,0,0,0,0,0,0,0,0,0,0,0,0,0,0,0,0,0,0,0,0,0
Central & South America,        Panama,0,0,0,0,0,0,0,0,0,0,0,0,0,0,0,0,0,0,0,0,0,0,0,0,0,0,0,0,0,0,0,0,0,0,0,0,0,0,0.00705744,0.021300219,0.013774051,0.010771405,0.052903115
Central & South America,        Paraguay,0,0,0,0,0,0,0,0,0,0,0,0,0,0,0,0,0,0,0,0,0,0,0,0,0,0,0,0,0,0,0,0,0,0,0,0,0,0,0,0,0,0,0
Central & South America,        Peru,0.04268,0.052283,0.049082,0.049082,0.049082,0.050149,0.052283,0.043663,0.040876,0.038089,0.017651,0.0170604,0.016602884,0.0314931,0.03215269,0.03050836,0.031823406,0.007873832,0.01345113,0.01345113,0.011154596,0.012138825,0.014435359,0.01705997,0.036627305,0.067292026,0.075810004,0.113715006,0.166151778,0.157957991,0.233818496,0.243188272,0.281519173,0.298981028,0.326238557,0.331775243,0.353950408,0.31870111,0.323960906,0.340539843,0.28575089,0.345945875,5.036049593
Central & South America,        Puerto Rico,0,0,0,0,0,0,0,0,0,0,0,0,0,0,0,0,0,0,0,0,0.012941182,0.023294127,0.023294127,0.027361356,0.025142867,0.024773119,0.02662186,0.027222,0.029824842,0.027978981,0.028471071,0.027731104,0.050285735,0.059372155,0.061472755,0.05797598,0.064217697,0.048615198,0.06310142,0.071951498,0.050526579,0.074859897,0.90703555
Central & South America,        Saint Kitts and Nevis,0,0,0,0,0,0,0,0,0,0,0,0,0,0,0,0,0,0,0,0,0,0,0,0,0,0,0,0,0,0,0,0,0,0,0,0,0,0,0,0,0,0,0
Central & South America,        Saint Lucia,0,0,0,0,0,0,0,0,0,0,0,0,0,0,0,0,0,0,0,0,0,0,0,0,0,0,0,0,0,0,0,0,0,0,0,0,0,0,0,0,0,0,0
Central & South America,        Saint Vincent/Grenadines,0,0,0,0,0,0,0,0,0,0,0,0,0,0,0,0,0,0,0,0,0,0,0,0,0,0,0,0,0,0,0,0,0,0,0,0,0,0,0,0,0,0,0
Central & South America,        Suriname,0,0,0,0,0,0,0,0,0,0,0,0,0,0,0,0,0,0,0,0,0,0,0,0,0,0,0,0,0,0,0,0,0,0,0,0,0,0.000189125,0.000205683,0.000205683,0.000241651,0.00025587,0.001098012
Central & South America,        The Bahamas,0,0,0,0,0,0,0,0,0,0,0,0,0,0,0,0,0,0,0,0,0,0,0,0,0,0,0,0,0,0,0,0,0,0,0,0,0,1.71E-06,0.000117222,0.000133479,0.000219897,0.000415837,0.000888146
Central & South America,        Trinidad and Tobago,0.084645,0.084645,0.10659,0.132715,0.20064,0.22572,0.15884,0.149435,0.16093,0.16929,0.184965,0.210045,0.202972963,0.22781,0.2609156,0.2801018,0.31626878,0.343208828,0.343208828,0.35206583,0.370148875,0.414802927,0.442112017,0.532527245,0.493039778,0.558360168,0.745095293,0.747309544,0.8096776,0.773511508,0.860605361,0.873521822,0.841046148,0.925556709,0.910499806,0.879685081,0.774675742,0.643113883,0.650461913,0.65988316,0.599593164,0.602243202,19.30248358
Central & South America,        Turks and Caicos Islands,0,0,0,0,0,0,0,0,0,0,0,0,0,0,0,0,0,0,0,0,0,0,0,0,0,0,0,0,0,0,0,0,0,0,0,0,0,0,0,0,0,0,0
Central & South America,        U.S. Virgin Islands,0,0,0,0,0,0,0,0,0,0,0,0,0,0,0,0,0,0,0,0,0,0,0,0,0,0,0,0,0,0,0,0,0,0,0,0,0,0,0,0,0,0,0
Central & South America,        Uruguay,0,0,0,0,0,0,0,0,0,0,0,0,0,0,0,0,0,0,0,0.000739496,0.001478992,0.001478992,0.000739496,0.002218488,0.004436977,0.003327732,0.004436977,0.003327732,0.002588236,0.001478992,0.002957984,0.002957984,0.002218488,0.002218488,0.002045737,0.002082106,0.002354871,0.002659458,0.002032659,0.003581506,0.002204366,0.003202991,0.056768748
Central & South America,        Venezuela,0.615747,0.681252,0.7146,0.686016,0.72651,0.736038,0.802734,0.782487,0.781296,0.915879,0.90620808,0.94503468,0.909256647,0.970665,1.04350656,1.06025202,1.144036488,1.183573043,1.322371588,1.126371219,1.144036488,1.333727832,1.194929288,1.026268026,1.144036488,0.986058508,1.09356429,0.876071177,0.86747766,0.788722385,0.812814913,0.878265439,0.943024991,0.907478254,0.910434084,1.017381395,0.946326912,1.039568963,0.894796645,0.737774962,0.550319895,0.611939161,38.75885208
North America,        Bermuda,0,0,0,0,0,0,0,0,0,0,0,0,0,0,0,0,0,0,0,0,0,0,0,0,0,0,0,0,0,0,0,0,0,0,0,0,0,0,0,0,0,0,0
North America,        Canada,1.915011,1.864104,1.901757,1.90026,2.055323,2.20397,2.15982,2.14368,2.370627,2.460978,2.41090668,2.4364872,2.63981673,2.736457155,2.83340565,2.93280208,2.984291073,2.953655169,2.864653353,3.179016924,3.051184217,3.190093509,3.24322083,3.457259041,3.424499964,3.228985,3.391436402,3.135923972,3.016451561,3.208064394,3.552594711,3.680321941,3.864857492,4.115150439,4.275888143,4.251207033,4.071426084,4.346019532,4.630510995,4.571284746,4.427291343,4.580516341,131.6612097
North America,        Greenland,0,0,0,0,0,0,0,0,0,0,0,0,0,0,0,0,0,0,0,0,0,0,0,0,0,0,0,0,0,0,0,0,0,0,0,0,0,0,0,0,0,0,0
North America,        Mexico,0.843744,0.910845,0.992036,0.99414,0.99803,1.04049,0.92488,0.938543,0.952816,0.92505,1.01898,1.091857572,1.100451774,1.175401505,1.223542384,1.23199457,1.303024335,1.325354999,1.512220154,1.452299251,1.545859387,1.591412029,1.791921805,1.984741705,2.032408762,1.998115496,2.25420986,2.33925098,2.401444297,2.60386518,2.349203019,2.414286583,2.510130826,2.620203332,2.550020102,2.736557814,2.844381592,2.861173018,3.022042393,3.014750733,2.961715766,3.011911022,75.39530625
North America,        Saint Pierre and Miquelon,0,0,0,0,0,0,0,0,0,0,0,0,0,0,0,0,0,0,0,0,0,0,0,0,0,0,0,0,0,0,0,0,0,0,0,0,0,0,0,0,0,0,0
North America,        U.S. Territories,0,0,0,0,0,0,0,0,0,0,0,0,0,0,0,0,0,0,0,0,0,0,0,0,0,0,0,0,0,0,0,0,0,0,0,0,0,0,0,0,0,0,0
North America,        United States,20.2354591,19.74730967,18.35622215,17.22083607,18.39361252,17.70348219,16.59136414,17.63980088,18.44839265,19.60160567,19.60326685,20.0329575,20.71363202,21.2289997,21.72806683,22.67113874,23.08464704,23.22271633,22.83022619,22.90922744,23.82397678,22.77255777,23.51008092,22.83064221,22.92306137,22.565364,22.23873772,23.66275901,23.84295333,23.41593999,24.57475399,24.95453854,26.08858161,26.80513443,27.38283255,28.19109483,28.40035185,28.05509257,31.16283433,32.26369225,31.5769756,31.73107028,974.7359896
Europe,        Albania,0.01047,0.011517,0.01047,0.011517,0.011517,0.01047,0.014658,0.016752,0.026175,0.026175,0.009425153,0.00522,0.003760488,0.001105596,0.00110664,0.00110664,0.001106066,0.000737377,0.001106066,0.000737377,0.001106066,0.001106066,0.001106066,0.001106066,0.001106066,0.001106066,0.001106066,0.000364451,0.001064747,0.001064747,0.000350325,0.000350325,0.000595552,0.000665617,0.001121039,0.001226137,0.001576448,0.001751609,0.001503678,0.002730014,0.001953109,0.002065834,0.201258497
Europe,        Austria,0.185256,0.172515,0.16709,0.170345,0.188825,0.202852,0.196378,0.20501,0.195299,0.20943,0.23091,0.24168,0.237330926,0.25031524,0.25763931,0.27854852,0.299230104,0.288381089,0.296076758,0.30107323,0.272599593,0.288680702,0.291939429,0.315671462,0.315337664,0.359902157,0.337640252,0.318425537,0.336455046,0.32841608,0.358144972,0.338022841,0.323039816,0.31130138,0.284155402,0.303215693,0.316651424,0.343709147,0.320216953,0.334443627,0.316412865,0.335047088,11.62361431
Europe,        Belgium,0.395115,0.363165,0.30033,0.316305,0.32589,0.32589,0.28968,0.32376,0.318435,0.35358,0.36274965,0.3851192,0.3969064,0.41653655,0.42589095,0.47116412,0.524703737,0.500520201,0.551219122,0.586873852,0.589845079,0.582322984,0.60015035,0.639378075,0.651563869,0.640506389,0.659274016,0.664200989,0.659687732,0.666156733,0.744707751,0.636940665,0.635072728,0.63940759,0.560064367,0.612696048,0.622886109,0.62996552,0.649099473,0.654131166,0.650444579,0.649508699,21.97184469
Europe,        Bosnia and Herzegovina,--,--,--,--,--,--,--,--,--,--,--,--,0.01753856,0.014046396,0.01451296,0.08582784,0.004904547,0.004904547,0.007006496,0.007006496,0.010509744,0.010509744,0.005605197,0.005605197,0.010509744,0.014352016,0.014352016,0.011481613,0.011122812,0.007534808,0.008252409,0.00932881,0.00861121,0.00861121,0.006063727,0.007176008,0.007498926,0.008144761,0.008130732,0.007830971,0.007004228,0.008083093,0.352066818
Europe,        Bulgaria,0.16992,0.156704,0.16992,0.173696,0.170864,0.206736,0.212175,0.210289,0.208403,0.210289,0.227729785,0.183215427,0.193688649,0.17026421,0.166419,0.20606804,0.2170698,0.180429985,0.13409388,0.118654515,0.113373157,0.102810441,0.106003848,0.106003848,0.10990594,0.123636719,0.127892341,0.120671355,0.116081818,0.074856499,0.092211703,0.114720071,0.108075738,0.108003865,0.103828925,0.114407042,0.115445167,0.120273534,0.113609724,0.10634737,0.108334185,0.122604928,6.115727509
Europe,        Croatia,--,--,--,--,--,--,--,--,--,--,--,--,0.10053294,0.108631977,0.09540264,0.08578071,0.09243963,0.103529454,0.098722729,0.098352981,0.10242021,0.105008446,0.097243737,0.112773155,0.101680714,0.099462225,0.100941218,0.103048782,0.109630297,0.099129452,0.104971471,0.091290794,0.10626559,0.091475668,0.074060534,0.075946249,0.081418474,0.095209959,0.101951377,0.107011227,0.111260298,0.107028423,2.962621361
Europe,        Cyprus,0,0,0,0,0,0,0,0,0,0,0,0,0,0,0,0,0,0,0,0,0,0,0,0,0,0,0,0,0,0,0,0,0,0,0,0,0,0,0,0,0,0,0
Europe,        Czechia,--,--,--,--,--,--,--,--,--,--,--,--,--,0.26141224,0.24100218,0.28869487,0.332377117,0.337206619,0.337693154,0.340497836,0.330409541,0.35398467,0.342388813,0.345847282,0.343467086,0.339268239,0.333725479,0.311009246,0.313530596,0.296928308,0.33554355,0.303907764,0.302288634,0.306271652,0.272570018,0.285831144,0.308463489,0.317036897,0.300427716,0.315500036,0.320236405,0.343556587,9.161077168
Europe,        Denmark,0,0,0,0.002266,0.0073899,0.029484,0.04914,0.063162,0.069824,0.075348,0.079497,0.089544,0.09420992,0.106801263,0.118399329,0.13960848,0.162104326,0.185077439,0.190949618,0.202102801,0.206425004,0.204118934,0.203960511,0.206490019,0.205535843,0.19742593,0.201218407,0.179677211,0.181174849,0.173688528,0.195873521,0.165713108,0.154223584,0.146204654,0.123864631,0.126280015,0.12869022,0.123040067,0.117035301,0.108842421,0.086455374,0.08511379,5.185959998
Europe,        Estonia,--,--,--,--,--,--,--,--,--,--,--,--,0.05275812,0.02125357,0.0226678,0.02636262,0.02884882,0.0374339,0.056560504,0.035350315,0.039671458,0.0449846,0.026265284,0.029941717,0.034148404,0.034607958,0.035632835,0.03482059,0.033441398,0.023152938,0.024801753,0.022190382,0.024047034,0.02446609,0.019203772,0.017215539,0.018933423,0.018019655,0.018459159,0.016975797,0.015245076,0.016478783,0.853939294
Europe,        Faroe Islands,0,0,0,0,0,0,0,0,0,0,0,0,0,0,0,0,0,0,0,0,0,0,0,0,0,0,0,0,0,0,0,0,0,0,0,0,0,0,0,0,0,0,0
Europe,        Finland,0.032512,0.02639,0.02436,0.023345,0.02842,0.035525,0.043645,0.057855,0.061915,0.082215,0.096425,0.1015,0.1054179,0.1091125,0.12093725,0.12495665,0.130797402,0.128610873,0.147106751,0.147106751,0.150512,0.163129343,0.16234076,0.179617917,0.173488469,0.158971355,0.170728425,0.163953772,0.169796462,0.15362417,0.169322246,0.148142744,0.132478749,0.126025286,0.111551299,0.099067144,0.090526946,0.08522112,0.094359634,0.092926146,0.087916309,0.090572785,4.602426158
Europe,        Former Czechoslovakia,0.335075,0.3367,0.353276,0.358456,0.377104,0.399267,0.418887,0.446664,0.418496,0.453706,0.535192,0.490896,0.400314,--,--,--,--,--,--,--,--,--,--,--,--,--,--,--,--,--,--,--,--,--,--,--,--,--,--,--,--,--,5.324033
Europe,        Former Serbia and Montenegro,--,--,--,--,--,--,--,--,--,--,--,--,0.074908662,0.035569762,0.06027579,0.04085394,0.102826933,0.101754663,0.108705927,0.063929438,0.020077319,0.022258833,0.084672303,0.081344571,0.086521044,0.088739532,--,--,--,--,--,--,--,--,--,--,--,--,--,--,--,--,0.972438717
Europe,        Former Yugoslavia,0.142494,0.16485,0.16275,0.158089,0.208,0.220688,0.237664,0.279043,0.273738,0.304507,0.263128,0.262067,--,--,--,--,--,--,--,--,--,--,--,--,--,--,--,--,--,--,--,--,--,--,--,--,--,--,--,--,--,--,2.677018
Europe,        France,0.929988,0.96288,0.931029,0.974025,1.031524,1.06338,1.074808,1.0899,1.052559,1.070592,1.087727,1.23192036,1.24621289,1.255708852,1.249511092,1.27498294,1.407634958,1.396254876,1.429754367,1.501561028,1.576767145,1.653257599,1.694640775,1.663364046,1.765623219,1.881289379,1.924728242,1.790431654,1.877090073,1.795360921,1.826858449,1.767565112,1.64709762,1.719898427,1.412209099,1.488465874,1.629960521,1.639354357,1.59933963,1.630044261,1.510526144,1.609003719,60.36482963
Europe,        Germany,--,--,--,--,--,--,--,--,--,--,--,2.478968,2.44632885,2.53269427,2.65374903,3.05739348,3.061533065,2.933566338,3.048520477,3.078508315,3.042348262,3.181100262,3.173896779,3.214567934,3.236585848,3.266627612,3.334677286,3.199178222,3.334244677,3.099683224,3.422174626,3.102918741,3.106529864,3.181564743,2.878313779,2.961439759,3.201450165,3.398358444,3.387203912,3.484291161,3.187038838,3.313395621,95.99885158
Europe,"        Germany, East",0.19227,0.19422,0.1911,0.19344,0.22932,0.2262,0.23478,0.21645,0.23478,0.22932,0.13923,--,--,--,--,--,--,--,--,--,--,--,--,--,--,--,--,--,--,--,--,--,--,--,--,--,--,--,--,--,--,--,2.28111
Europe,"        Germany, West",1.889664,1.78932,1.637472,1.688088,1.772448,1.745808,1.769784,1.934064,1.877232,1.995336,2.0529672,--,--,--,--,--,--,--,--,--,--,--,--,--,--,--,--,--,--,--,--,--,--,--,--,--,--,--,--,--,--,--,20.1521832
Europe,        Gibraltar,0,0,0,0,0,0,0,0,0,0,0,0,0,0,0,0,0,0,0,0,0,0,0,0,0,0,0,0,0,0,0,0,0,0,0,0,0,0,0,0.002083097,0.002745859,0.002760056,0.007589012
Europe,        Greece,0,0,0.0031614,0.0030219,0.0033097,0.002878,0.004314,0.004317,0.005772,0.005772,0.005608,0.005876,0.005776,0.004106978,0.00209442,0.00188805,0.002147717,0.007545085,0.031987338,0.053767088,0.075147636,0.07422648,0.079468991,0.089356838,0.098482093,0.103878013,0.121056995,0.147015992,0.155738585,0.129574973,0.142575159,0.171717629,0.157985362,0.141914763,0.108496446,0.117019949,0.151439482,0.183621559,0.180119125,0.195221954,0.21748054,0.234883236,3.229764476
Europe,        Hungary,0.35088,0.35945,0.37536,0.373973,0.380472,0.38868,0.411996,0.409494,0.405246,0.412984,0.39203,0.389463,0.34193736,0.368230414,0.371984867,0.40465655,0.451173563,0.428257942,0.430972783,0.436669975,0.424555729,0.472126235,0.473446769,0.519898954,0.51241387,0.533357642,0.506559066,0.471768212,0.46550884,0.403391097,0.432755144,0.413273529,0.369390299,0.346603588,0.32329369,0.34073405,0.363321764,0.375754042,0.361297905,0.367911588,0.38111633,0.39559066,17.13798046
Europe,        Iceland,0,0,0,0,0,0,0,0,0,0,0,0,0,0,0,0,0,0,0,0,0,0,0,0,0,0,0,0,0,0,0,0,0,0,0,0,0,0,0,0,0,0,0
Europe,        Ireland,0.03232,0.04949,0.07373,0.077462,0.082492,0.087522,0.059354,0.059708,0.071497,0.0808,0.082656,0.084756,0.08373691,0.09503771,0.09671265,0.10299198,0.116810543,0.122282284,0.123627221,0.132116452,0.151497713,0.157963995,0.161425148,0.162178063,0.165594013,0.154842326,0.17355917,0.187399613,0.195478484,0.18894422,0.207405493,0.181483708,0.176735782,0.169509946,0.163347249,0.163859949,0.192160738,0.196902625,0.204571264,0.207544504,0.208075096,0.194603581,5.68018543
Europe,        Italy,0.994356,0.963666,0.960048,0.987307,1.163375,1.182077,1.249859,1.387726,1.5038,1.623687,1.722546,1.830025,1.813120835,1.84961673,1.78658886,1.96862525,2.031757271,2.094657665,2.255243269,2.451197446,2.555821948,2.562830633,2.545453428,2.806400519,2.912181092,3.11651679,3.052138039,3.067094719,3.066588937,2.818792164,3.000659369,2.813607904,2.70520472,2.530214103,2.235662212,2.438277225,2.560762394,2.713724416,2.625123235,2.688936205,2.57392415,2.757778846,91.96697237
Europe,        Kosovo,--,--,--,--,--,--,--,--,--,--,--,--,--,--,--,--,--,--,--,--,--,--,--,--,--,--,--,--,0,0,0,0,0,0,0,0,0,0,0,0,0,0,0
Europe,        Latvia,--,--,--,--,--,--,--,--,--,--,--,--,0.056726,0.028363,0.02481888,0.03888885,0.03532,0.045817681,0.046001319,0.045647463,0.056617008,0.060155571,0.060095536,0.063567,0.06745165,0.0685111,0.0670985,0.05826975,0.045298551,0.055642314,0.064455564,0.056806623,0.053401008,0.052826415,0.047690406,0.048440172,0.050158412,0.044235966,0.051988564,0.049151358,0.03903641,0.042796551,1.525277622
Europe,        Lithuania,--,--,--,--,--,--,--,--,--,--,--,--,0.1426726,0.0856076,0.0820322,0.09897888,0.09200364,0.102925568,0.114025072,0.076254267,0.091727181,0.097371931,0.10195829,0.106897446,0.10301668,0.107250242,0.102663883,0.121362116,0.126656541,0.097952509,0.113563858,0.124153414,0.121232157,0.1183109,0.101513674,0.091251984,0.080370395,0.084368015,0.078044507,0.081460655,0.086461314,0.082852553,3.014940072
Europe,        Luxembourg,0.01886,0.01416,0.012067,0.01095,0.012034,0.013092,0.012972,0.015106,0.0162,0.018343,0.018496,0.019692,0.020534825,0.021325881,0.02151898,0.02457124,0.02694923,0.027628337,0.027898991,0.028916169,0.029489084,0.030621778,0.047015601,0.046937696,0.052714701,0.051890554,0.054253905,0.050642275,0.048220514,0.049072135,0.052744953,0.045563408,0.046499272,0.039358836,0.037356059,0.034113596,0.031325675,0.030628695,0.030100465,0.030048633,0.027479046,0.029489881,1.276882415
Europe,        Malta,0,0,0,0,0,0,0,0,0,0,0,0,0,0,0,0,0,0,0,0,0,0,0,0,0,0,0,0,0,0,0,0,0,0,0,0,0,0.010327464,0.012434972,0.014048043,0.012727156,0.014034943,0.063572578
Europe,        Montenegro,--,--,--,--,--,--,--,--,--,--,--,--,--,--,--,--,--,--,--,--,--,--,--,--,--,--,0,0,0,0,0,0,0,0,0,0,0,0,0,0,0,0,0
Europe,        Netherlands,1.334742,1.270374,1.350834,1.298645,1.37676,1.451856,1.44828,1.494768,1.352622,1.3857,1.37229,1.557080234,1.492011145,1.558595671,1.506186798,1.546124885,1.71348599,1.60544794,1.585399968,1.549092616,1.553449498,1.584800107,1.568698586,1.579401362,1.617855583,1.570971742,1.510684587,1.469058267,1.53224051,1.546969337,1.735106784,1.515343022,1.439539534,1.455844077,1.272070384,1.260315945,1.313684434,1.370718255,1.348304896,1.408451926,1.377769601,1.330311628,61.61188631
Europe,        North Macedonia,--,--,--,--,--,--,--,--,--,--,--,--,0.009478,0.01048252,0,0,0,0,0.000712657,0.001432376,0,0,0,0,0.003584473,0.003566815,0.003559752,0.002847802,0.002538795,0.00290148,0.002915606,0.00437341,0.002915606,0.001457803,0.001822254,0.002186705,0.004992952,0.009829632,0.009104307,0.010591265,0.012296325,0.015504848,0.119095383
Europe,        Norway,0.038325,0.0374,0.042198,0.049772,0.044157,0.051465,0.093786,0.06504,0.07595,0.079205,0.08728,0.084864,0.142740193,0.09896495,0.10337544,0.1137147,0.113269331,0.141781956,0.13794039,0.167745544,0.151977396,0.175500718,0.205194276,0.239235464,0.303893697,0.201020043,0.127720229,0.1662383,0.131007349,0.245596402,0.207141659,0.171145863,0.162066155,0.192220785,0.218359994,0.194557388,0.1859642,0.21343471,0.201344726,0.202739724,0.192602738,0.178280757,6.036217077
Europe,        Poland,0.373274,0.361324,0.354966,0.360858,0.375411,0.38098,0.411104,0.42423,0.424445,0.417666,0.389851,0.349524,0.342103044,0.359182508,0.367804489,0.385095101,0.432919239,0.433778842,0.430310732,0.408467451,0.440482441,0.450702743,0.441292073,0.485407571,0.521242231,0.539952295,0.540136745,0.540981021,0.547025395,0.531935013,0.571687001,0.568546051,0.607092517,0.608842726,0.589620887,0.613392391,0.64102548,0.677251786,0.681540434,0.69744631,0.720419853,0.764552468,20.56386984
Europe,        Portugal,0,0,0,0,0,0,0,0,0,0,0,0,0,0,0,0,0,0.003803426,0.030484826,0.085183453,0.089133647,0.098876456,0.120379477,0.116240982,0.145664487,0.163754313,0.159031638,0.166754887,0.181021865,0.182315806,0.19787368,0.199567541,0.172259227,0.162881486,0.153537565,0.181262485,0.190922636,0.237626044,0.216683497,0.227294451,0.225756737,0.215943323,3.924253935
Europe,        Romania,1.33857,1.35569,1.50977,1.54722,1.49265,1.42952,1.5087,1.50335,1.39742,1.48088,1.34927,1.04936,0.94427265,0.908302,0.85074,0.90053,0.89382,0.825752988,0.64654702,0.619057824,0.59795358,0.692922678,0.642386913,0.63185598,0.63122031,0.592599826,0.650989647,0.599851408,0.55575498,0.450413514,0.450413514,0.481980956,0.471621796,0.422730756,0.395117993,0.3839189,0.382903991,0.405022011,0.40126911,0.374313824,0.38692845,0.418396329,34.57198895
Europe,        Serbia,--,--,--,--,--,--,--,--,--,--,--,--,--,--,--,--,--,--,--,--,--,--,--,--,--,--,0.081386949,0.077615307,0.078981998,0.061079411,0.07652478,0.083194371,0.098288708,0.078981998,0.066695909,0.07652478,0.082737977,0.092656691,0.093301087,0.087218814,0.087052728,0.10482522,1.327066728
Europe,        Slovakia,--,--,--,--,--,--,--,--,--,--,--,--,--,0.2203656,0.206066557,0.27408196,0.242222336,0.24585014,0.249967163,0.252955977,0.254779926,0.27198543,0.258594088,0.25002515,0.24253777,0.260325935,0.237072244,0.224347437,0.227890661,0.194978741,0.220733972,0.204453682,0.192471277,0.200962771,0.166326315,0.171046362,0.173885435,0.172521205,0.170392838,0.174116817,0.181707944,0.202991614,6.345657347
Europe,        Slovenia,--,--,--,--,--,--,--,--,--,--,--,--,0.02336124,0.028787022,0.02777264,0.03696348,0.0478998,0.033330226,0.034955034,0.035835896,0.03623884,0.037315242,0.0361312,0.036382361,0.039611564,0.040939126,0.039647444,0.040293285,0.038714563,0.036669401,0.038042858,0.032521888,0.031308031,0.030507677,0.027601204,0.029290463,0.031085207,0.032556897,0.031946438,0.028392846,0.032464544,0.035105349,1.031671766
Europe,        Spain,0.063952,0.075372,0.08092,0.0867,0.082728,0.0943,0.10005,0.1142,0.147447,0.19522,0.21888,0.24624,0.259671195,0.256295434,0.273034956,0.3403926,0.380931604,0.498447917,0.51173342,0.585769905,0.636118606,0.685479547,0.826767128,0.888306059,1.087773124,1.283995272,1.377677985,1.40436267,1.539198589,1.374267686,1.374492624,1.275544498,1.242667981,1.136540301,1.044538937,1.081849763,1.103254125,1.199535394,1.19638995,1.368008435,1.228496493,1.29150939,30.25906059
Europe,        Sweden,0,0,0,0,0,0.002952,0.00792,0.010901,0.012818,0.01881,0.022747,0.023736,0.026985957,0.0298584,0.029367954,0.02968978,0.030735351,0.030909983,0.030071747,0.033897986,0.031214575,0.035055082,0.035373764,0.036887506,0.03549327,0.032664962,0.033063316,0.037046848,0.031350397,0.048877938,0.0619205,0.051596706,0.046258076,0.041773432,0.036149521,0.037876584,0.03602992,0.042731213,0.042731213,0.044459314,0.050126698,0.052547979,1.242629972
Europe,        Switzerland,0.037814,0.04088,0.044032,0.048034,0.053092,0.05621,0.057288,0.06132,0.06138,0.067518,0.07196924,0.08072778,0.084924311,0.089053659,0.087797858,0.096798556,0.104738781,0.101129588,0.104125218,0.107878779,0.107265216,0.111632339,0.109575099,0.115819003,0.11950038,0.12267647,0.119319921,0.116179923,0.123867504,0.118922909,0.132916326,0.118007461,0.12937863,0.136345726,0.118440648,0.126671208,0.133168964,0.133854838,0.127152148,0.130538468,0.127128544,0.138054335,4.17312783
Europe,        Turkiye,0,0,0.001028,0.00257,0.0014392,0.002056,0.016464,0.026754,0.044204,0.117192,0.125901648,0.153819285,0.168231902,0.186964673,0.197710604,0.255179551,0.308062209,0.367544394,0.389306027,0.461893078,0.547997334,0.589526291,0.64969175,0.781667331,0.825070101,1.004451302,1.145276751,1.329976002,1.330353484,1.274808639,1.384222218,1.622011589,1.642886187,1.666817742,1.768747796,1.744644678,1.684133298,1.945599089,1.791243856,1.631245087,1.738317268,2.15021653,33.07522489
Europe,        United Kingdom,1.776888,1.80786,1.798776,1.871265,1.919487,2.058694,2.08666,2.147607,2.037076,2.015383,2.083708,2.244616,2.198282364,2.506449988,2.65165019,2.83482786,3.354075321,3.196873424,3.259072321,3.49350671,3.602672438,3.564956018,3.60908423,3.580114629,3.745756105,3.605312588,3.431439892,3.454898234,3.567009939,3.33685714,3.739887498,3.104012094,2.935256495,2.898614074,2.647296019,2.706880059,3.047646949,2.965321737,2.958324646,2.901287107,2.749413388,2.844620326,118.3394198
Eurasia,        Armenia,--,--,--,--,--,--,--,--,--,--,--,--,0.068773137,0.05176368,0.0591555,0.0591555,0.06655779,0.048067247,0.051764727,0.047697498,0.052134475,0.051764727,0.040302537,0.048806743,0.049176491,0.062857169,0.062857169,0.075946249,0.071361374,0.057310948,0.067294145,0.076537846,0.090588272,0.08910928,0.092437013,0.07579835,0.081935472,0.087037952,0.091778387,0.092362389,0.094077841,0.102277487,2.066687395
Eurasia,        Azerbaijan,--,--,--,--,--,--,--,--,--,--,--,--,0.54722502,0.40672809,0.34756212,0.33277848,0.34386621,0.338689214,0.20668916,0.22184883,0.209277396,0.24847069,0.329232563,0.33626943,0.365072344,0.381232488,0.41502188,0.328336268,0.367529562,0.360874097,0.386016964,0.344235435,0.390084193,0.350151403,0.370857294,0.402285878,0.394595184,0.382652424,0.390056364,0.424011666,0.428291379,0.461260619,10.81120265
Eurasia,        Belarus,--,--,--,--,--,--,--,--,--,--,--,--,0.66980867,0.62183705,0.51600083,0.46875511,0.51270317,0.552986991,0.565072137,0.630258683,0.71782106,0.65918979,0.620370836,0.657724924,0.601174308,0.744136491,0.768696661,0.760998697,0.779033926,0.650661218,0.79278029,0.770885838,0.759166908,0.74371257,0.735362832,0.634653281,0.630368584,0.648569392,0.687991123,0.682607833,0.632018183,0.667594807,19.88294219
Eurasia,        Former U.S.S.R.,13.86112,14.42556,15.506478,16.805178,19.104384,20.951664,22.081572,23.046012,24.718392,25.166754,25.609986,25.314168,--,--,--,--,--,--,--,--,--,--,--,--,--,--,--,--,--,--,--,--,--,--,--,--,--,--,--,--,--,--,246.591268
Eurasia,        Georgia,--,--,--,--,--,--,--,--,--,--,--,--,0.18487926,0.08874372,0.0591555,0.07764552,0.06655779,0.07025213,0.068773137,0.042890774,0.044739514,0.042890774,0.054041485,0.037865802,0.045218385,0.0542253,0.05183571,0.063919797,0.064394077,0.063649637,0.060533088,0.054939757,0.065206464,0.074774003,0.08025694,0.088315684,0.082795996,0.084267913,0.083108826,0.094079191,0.093453474,0.09423454,2.137644188
Eurasia,        Kazakhstan,--,--,--,--,--,--,--,--,--,--,--,--,0.74319201,0.54722502,0.55461684,0.401451116,0.53391765,0.51764727,0.495462387,0.502857348,0.51394979,0.528739712,0.550924595,0.336322826,0.50540861,0.41152958,0.394521169,0.751697786,0.83045412,0.492134655,0.43038673,0.480672465,0.458117834,0.500269112,0.48547919,0.503227096,0.536060444,0.568224071,0.573130212,0.537338415,0.585922896,0.609324271,15.88020522
Eurasia,        Kyrgyzstan,--,--,--,--,--,--,--,--,--,--,--,--,0.08755708,0.0818685,0.06579495,0.03253029,0.06744774,0.070991626,0.070769777,0.070621878,0.070732802,0.074541207,0.044369766,0.027250431,0.033979846,0.027361356,0.028692449,0.032020534,0.027731104,0.024233287,0.01708236,0.014789922,0.015751267,0.015011771,0.015862191,0.006655465,0.006944833,0.006944833,0.008076988,0.007684712,0.00826113,0.008259069,1.069819164
Eurasia,        Moldova,--,--,--,--,--,--,--,--,--,--,--,--,0.08266216,0.06763848,0.05260416,0.05260416,0.07515032,0.090180384,0.08679862,0.078907836,0.080035091,0.077029078,0.082665352,0.087243589,0.079545625,0.089809577,0.097140971,0.080567641,0.080895364,0.074796111,0.069659897,0.067733817,0.111391632,0.105292379,0.101119205,0.087636645,0.088567575,0.080799118,0.087952734,0.08995993,0.089696179,0.102172568,2.498256198
Eurasia,        Russia,--,--,--,--,--,--,--,--,--,--,--,--,16.61336208,16.31433888,15.3354096,14.6379666,13.20339068,12.40913479,12.71700248,12.69562278,13.17630973,13.02166322,13.6862156,14.33223889,14.94582854,14.70306617,15.61976588,15.62266453,15.94985024,13.85593419,16.75821271,17.31076885,16.99191678,16.73284947,16.63864318,15.94224127,15.89347181,16.27027168,17.11056875,16.70375826,16.02018327,18.06828668,459.2809376
Eurasia,        Tajikistan,--,--,--,--,--,--,--,--,--,--,--,--,0.0702537,0.05176368,0.0591555,0.0298395,0.04540839,0.042151278,0.041411782,0.043260522,0.046218506,0.048067247,0.044000018,0.049915987,0.051358004,0.052873971,0.047179851,0.024403371,0.015899166,0.008393281,0.008356306,0.007357986,0.007505885,0.007801684,0.008282356,0.000739496,0.000702356,0.000701531,0.002688672,0.003123318,0.003126998,0.003126998,0.82506734
Eurasia,        Turkmenistan,--,--,--,--,--,--,--,--,--,--,--,--,0.14789922,0.15159513,0.15529104,0.17747697,0.17747697,0.170084103,0.162689142,0.207058908,0.273613557,0.354958128,0.425210258,0.580504439,0.612672519,0.658151529,0.46070607,0.428907738,0.303193401,0.657412033,0.791630575,0.950622237,1.118487851,1.136235758,1.146218955,1.473889677,1.473889677,1.453654385,1.453654384,1.486399232,1.519340437,1.613416591,21.72234091
Eurasia,        Ukraine,--,--,--,--,--,--,--,--,--,--,--,--,3.61885725,4.0059882,3.44310345,3.10957953,3.07260996,2.965379361,2.728740609,2.88403479,2.909917154,2.739833051,2.909917154,3.165043308,2.669580921,2.673278402,2.739833051,2.897433301,2.847745096,1.556391379,1.889098232,2.276786302,1.85843563,1.705827508,1.413299237,1.169584418,1.133836995,1.089852395,1.094076261,1.000638301,1.039211068,0.916536851,69.52444917
Eurasia,        Uzbekistan,--,--,--,--,--,--,--,--,--,--,--,--,1.11119155,1.56392215,1.2473944,1.37196351,1.45816443,1.479712626,1.433022665,1.447388807,1.537177194,1.623374046,1.670064008,1.6981139,1.802950821,1.731120111,1.799000132,1.813330359,1.889147673,1.659576724,1.641690877,1.843176019,1.835633794,1.666831626,1.845690093,1.729324343,1.490848412,1.546516739,1.547608376,1.533804611,1.49329898,1.604179067,48.11521804
