Continent,Country,1980,1981,1982,1983,1984,1985,1986,1987,1988,1989,1990,1991,1992,1993,1994,1995,1996,1997,1998,1999,2000,2001,2002,2003,2004,2005,2006,2007,2008,2009,2010,2011,2012,2013,2014,2015,2016,2017,2018,2019,2020,2021,Consumption_Coal
Africa,        Algeria,0.002547398,0.007655064,0.020475801,0.033213824,0.034235723,0.034242132,0.034610211,0.035079318,0.035599908,0.036081886,0.033572055,0.031062224,0.02879373,0.022609952,0.02304864,0.013759894,0.014334636,0.015455786,0.017403199,0.017394738,0.016194829,0.015033806,0.008672038,0.010163584,0.010488812,0.010358057,0.006857845,0.007011926,0.007171915,0.004567912,4.66E-05,5.50E-05,0.000433418,0.001259621,0.000835328,0.000576922,0.000575219,0.000924225,0.000410418,0.000405436,0.000658437,0.00094109,0.594818467
Africa,        Angola,0,0,0,0,0,0,0,0,0,0,0,0,0,0,0,0,0,0,0,0,0,0,0,0,0,0,0,0,0,0,0,0,0,0,0,0,0,0,0,0,0,0,0
Africa,        Benin,0,0,0,0,0,0,0,0,0,0,0,0,0,0,0,0,0,0,0,0,0,0,0,0,0,0,0,8.14E-05,3.88E-05,2.49E-06,1.23E-06,6.46E-05,3.87E-05,3.17E-05,0.000961001,0.001037911,0.001985751,0.002992505,0.002987991,0.002938642,0.001951128,0.003932631,0.01904649
Africa,        Botswana,0.008660526,0.009356617,0.010099701,0.00986717,0.009751175,0.010819193,0.01211937,0.012351123,0.014627423,0.015765335,0.017698762,0.01709203,0.021835504,0.020802824,0.020116168,0.020465326,0.017251402,0.01579798,0.018622574,0.015934037,0.02085396,0.020320212,0.021155789,0.019047405,0.019670411,0.021946199,0.022760329,0.020602499,0.018515782,0.01684308,0.016149674,0.017354423,0.015130345,0.014232074,0.016837001,0.027546501,0.038035577,0.035819574,0.033554487,0.031321952,0.029050749,0.032820821,0.808603084
Africa,        Burkina Faso,0,0,0,0,0,0,0,0,0,0,0,0,0,0,0,0,0,0,0,0,0,0,0,0,0,0,0,0,0,0,0,0,0,0,0,0,0,0,0,0,0,0,0
Africa,        Burundi,0,0,0,0,0,0,0,0,0,0,0,0,0,0,0,0,0,0,0,0,0,0,0,0,0,0,0,0,0,0,0,0,0,0,0,0,0,0,0,0,0,0,0
Africa,        Cabo Verde,0,0,0,0,0,0,0,0,0,0,0,0,0,0,0,0,0,0,0,0,0,0,0,0,0,0,0,0,0,0,0,0,0,0,0,0,0,0,0,0,0,0,0
Africa,        Cameroon,0,0,0,0,0,0,0,0,0,0,0,0,0,0,0,0,0,0,0,0,0,0,0,0,0,0,0,0,0,0,0,0,0,0,0,0,0,0,0,0,0,0,0
Africa,        Central African Republic,0,0,0,0,0,0,0,0,0,0,0,0,0,0,0,0,0,0,0,0,0,0,0,0,0,0,0,0,0,0,0,0,0,0,0,0,0,0,0,0,0,0,0
Africa,        Chad,0,0,0,0,0,0,0,0,0,0,0,0,0,0,0,0,0,0,0,0,0,0,0,0,0,0,0,0,0,0,0,0,0,0,0,0,0,0,0,0,0,0,0
Africa,        Comoros,0,0,0,0,0,0,0,0,0,0,0,0,0,0,0,0,0,0,0,0,0,0,0,0,0,0,0,0,0,0,0,0,0,0,0,0,0,0,0,0,0,0,0
Africa,        Congo-Brazzaville,0,0,0,0,0,0,0,0,0,0,0,0,0,0,0,0,0,0,0,0,0,0,0,0,0,0,0,0,0,0,0,0,0,0,0,0,0,0,0,0,0,0,0
Africa,        Congo-Kinshasa,0.003596027,0.003648033,0.003205031,0.002944525,0.002749027,0.003153024,0.003101018,0.003179028,0.003205129,0.003257244,0.003283302,0,0,0,0,0,0,0,0,0,0,4.04E-06,4.67E-05,2.34E-05,6.68E-05,0.000236873,0.000201786,0.000311405,0.000354413,0.000249764,0.000375593,0.000299711,0.000341344,0.000129405,0.000182506,0.000358718,0.000419106,0.000518494,0.000901462,0.000469632,0.000272566,0.000359738,0.041444911
Africa,        Côte d’Ivoire,0,0,0,0,0,0,0,0,0,0,0,0,0,0,0,0,0,0,0,0,0,0,0,0,0,0,0,0,0,0,0,0,0,0,0,0,0,0,0,0,0,0,0
Africa,        Djibouti,0,0,0,0,0,0,0,0,0,0,0,0,0,0,0,0,0,0,0,0,0,0,0,0,0,0,0,0,0,0,0,0,0,0,0,0,0,0,0,0,0,0,0
Africa,        Egypt,0.022548752,0.029164656,0.029885857,0.028092519,0.028541316,0.030102067,0.030200963,0.031982662,0.034978976,0.035796437,0.031441557,0.029873778,0.028588129,0.036683015,0.045838321,0.043299161,0.043411152,0.04394574,0.036646711,0.038303995,0.042705308,0.044560533,0.04073412,0.044778489,0.043662297,0.048580683,0.048180515,0.048031151,0.044179844,0.041803278,0.040996008,0.032936814,0.025404201,0.020742003,0.023622188,0.047189301,0.05841829,0.069029813,0.112441112,0.09374494,0.048482127,0.076148663,1.775697442
Africa,        Equatorial Guinea,0,0,0,0,0,0,0,0,0,0,0,0,0,0,0,0,0,0,0,0,0,0,0,0,0,0,0,0,0,0,0,0,0,0,0,0,0,0,0,0,0,0,0
Africa,        Eritrea,--,--,--,--,--,--,--,--,--,--,--,--,--,--,0,0,0,0,0,0,0,0,0,0,0,0,0,0,0,0,0,0,0,0,0,0,0,0,0,0,0,0,0
Africa,        Eswatini,0.004143529,0.003861016,0.00313119,0.002401364,0.002942848,0.003908102,0.004049358,0.003884559,0.003437246,0.003602043,0.00376684,0.002895758,0.002330732,0.001318394,0.004096439,0.003578498,0.003060558,0.003355647,0.006836752,0.007281568,0.006259332,0.006320277,0.006233409,0.005281829,0.005238633,0.004777709,0.005100333,0.005248405,0.004718995,0.004266181,0.003278399,0.003241367,0.002978198,0.001596467,0.001673292,0.001979465,0.002037886,0.002741912,0.003129586,0.003644886,0.003883224,0.005054763,0.162566989
Africa,        Ethiopia,0,0,0,0,0,0,0,0,0,0,0,0,0,0,0,0,0,0,0,0,0,4.39E-08,9.00E-07,8.78E-08,1.10E-07,1.76E-07,2.41E-07,1.58E-05,0.000322899,0.000547283,0.000826828,0.0021471,0.004916671,0.006387282,0.008889516,0.009021213,0.011545396,0.012774564,0.013652541,0.01314863,0.011595874,0.010141224,0.105934354
Africa,        Gabon,0,0,0,0,0,0,0,0,0,0,0,0,0,0,0,0,0,0,0,0,0,0,0,0,0,0,0,0,0,0,0,0,0,0,0,0,0,0,0,0,0,0,0
Africa,"        Gambia, The",0,0,0,0,0,0,0,0,0,0,0,0,0,0,0,0,0,0,0,0,0,0,0,0,0,0,0,0,0,0,0,0,0,0,0,0,0,0,0,0,0,0,0
Africa,        Ghana,0,0,0,0,0,0,0,0,0,0,0,0,0,0,0,0,0,0,0,0,0,0,0,0,0,0,0,0,0,0,0,0,1.80E-05,0.000672609,0.000946447,0.001116788,0.001216133,0.001162321,0.001216746,0.001668999,0.001045004,0.002295979,0.011359036
Africa,        Guinea,0,0,0,0,0,0,0,0,0,0,0,0,0,0,0,0,0,0,0,0,0,0,0,0,0,0,0,0,0,0,0,0,0,0,0,0,0,0,0,0,0,0,0
Africa,        Guinea-Bissau,0,0,0,0,0,0,0,0,0,0,0,0,0,0,0,0,0,0,0,0,0,0,0,0,0,0,0,0,0,0,0,0,0,0,0,0,0,0,0,0,0,0,0
Africa,        Kenya,0.000323889,0.001842117,0.00093118,0.000647777,0.001659929,0.001821874,0.001720658,0.001882603,0.002307706,0.002672081,0.003076942,0.002672086,0.0031984,0.002651838,0.002489894,0.003157914,0.002914998,0.002975727,0.002429164,0.002348193,0.002166005,0.002166005,0.003238886,0.003036456,0.003542532,0.002935241,0.00392715,0.003603261,0.003583018,0.003117424,0.003030089,0.004986722,0.006943359,0.007672111,0.009901722,0.010902656,0.01115435,0.010520114,0.01569398,0.012858562,0.018647687,0.021814118,0.209166418
Africa,        Lesotho,0,0,0,0,0,0,0,0,0,0,0,0,0,0,0,0,0,0,0,0,0,0,0,0,0,0,0,0,0,0,0,0,0,0,0,0,0,0,0,0,0,0,0
Africa,        Liberia,0,0,0,0,0,0,0,0,0,0,0,0,0,0,0,0,0,0,0,0,0,0,0,0,0,0,0,0,0,0,0,0,0,0,0,0,0,0,0,0,0,0,0
Africa,        Libya,0,0,0,0,0,0,0,0,0,0,0,0,0,0,0,0,0,0,0,0,0,0,0,0,0,0,0,0,0,0,0,0,0,0,0,0,0,0,0,0,0,0,0
Africa,        Madagascar,0.000235487,0.000282584,0.000282584,0.000259036,0.000164841,9.43E-05,0.000259036,0.000282584,0.000282598,0.000306133,0.000270174,0.000260189,0.000282231,0.000233132,0.000282584,0.000196514,0.000213899,0.000322334,0.000180997,7.13E-05,8.77E-05,0.000333036,0.000227968,0.000296538,0.00039218,0.000401481,0.000322176,0.000240032,0.00031089,0.000339666,0.000817633,0.002845386,0.006194689,0.008857785,0.009108894,0.009088018,0.008483853,0.012033202,0.009843777,0.011185302,0.003451795,0.01008007,0.099704708
Africa,        Malawi,0.001615319,0.001192851,0.001515915,0.001341958,0.001292255,0.00152834,0.001466212,0.001492616,0.001540765,0.001590467,0.001590466,0.00144136,0.001491062,0.001565615,0.001590466,0.001565615,0.001665019,0.001714722,0.001665019,0.001695586,0.001716461,0.001676747,0.001637032,0.001526771,0.001416509,0.001450454,0.001541077,0.001491062,0.001399859,0.001366807,0.001570586,0.002066436,0.002042755,0.002055181,0.001876253,0.00210861,0.002014698,0.002097042,0.002179386,0.002107695,0.001789934,0.001614235,0.069307218
Africa,        Mali,0,0,0,0,0,0,0,0,0,0,0,0,0,0,0,0,0,0,0,0,0,0,0,0,0,0,0,0,0,0,0,0,0,0,0,0,0,0,0,0,0,0,0
Africa,        Mauritania,0.000121459,0.00013158,0.000141702,0.000151824,0.000161945,0.000172067,0.000146763,0.000121459,9.62E-05,0.000123357,0.000121459,0.000108807,1.00E-04,9.11E-05,7.46E-05,8.10E-05,7.22E-05,4.06E-05,2.04E-05,2.67E-07,0,0,0,0,0,0,0,0,0,0,0,0,0,0,0,0,0,0,0,0,0,0,0.002078772
Africa,        Mauritius,0,0,0,0,0.000643517,0.000875183,0.001441478,0.001287034,0.001029627,0.001698885,0.001441478,0.001544441,0.001570182,0.001595923,0.001621663,0.001621663,0.001029627,0.001184072,0.001827589,0.003500733,0.006512394,0.007696465,0.008056835,0.008134057,0.007439059,0.00936961,0.012484233,0.014749414,0.016782928,0.014778784,0.016552523,0.015889649,0.016709747,0.017586217,0.018307703,0.018606064,0.018904424,0.01956789,0.018587788,0.01709022,0.017002264,0.018960822,0.343682185
Africa,        Morocco,0.011864278,0.015155519,0.016091151,0.021258753,0.020061508,0.023727938,0.03263298,0.038971621,0.038809068,0.042117408,0.042162356,0.045909788,0.042304463,0.046999131,0.052169086,0.076306305,0.074325651,0.073874927,0.081585163,0.078952712,0.095293903,0.120968547,0.12473905,0.11596573,0.129768722,0.133516725,0.13959143,0.143202858,0.134436758,0.125612596,0.126385096,0.111819818,0.111973548,0.10958658,0.147972409,0.1628025,0.154667275,0.160794247,0.185624047,0.215030068,0.226368172,0.25255293,4.103952815
Africa,        Mozambique,0,0,0,0,0,0,0,0,0,0,0,0,0,0,0,0,0,0,0,0,0,0,0,0,0,0,0,0,0,0,0,0,0,0.000399479,0.000474382,0.000349544,0.00063667,0.000923796,0.000998698,0.001163483,0.001149252,0.001353835,0.007449139
Africa,        Namibia,--,--,--,--,--,--,--,--,--,--,0,0.000353142,0.000282513,0.000211885,0.000235428,0.000376684,0.000329599,0.00025897,0.000400227,0.000141257,0.000115856,1.98E-05,3.92E-05,0.00021509,7.76E-07,6.20E-06,0.000219903,0.000423788,0.000322098,0.000207476,6.64E-05,0.000200817,0.000207476,9.36E-05,7.06E-05,8.09E-05,0.000120526,0.000590172,0.000517941,0.00071083,0.000901258,0.000961587,0.008681998
Africa,        Niger,0.000404863,0.000607294,0.000910942,0.002631609,0.003036472,0.003056715,0.00251015,0.003319876,0.003137688,0.003461578,0.00299333,0.003003351,0.002690918,0.002933856,0.002844766,0.003276471,0.003070659,0.003181814,0.003646313,0.002869523,0.002894767,0.002955496,0.003319872,0.003439307,0.003870141,0.003554227,0.003290317,0.002958127,0.003386674,0.00359113,0.004419074,0.004979808,0.005200458,0.004625553,0.005654659,0.0049281,0.005384129,0.005293258,0.005088797,0.005134233,0.005338366,0.005092091,0.147986772
Africa,        Nigeria,0.003045561,0.00298592,0.002926279,0.002866637,0.002806996,0.002747355,0.002687714,0.003015753,0.002110736,0.002162218,0.002316662,0.001979925,0.001820361,0.000720739,0.000643517,0.000567606,0.000437592,0.000361025,0.000308888,0.000202887,8.18E-05,0.000597394,0.000588748,0.000592087,0.000819217,0.000965716,0.000815737,0.000707732,0.000761538,0.000993771,0.001047543,0.001025803,0.000956655,0.001135985,0.001170305,0.001565501,0.002277723,0.002453957,0.00248049,0.002727332,0.002534306,0.002720502,0.065734171
Africa,        Reunion,0,0,0,0,0,0,0,0,0,0,0,0,0,0,0,0,0,0,0,0,0,0,0,0,0,0,0,0,0,0,0,0,0,0,0,0,0,0,0,0,0,0,0
Africa,        Rwanda,0,0,0,0,0,0,0,0,0,0,0,0,0,0,0,0,0,0,0,0,0,0,0,0,0,0,0,0,0,0,0,0,0,0,0,0,0,0,0,0,0,0,0
Africa,        Saint Helena,0,0,0,0,0,0,0,0,0,0,0,0,0,0,0,0,0,0,0,0,0,0,0,0,0,0,0,0,0,0,0,0,0,0,0,0,0,0,0,0,0,0,0
Africa,        Sao Tome and Principe,0,0,0,0,0,0,0,0,0,0,0,0,0,0,0,0,0,0,0,0,0,0,0,0,0,0,0,0,0,0,0,0,0,0,0,0,0,0,0,0,0,0,0
Africa,        Senegal,0,0,0,0,0,0,0,0,0,0,0,0,0,0,0,0,0,0,0,0,0,0,0.002707416,0.00282513,0.002989929,0.003578498,0.00393164,0.007086368,0.005979859,0.00743951,0.00675677,0.007486595,0.00821642,0.008169335,0.01104155,0.011535948,0.012100974,0.014431707,0.016527012,0.020953049,0.021058397,0.022296684,0.197112791
Africa,        Seychelles,0,0,0,0,0,0,0,0,0,0,0,0,0,0,0,0,0,0,0,0,0,0,0,0,0,0,0,0,0,0,0,0,0,0,0,0,0,0,0,0,0,0,0
Africa,        Sierra Leone,0,0,0,0,0,0,0,0,0,0,0,0,0,0,0,0,0,0,0,0,0,0,0,0,0,0,0,0,0,0,0,0,0,0,0,0,0,0,0,0,0,0,0
Africa,        Somalia,0,0,0,0,0,0,0,0,0,0,0,0,0,0,0,0,0,0,0,0,0,0,0,0,0,0,0,0,0,0,0,0,0,0,0,0,0,0,0,0,0,0,0
Africa,        South Africa,1.965977113,2.146421813,2.297848077,2.418590194,2.579506626,2.649817157,2.652797902,2.814240348,2.838524659,2.837889059,2.940746702,2.878852394,2.842535515,2.929875747,2.970597993,3.163667027,3.291225409,3.423035736,3.487735451,3.329777847,3.447035122,3.412186698,3.522342785,3.737964667,3.759171398,3.841374755,3.923490334,4.041270937,4.041520274,4.028758809,4.101368689,3.872560619,4.028585951,4.010870805,3.992336438,3.920492916,3.943770057,3.945815684,3.722969753,4.11918667,4.091200006,3.845167904,141.809104
Africa,        South Sudan,--,--,--,--,--,--,--,--,--,--,--,--,--,--,--,--,--,--,--,--,--,--,--,--,--,--,--,--,--,--,--,--,0,0,0,0,0,0,0,0,0,0,0
Africa,        Sudan,0,0,0,0,0,0,0,0,0,0,0,0,0,0,0,0,0,0,0,0,0,0,0,0,0,0,0,0,0,0,0,0,0,0,0,0,0,0,0,0,0,0,0
Africa,        Tanzania,0,0,0,0,0,0,0,0,0,7.08E-05,0.000176967,0.000283148,0.000566295,0.00113259,0.001184072,0.001134325,0.001522334,0.000908145,0.001412449,0.001866267,0.001804178,0.00194478,0.002103574,0.001614686,0.001865058,0.001586819,0.001300007,0.001472523,0.002043891,0.00208905,0.002271384,0.00244207,0.002702117,0.002169417,0.006589641,0.00716568,0.006725244,0.011850462,0.01208118,0.014145389,0.014844224,0.014437645,0.125506398
Africa,        Togo,0,0,0,0,0,0,0,0,0,0,0,0,0,0,0,0,0,0,0,0,0,0,0,0,0,0,0,0.002185144,0.001995813,0.002710018,0.003424223,0.003076172,0.002540852,0.002291105,0.003330287,0.003238988,0.003439596,0.003451674,0.006628558,0.007248827,0.005990404,0.00459775,0.056149411
Africa,        Tunisia,0.000534105,0.000661273,0.00035607,0.00071214,0.000610406,0.000534105,0.000305203,0.000406937,0.000737574,0.000763008,0.000381504,0.000304609,0.000381504,0.00035607,0.000238357,4.20E-05,9.78E-05,3.87E-05,4.13E-05,1.04E-05,3.09E-06,7.60E-05,1.75E-06,3.04E-05,6.57E-05,1.36E-05,7.43E-05,1.36E-05,2.97E-05,2.49E-05,5.33E-05,0.000122122,7.14E-05,8.94E-05,7.89E-05,1.81E-05,4.85E-05,0.00010366,7.26E-05,8.04E-05,6.92E-05,6.77E-05,0.00872133
Africa,        Uganda,0,0,0,0,0,0,0,0,0,0,0,0,0,0,0,0,0,0,0,0,0,0,0,0,0,0,0,0,0,0,0,0,0,0,0,0,0,0,0,0,0,0,0
Africa,        Western Sahara,0,0,0,0,0,0,0,0,0,0,0,0,0,0,0,0,0,0,0,0,0,0,0,0,0,0,0,0,0,0,0,0,0,0,0,0,0,0,0,0,0,0,0
Africa,        Zambia,0.015136894,0.012094153,0.013189697,0.011776886,0.011356319,0.011589222,0.012851652,0.010866791,0.012375208,0.011553135,0.009122413,0.009218142,0.009553382,0.009648892,0.009208731,0.003618751,0.004584171,0.005296002,0.005014148,0.003043211,0.003162573,0.003294981,0.003348469,0.003566205,0.002630057,0.003471532,0.001452909,0.001950155,0.002863006,0.003908339,0.00315469,0.001749783,0.002530573,0.003650664,0.003883359,0.004156764,0.009056687,0.020752247,0.031010035,0.026096276,0.028972483,0.027005579,0.382765166
Africa,        Zimbabwe,0.066210091,0.061040495,0.063271731,0.062072354,0.063651512,0.07465095,0.08816084,0.119397203,0.114837327,0.117492829,0.121120107,0.122752692,0.11722258,0.119190661,0.114337412,0.109668594,0.105163612,0.096105856,0.098533527,0.113793797,0.109078108,0.10335114,0.099141383,0.089112084,0.081416512,0.088757424,0.082722641,0.082919514,0.060813684,0.062922957,0.075363958,0.075111254,0.0816429,0.080907967,0.081855258,0.085638157,0.074912368,0.060448174,0.065284335,0.061204142,0.052825279,0.050509487,3.654612896
Asia & Oceania,        Afghanistan,0.002479248,0.002604252,0.003020933,0.003020933,0.003083435,0.003145937,0.003333443,0.003479281,0.002875095,0.00264592,0.002187572,0.001958398,0.000166672,0.000145838,0.000125004,0.00010417,6.25E-05,4.17E-05,4.17E-05,2.08E-05,2.08E-05,0.000541685,0.000437514,0.000729191,0.000708357,0.000687523,0.000729191,0.002121249,0.003513308,0.006179198,0.010345138,0.013110956,0.015876774,0.017724885,0.014260951,0.013874091,0.019768281,0.021566236,0.023364191,0.025162146,0.020746989,0.017505365,0.263516856
Asia & Oceania,        American Samoa,0,0,0,0,0,0,0,0,0,0,0,0,0,0,0,0,0,0,0,0,0,0,0,0,0,0,0,0,0,0,0,0,0,0,0,0,0,0,0,0,0,0,0
Asia & Oceania,        Australia,1.287101904,1.317761034,1.394638904,1.325104889,1.267020237,1.362507004,1.354289254,1.488758228,1.500840605,1.639532935,1.582635579,1.616347197,1.659309509,1.655321767,1.640940622,1.668966589,1.797968697,1.86779824,1.993407343,2.024041093,2.024106203,2.006631316,2.025773228,1.963018709,2.052417275,2.093732562,2.125653474,2.145591343,2.128959673,2.168145245,2.070844363,1.984633967,1.94492783,1.818969993,1.726155494,1.777427343,1.851000109,1.834907654,1.750054627,1.69693128,1.602947598,1.670752446,73.90787336
Asia & Oceania,        Bangladesh,0.00048534,0.000508058,0.000619583,0.00033664,0.001280471,0.001085397,0.001240119,0.001373042,0.001505964,0.001622162,0.001772367,0.001579482,0.003462302,0.004171345,0.004889836,0.005326617,0.0062974,0.00919616,0.013847912,0.019003449,0.021310819,0.020692596,0.021985871,0.024761856,0.026478649,0.03201696,0.038617011,0.041842886,0.045271859,0.046305924,0.047438951,0.048528291,0.049021997,0.054883391,0.07062486,0.084577166,0.085734503,0.101429138,0.110142178,0.124351279,0.144656846,0.166928096,1.487204773
Asia & Oceania,        Bhutan,1.72E-05,1.81E-05,1.91E-05,2.00E-05,1.94E-05,2.07E-05,2.66E-05,0.000314929,0.000331761,0.000354708,0.000377654,0.000400601,0.000421102,0.000442825,0.000753238,0.000791643,0.000799727,0.000807811,0.000825528,0.001016088,0.001206648,0.001237796,0.001340008,0.001251321,0.001488986,0.001691468,0.001718812,0.001717863,0.001716914,0.001634482,0.001743089,0.001637158,0.001531226,0.001558439,0.001651907,0.001728535,0.002172304,0.003089036,0.003347667,0.00337493,0.003243704,0.003777277,0.051638227
Asia & Oceania,        Brunei,0,0,0,0,0,0,0,0,0,0,0,0,0,0,0,0,0,0,0,0,0,0,0,0,0,0,0,0,0,0,0,0,0,0,0,0,0,0,0,0,0,0,0
Asia & Oceania,        Burma,0.000961977,0.001417651,0.001696118,0.001797379,0.002202422,0.002177107,0.002480889,0.001873324,0.001645488,0.001645488,0.001746748,0.00189864,0.001848009,0.001909092,0.001726824,0.001866955,0.001726686,0.001589353,0.00380345,0.003680874,0.004541913,0.005337954,0.00557786,0.006479169,0.007417144,0.008559477,0.008586045,0.00864648,0.008144724,0.010217313,0.008552913,0.007763804,0.006501103,0.008675612,0.010018795,0.013482887,0.017106177,0.0257656,0.033553133,0.051417186,0.052725469,0.054508562,0.403273794
Asia & Oceania,        Cambodia,0,0,0,0,0,0,0,0,0,0,0,0,0,0,0,0,0,0,0,0,5.55E-06,1.31E-06,5.46E-07,6.86E-07,1.27E-08,4.38E-06,8.75E-06,0.000493187,0.002858218,0.003187095,0.003143608,0.003841011,0.003992337,0.004300751,0.00503894,0.010099212,0.024503982,0.02835319,0.04214288,0.049766198,0.046780227,0.0527928,0.281314869
Asia & Oceania,        China,13.80965413,13.83613027,14.84701884,15.92450301,17.59864566,18.59261456,19.13602492,20.20516134,21.59574443,21.46315616,21.62077165,21.75358031,22.49445062,23.99271374,25.78593998,27.96606569,28.8629585,27.29108493,27.22173052,28.00240973,29.86845966,31.01952802,33.13570094,39.31666408,47.60136554,54.55823684,60.64262963,65.11894596,67.37979921,72.93112723,81.11927046,89.3774795,94.49985304,96.11871426,94.45741832,91.4262955,89.12074924,89.37461199,90.37143087,91.3648283,91.90803555,96.1977516,2028.909255
Asia & Oceania,        Cook Islands,0,0,0,0,0,0,0,0,0,0,0,0,0,0,0,0,0,0,0,0,0,0,0,0,0,0,0,0,0,0,0,0,0,0,0,0,0,0,0,0,0,0,0
Asia & Oceania,        Fiji,0.000387156,0.000331848,0.000424028,0.000331848,0.000405592,0.000294976,0.00027654,0.000196651,0.000132125,0.000241204,0.000350284,0.000331848,0.000396988,0.000445844,0.000435781,0.000425718,0.000415655,0.000405592,0.00036872,0.000331848,0.000313412,0.00027654,0.000300532,0.000304175,3.93E-07,6.53E-08,1.10E-07,2.03E-09,1.24E-07,1.91E-07,9.24E-08,1.09E-07,5.60E-08,3.55E-08,5.12E-08,4.75E-08,1.19E-08,6.87E-08,3.68E-08,2.00E-08,7.48E-09,6.13E-08,0.008126388
Asia & Oceania,        French Polynesia,0,0,0,0,0,0,0,0,0,0,0,0,0,0,0,0,0,0,0,0,0,0,0,0,0,0,0,0,0,0,0,0,0,0,0,0,0,0,0,0,0,0,0
Asia & Oceania,        Guam,0,0,0,0,0,0,0,0,0,0,0,0,0,0,0,0,0,0,0,0,0,0,0,0,0,0,0,0,0,0,0,0,0,0,0,0,0,0,0,0,0,0,0
Asia & Oceania,        Hawaiian Trade Zone,0,0,0,0,0,0,0,--,--,--,--,--,--,--,--,--,--,--,--,--,--,--,--,--,--,--,--,--,--,--,--,--,--,--,--,--,--,--,--,--,--,--,0
Asia & Oceania,        Hong Kong,7.72E-05,0.001467219,0.026152538,0.077273542,0.108110885,0.132873426,0.161394107,0.201034765,0.223146015,0.237972651,0.254395209,0.273288873,0.29339235,0.319519147,0.246724484,0.25032818,0.207469937,0.156683561,0.185924982,0.156760783,0.177070185,0.206774938,0.224407309,0.274807574,0.275193684,0.278617195,0.293521053,0.315606563,0.292028093,0.317408411,0.265746852,0.322505067,0.317923224,0.333908191,0.354890825,0.287896198,0.28729626,0.270343778,0.263332787,0.252124057,0.134241054,0.149122492,9.408755666
Asia & Oceania,        India,1.82443483,2.049102018,2.182958792,2.294281546,2.532738622,2.639568725,2.873698918,3.078221107,3.286405825,3.490743809,3.715615933,3.964401881,4.172780931,4.348137434,4.552159298,4.78775699,5.029116531,5.24103176,5.256770537,5.547791544,5.726695032,5.897119886,6.147441255,6.327586305,7.021958178,7.4558047,7.992034118,8.757278787,9.605262988,10.73994484,11.43028388,11.92344565,12.93792118,13.52130962,14.94037279,15.04899648,14.83889943,15.38649476,16.3604676,16.36276258,15.48535771,16.43188053,323.2070353
Asia & Oceania,        Indonesia,0.005072386,0.004400231,0.004394583,0.006305358,0.027222569,0.05307068,0.082523481,0.103581106,0.132617239,0.159026895,0.175527225,0.193516872,0.199692834,0.19964194,0.223927464,0.241156419,0.260969395,0.308791468,0.344722207,0.444541016,0.484839429,0.536254399,0.560392904,0.621717125,0.686959651,0.779887768,0.816686675,0.972399686,1.017427439,1.077143729,1.283268764,1.314702978,1.327795899,1.416717518,1.591148681,1.805285276,1.870290107,1.990308196,2.300320173,2.77272123,2.63918193,3.061979278,34.0981302
Asia & Oceania,        Japan,2.396834308,2.629207787,2.609738087,2.551815506,2.862515844,2.999394524,2.874225601,2.860786885,3.099577526,3.083971058,3.252765257,3.294429466,3.246114402,3.325240119,3.434666712,3.57041873,3.626118832,3.702506159,3.563564494,3.714714296,3.941797833,4.065557375,4.217717045,4.376124074,4.459635955,4.602451579,4.533835644,4.705974188,4.559431523,4.346777712,4.68644039,4.562868723,4.813197679,5.078411237,4.939795567,4.861628183,4.841466594,4.879610856,4.757568706,4.713906721,4.633662988,4.612050647,163.8885168
Asia & Oceania,        Kiribati,0,0,0,0,0,0,0,0,0,0,0,0,0,0,0,0,0,0,0,0,0,0,0,0,0,0,0,0,0,0,0,0,0,0,0,0,0,0,0,0,0,0,0
Asia & Oceania,        Laos,0,0,0,0,0,0,0,0,0,0,7.24E-05,0.000120664,0.000217196,0.00033786,0.000458525,0.000555057,0.00064837,0.000578526,0.000508681,0.000438837,0.000368992,0.000479038,0.000758255,0.000924531,0.001121456,0.001218711,0.001496239,0.002293315,0.002946166,0.003880229,0.006706258,0.008860255,0.010015024,0.017694187,0.018776076,0.10098045,0.269082029,0.269554919,0.271928022,0.310550526,0.302827557,0.293872751,1.900271101
Asia & Oceania,        Macau,0,0,0,0,0,0,0,0,0,0,4.61E-05,7.90E-07,1.12E-06,1.16E-06,1.43E-07,3.80E-05,3.03E-05,2.92E-05,2.47E-05,2.03E-05,2.34E-05,2.26E-05,2.10E-05,3.01E-05,3.44E-05,2.68E-05,2.64E-05,2.93E-05,0,0,0,0,0,0,0,0,0,0,0,0,0,0,0.000405753
Asia & Oceania,        Malaysia,0.001829048,0.003420164,0.003222417,0.0080674,0.008872681,0.00909878,0.009254038,0.011300764,0.009000275,0.041349044,0.04583077,0.05394586,0.05664592,0.047344524,0.052595227,0.057611184,0.057933019,0.056011886,0.054187443,0.052622674,0.074276317,0.106589328,0.134817939,0.140716351,0.210407511,0.237785433,0.244317784,0.305342322,0.33790412,0.361085819,0.510057691,0.510216114,0.548390051,0.520404503,0.525738737,0.594489256,0.633948634,0.697407337,0.751916507,0.721451316,0.74126962,0.71054415,10.25921996
Asia & Oceania,        Maldives,0,0,0,0,0,0,0,0,0,0,0,0,0,0,0,0,0,0,0,0,0,0,0,0,0,0,0,0,0,0,0,0,0,0,0,0,0,0,0,0,0,0,0
Asia & Oceania,        Micronesia,0,0,0,0,0,0,0,0,0,0,0,0,0,0,0,0,0,0,0,0,0,0,0,0,0,0,0,0,0,0,0,0,0,0,0,0,0,0,0,0,0,0,0
Asia & Oceania,        Mongolia,0.122343488,0.098903101,0.124951786,0.127741621,0.124764553,0.151247112,0.166630351,0.175486461,0.185275035,0.176138739,0.16231026,0.171952262,0.15306751,0.139709053,0.127497683,0.122531725,0.125947581,0.121403153,0.122988636,0.123742772,0.128381392,0.127680934,0.136139272,0.12629092,0.121314262,0.127280375,0.135056158,0.136812014,0.132426205,0.138049359,0.131094869,0.128953564,0.135486646,0.141472751,0.138949198,0.13829363,0.153632665,0.159691611,0.174751346,0.182806973,0.147913693,0.172416643,5.939527362
Asia & Oceania,        Nauru,0,0,0,0,0,0,0,0,0,0,0,0,0,0,0,0,0,0,0,0,0,0,0,0,0,0,0,0,0,0,0,0,0,0,0,0,0,0,0,0,0,0,0
Asia & Oceania,        Nepal,0.00135434,0.001011675,0.001158531,0.001388977,0.001305048,0.001394963,0.001319102,0.001370657,0.001240118,0.001257086,0.001321705,0.001699819,0.001748511,0.001935212,0.001942556,0.002105922,0.001747133,0.001809114,0.001879357,0.002452286,0.002892594,0.003233437,0.003723477,0.00475121,0.0041959,0.004126765,0.004098163,0.004424528,0.004674753,0.004573029,0.00449938,0.005396927,0.006071789,0.005436515,0.004759117,0.00533561,0.005564538,0.006504885,0.007224361,0.010825052,0.012838145,0.008436954,0.155029241
Asia & Oceania,        New Caledonia,0.003076914,0.002102558,0.001666662,0.002487172,0.002641018,0.004538448,0.004487166,0.003974347,0.004358961,0.005307676,0.004205115,0.004512807,0.004358961,0.004051265,0.005153824,0.004769211,0.004307679,0.002897427,0.003076914,0.002846145,0.006512801,0.006640997,0.007076893,0.007388071,0.007195764,0.006666638,0.007256379,0.006256384,0.006238435,0.006689715,0.01421276,0.01425635,0.014299939,0.014115141,0.017917736,0.022419303,0.027717434,0.026918762,0.03225084,0.030753819,0.029588351,0.024125841,0.411318623
Asia & Oceania,        New Zealand,0.039354053,0.032833636,0.033943549,0.037389437,0.032169444,0.030253098,0.029605403,0.030377652,0.034974346,0.040469369,0.045966194,0.043230117,0.048380072,0.049073845,0.0442577,0.044984237,0.043411671,0.04591405,0.04190634,0.043648091,0.041440098,0.050608264,0.051340328,0.073731082,0.076996477,0.085856114,0.084653684,0.064362945,0.081156131,0.062406858,0.053740648,0.055632431,0.066993748,0.059697866,0.057601217,0.056057398,0.05001812,0.048808033,0.048247343,0.052287024,0.05022767,0.061599626,2.125605409
Asia & Oceania,        Niue,0,0,0,0,0,0,0,0,0,0,0,0,0,0,0,0,0,0,0,0,0,0,0,0,0,0,0,0,0,0,0,0,0,0,0,0,0,0,0,0,0,0,0
Asia & Oceania,        North Korea,0.801533128,0.832900495,0.875680942,0.912570127,0.936377072,0.738938238,0.730803719,0.706324477,0.878658652,0.677826176,0.668409063,0.661326781,0.52027662,0.617676091,0.597518087,0.765751807,0.775866778,0.778345015,0.681934204,0.834726999,0.831393019,0.795095177,0.774017975,0.760047615,0.794484106,0.779857865,0.745977647,0.659203159,0.714619954,0.595425317,0.55296037,0.372753723,0.350328319,0.2345088,0.221069755,0.202420026,0.227903981,0.169036214,0.174195166,0.193634556,0.18672733,0.191527814,25.52063236
Asia & Oceania,        Northern Mariana Islands,0,0,0,0,0,0,0,0,0,0,0,0,0,0,0,0,0,0,0,0,0,0,0,0,0,0,0,0,0,0,0,0,0,0,0,0,0,0,0,0,0,0,0
Asia & Oceania,        Pakistan,0.033308247,0.037668732,0.046494466,0.043125372,0.047547019,0.06013118,0.062716488,0.065453821,0.073154665,0.071719538,0.078057653,0.081818606,0.082999446,0.088824024,0.090931435,0.084307636,0.089896901,0.091124033,0.085605453,0.089285413,0.083490681,0.085210456,0.101222898,0.110368631,0.135880962,0.147616766,0.163708569,0.21052403,0.182615142,0.1673266,0.157482018,0.159376297,0.143302797,0.138340153,0.188918382,0.202985391,0.254804355,0.412292166,0.467574051,0.538793574,0.541499454,0.579918238,6.577421739
Asia & Oceania,        Papua New Guinea,0,0,0,0,0,0,0,0,0,0,0,0,0,0,0,0,0,0,0,0,0,0,0,0,0,0,0,0,0,0,0,0,0,0,0,0,0,0,0,0,0,0,0
Asia & Oceania,        Philippines,0.006177954,0.005936112,0.007299219,0.023238779,0.026734489,0.027745827,0.027174201,0.026558604,0.036037154,0.047197703,0.049493924,0.062688898,0.056703359,0.062951123,0.064005391,0.068988186,0.093112739,0.115278324,0.124851625,0.14242626,0.194554739,0.182068461,0.177865912,0.18122768,0.214647505,0.222519944,0.223285118,0.226757223,0.267108658,0.254679037,0.293756568,0.324907673,0.364497437,0.405057057,0.380705985,0.471690863,0.447685021,0.651582886,0.683244896,0.733597275,0.721199024,0.562302798,9.259541631
Asia & Oceania,        Samoa,0,0,0,0,0,0,0,0,0,0,0,0,0,0,0,0,0,0,0,0,0,0,0,0,0,0,0,0,0,0,0,0,0,0,0,0,0,0,0,0,0,0,0
Asia & Oceania,        Singapore,0,0,0,0,0,0,0,0,1.87E-05,3.92E-05,3.11E-05,2.40E-05,1.03E-05,2.19E-06,5.85E-06,2.14E-05,2.06E-05,3.21E-05,2.30E-05,1.14E-05,2.05E-06,9.02E-06,8.43E-06,3.20E-06,1.03E-05,3.54E-05,1.00E-05,4.80E-06,2.00E-05,3.51E-06,9.41E-06,0.000129375,0.000860087,0.009404069,0.014119034,0.014489785,0.015227339,0.017036437,0.016993311,0.016169119,0.015400503,0.016433367,0.136618273
Asia & Oceania,        Solomon Islands,0,0,0,0,0,0,0,0,0,0,0,0,0,0,0,0,0,0,0,0,0,0,0,0,0,0,0,0,0,0,0,0,0,0,0,0,0,0,0,0,0,0,0
Asia & Oceania,        South Korea,0.641698744,0.738987843,0.779074589,0.804239451,0.913141162,1.022571712,1.100811011,1.198857927,1.267082469,1.209904302,1.181529309,1.155197233,1.072231001,1.115657794,1.126527263,1.16162861,1.303894478,1.391355434,1.437636442,1.515584879,1.821615938,1.973829433,1.887330518,1.997114497,2.023143804,2.074222422,2.150077971,2.327552114,2.593739807,2.706864815,3.02576992,3.284601188,3.239308725,3.220351934,3.320141254,3.41635565,3.431014358,3.496187688,3.519230659,3.386180407,3.200547376,3.235020056,83.46781219
Asia & Oceania,        Sri Lanka,0,0,0,0,0,0,0,0,0,0,1.31E-05,1.51E-05,1.41E-05,1.48E-05,1.54E-05,1.58E-05,1.62E-05,1.67E-05,1.71E-05,6.84E-06,2.26E-05,1.28E-05,2.76E-06,2.32E-06,1.53E-05,3.50E-06,1.14E-06,0.001145141,0.001247682,0.001001078,0.004543923,0.012693686,0.020591885,0.021744703,0.042567259,0.050825683,0.054109895,0.056453696,0.054365277,0.059237971,0.060598167,0.066191178,0.507522821
Asia & Oceania,        Taiwan,0.138282638,0.128631569,0.15195096,0.207034126,0.242779246,0.256326715,0.313326355,0.342680961,0.391053783,0.403602718,0.3967944,0.432349709,0.502624067,0.541863636,0.577507851,0.595488601,0.681786521,0.773779067,0.84653984,0.888669278,1.04854122,1.107985863,1.179394888,1.279186477,1.321564552,1.375293561,1.430852129,1.492599226,1.434174953,1.382386425,1.455651518,1.536729669,1.523445317,1.537224587,1.545584302,1.50581492,1.528713489,1.395784381,1.559897545,1.498508995,1.471726187,1.519853246,39.94398549
Asia & Oceania,        Thailand,0.016730813,0.018986579,0.025188742,0.023628282,0.028133562,0.043787173,0.057731773,0.083416126,0.083614886,0.099891381,0.138128735,0.163881996,0.174050702,0.185601832,0.213114407,0.248116882,0.310057263,0.318357404,0.250760292,0.267976736,0.282482731,0.317201559,0.332729635,0.353061965,0.388057741,0.416720345,0.454620386,0.520508209,0.559649698,0.553286252,0.582287661,0.587906598,0.608925681,0.618730505,0.643760762,0.637119528,0.588635139,0.62102719,0.594277639,0.61182801,0.638495072,0.605714896,14.26818277
Asia & Oceania,        Timor-Leste,--,--,--,--,--,--,--,--,--,--,--,--,--,--,--,--,--,--,--,--,--,--,--,0,0,0,0,0,0,0,0,0,0,0,0,0,0,0,0,0,0,0,0
Asia & Oceania,        Tonga,0,0,0,0,0,0,0,0,0,0,0,0,0,0,0,0,0,0,0,0,0,0,0,0,0,0,0,0,0,0,0,0,0,0,0,0,0,0,0,0,0,0,0
Asia & Oceania,        Tuvalu,0,0,0,0,0,0,0,0,0,0,0,0,0,0,0,0,0,0,0,0,0,0,0,0,0,0,0,0,0,0,0,0,0,0,0,0,0,0,0,0,0,0,0
Asia & Oceania,        U.S. Pacific Islands,0,0,0,0,0,0,0,0,0,0,0,0,0,0,0,0,0,0,0,0,0,0,0,0,0,0,0,0,0,0,0,0,0,0,0,0,0,0,0,0,0,0,0
Asia & Oceania,        Vanuatu,0,0,0,0,0,0,0,0,0,0,0,0,0,0,0,0,0,0,0,0,0,0,0,0,0,0,0,0,0,0,0,0,0,0,0,0,0,0,0,0,0,0,0
Asia & Oceania,        Vietnam,0.058800072,0.067846237,0.071012395,0.071238549,0.056538531,0.063255309,0.069225778,0.071600396,0.068513392,0.058076379,0.052320757,0.058845303,0.059162268,0.063040928,0.069622421,0.094423175,0.111101379,0.128824561,0.131984058,0.108882383,0.13127161,0.152045445,0.186989542,0.21937185,0.397263464,0.389397924,0.41995968,0.450356292,0.488341851,0.521112842,0.616640811,0.724933907,0.741943945,0.68785439,0.893177953,1.138644101,1.318702255,1.296230523,1.559765389,2.032763805,2.097065662,2.27442291,20.27257042
Asia & Oceania,        Wake Island,0,0,0,0,0,0,0,0,0,0,0,0,0,0,0,0,0,0,0,0,0,0,0,0,0,0,0,0,0,0,0,0,0,0,0,0,0,0,0,0,0,0,0
Middle East,        Bahrain,0,0,0,0,0,0,0,0,0,0,0,0,0,0,0,0,0,0,0,0,0,0,0,0,0,0,0,0,0,0,0,0,0,0,0,0,0,0,0,0,0,0,0
Middle East,        Iran,0.049958695,0.041720134,0.056283351,0.053104368,0.041069692,0.040411672,0.03978632,0.03912402,0.040399803,0.029623612,0.03033507,0.044280164,0.039200834,0.046087793,0.046319187,0.043308584,0.045446388,0.046498623,0.047751972,0.049031221,0.049185698,0.048876743,0.047980773,0.047871815,0.048740683,0.049609551,0.04599394,0.047368574,0.040443775,0.031787729,0.031061967,0.032872854,0.025925895,0.031418175,0.0316039,0.035316046,0.038807489,0.04353957,0.043157399,0.042745331,0.04269698,0.040368645,1.767115035
Middle East,        Iraq,0,0,0,0,0,0,0,0,0,0,0,0,0,0,0,0,0,0,0,0,0,0,0,0,0,0,0,0,0,0,0,0,0,0,0,0,0,0,0,0,0,0,0
Middle East,        Israel,0,0,0.022275342,0.041788044,0.066651806,0.072849079,0.080066788,0.085293405,0.084422302,0.090370689,0.092585779,0.10104792,0.12337304,0.140944427,0.149506122,0.16374243,0.194977687,0.215037939,0.231389782,0.227332932,0.255083777,0.2874888,0.303815754,0.315438754,0.316508966,0.315936527,0.315214756,0.332387925,0.315388977,0.306404174,0.306080621,0.313995212,0.352771729,0.291769648,0.273641401,0.267863291,0.228919784,0.20693284,0.195036992,0.146335553,0.126305367,0.145939376,8.102915737
Middle East,        Jordan,0,0,0,0,0,0,0,0,0,0,0,0,0,0,5.62E-07,3.00E-05,1.61E-05,2.06E-06,6.10E-06,4.01E-06,1.93E-06,1.40E-06,1.64E-06,2.19E-05,4.41E-05,2.99E-05,1.56E-05,3.13E-05,0.000115611,4.46E-05,0.00034032,0.003114469,0.004663557,0.004934903,0.00518687,0.004684798,0.004176032,0.003203518,0.003032923,0.002089984,0.00400465,0.003542801,0.043341618
Middle East,        Kuwait,0,0,0,0,0,0,0,0,0,0,0,0,0,0,0,0,0,0,0,0,4.48E-07,1.65E-06,2.93E-06,1.65E-06,2.66E-06,1.34E-05,2.42E-05,1.95E-05,1.23E-05,2.36E-05,3.48E-05,0.000531431,0.005643443,0.006253694,0.008644074,0.009030586,0.008278958,0.005670131,0.007916186,0.006024634,0.001409455,0.002635399,0.062175169
Middle East,        Lebanon,0,0,0,0,0,0,0,0,0,0,0,0,0,0.002756499,0.002781332,0.004594165,0.005512998,0.005637165,0.004780415,0.004414017,0.003650286,0.003482661,0.003315037,0.001663408,0.001970138,0.001941556,0.001912974,0.001988428,0.002063881,0.002944167,0.00473471,0.006315226,0.005893785,0.004247286,0.005053802,0.0039029,0.002990586,0.002830591,0.004112068,0.004550483,0.004913486,0.004355987,0.109310037
Middle East,        Oman,0,0,0,0,0,0,0,0,0,0,0,0,0,0,0,0,0,0,0,0,0,0,2.95E-06,3.26E-06,1.15E-05,3.89E-05,3.35E-07,2.67E-05,8.47E-05,0.000248482,0.000282337,0.000271461,0.000139865,0.000203018,0.000147882,0.002069076,0.00179667,0.00160818,0.001070725,0.001849959,0.003171389,0.001595392,0.014622884
Middle East,        Palestinian Territories,--,--,--,--,--,--,--,--,--,--,--,--,--,--,--,--,--,0,0,0,0,0,0,0,0,0,0,0,0,0,0,0,0,0,0,0,0,0,0,0,0,0,0
Middle East,        Qatar,0,0,0,0,0,0,0,0,0,0,0,0,0,0,0,0,0,0,0,0,0,0,0,0,0,0,0,0,0,0,0,0,0,0,0,0,0,0,0,0,0,0,0
Middle East,        Saudi Arabia,0,0,0,0,0,0,0,0,0,0,0,0.000242085,6.91E-05,0.000514464,0.00067249,0.000493587,0.000461249,0.000603519,0.000745789,0.000589764,1.43E-05,5.09E-05,0.000281768,0.000285323,0.000357639,0.000700209,0.00037856,0.000545267,0.001077881,0.000670453,0.001691687,0.00169206,0.001917229,0.002374938,0.002563192,0.002569713,0.00271598,0.002949664,0.002330074,0.002939167,0.001810695,0.001990224,0.036298963
Middle East,        Syria,0,0,0,0,0,0,0,0,0,0,0,0,0,0,0,0,1.12E-05,1.46E-06,6.12E-07,3.14E-07,1.22E-06,1.85E-06,1.62E-06,5.70E-06,2.51E-06,8.21E-07,1.32E-06,1.75E-06,3.48E-06,2.85E-05,6.79E-05,0.000103277,0.000148658,0.000101319,6.54E-05,8.20E-05,9.85E-05,0.000363102,0.000188778,0.000237131,0.000764049,0.000844342,0.003126804
Middle East,        United Arab Emirates,0,0,0,0,0,0,0,0,0,0,0,0,0,0,0,0,0,0,0,0,0,0.000854761,0.00443938,0.005248273,0.005951907,0.006641678,0.008302775,0.011116459,0.018806411,0.024511496,0.027776885,0.044616023,0.058921683,0.075257985,0.075489204,0.057071991,0.069330758,0.043616703,0.048756941,0.053409318,0.07319029,0.06921661,0.782527531
Middle East,        Yemen,0,0,0,0,0,0,0,0,0,0,0,0,0,0,0,0,0,0,0,0,0,0,0,0,6.44E-07,2.60E-06,1.53E-06,5.28E-08,0.001235553,0.002316662,0.004375917,0.00447888,0.004581842,0.004787768,0.004813508,0.004015547,0.003474993,0.003269067,0.002372698,0.000850977,0,0,0.040578241
Central & South America,        Antarctica,0,0,0,0,0,0,0,0,0,0,0,0,0,0,0,0,0,0,0,0,0,0,0,0,0,0,0,0,0,0,0,0,0,0,0,0,0,0,0,0,0,0,0
Central & South America,        Antigua and Barbuda,0,0,0,0,0,0,0,0,0,0,0,0,0,0,0,0,0,0,0,0,0,0,0,0,0,0,0,0,0,0,0,0,0,0,0,0,0,0,0,0,0,0,0
Central & South America,        Argentina,0.034095908,0.030519097,0.031685348,0.02887245,0.023295615,0.027976784,0.036422449,0.038287703,0.038939817,0.040244928,0.036106419,0.031087217,0.031145737,0.028613759,0.038725868,0.035145525,0.032419549,0.031125539,0.030704968,0.032215399,0.028727236,0.023410711,0.019955841,0.024341981,0.028750615,0.037019545,0.035626728,0.036485791,0.041855419,0.040349095,0.038869413,0.041773596,0.044419712,0.04538628,0.0433368,0.040984481,0.039407759,0.039504321,0.031761984,0.021913297,0.025146053,0.033276501,1.419933238
Central & South America,        Aruba,--,--,--,--,--,--,0,0,0,0,0,0,0,0,0,0,0,0,0,0,0,0,0,0,0,0,0,0,0,0,0,0,0,0,0,0,0,0,0,0,0,0,0
Central & South America,        Barbados,0,0,0,0,0,0,0,0,0,0,0,0,0,0,0,0,0,0,0,0,0,0,0,0,0,0,0,0,0,0,0,0,0,0,0,0,0,0,0,0,0,0,0
Central & South America,        Belize,0,0,0,0,0,0,0,0,0,0,0,0,0,0,0,0,0,0,0,0,0,0,0,0,0,0,0,0,0,0,0,0,0,0,0,0,0,0,0,0,0,0,0
Central & South America,        Bolivia,0,0,0,0,0,0,0,0,0,0,0,0,0,0,0,0,0,0,0,0,0,0,0,0,0,0,0,0,0,0,0,0,0,0,0,0,0,0,0,0,0,0,0
Central & South America,        Brazil,0.213715889,0.223313907,0.231341168,0.264599396,0.333173679,0.392656236,0.403580398,0.417481251,0.401656307,0.406743016,0.400481835,0.432194826,0.415563632,0.422110664,0.428757254,0.446992432,0.465350963,0.46563107,0.448840538,0.490918403,0.508348425,0.503774018,0.456991704,0.474455138,0.506300274,0.502032359,0.507651836,0.533705741,0.522434546,0.44828261,0.561311282,0.594257768,0.597451131,0.642566214,0.696759586,0.681610145,0.648622161,0.68733263,0.665826314,0.63078716,0.560348151,0.661188938,20.297141
Central & South America,        British Virgin Islands,0,0,0,0,0,0,0,0,0,0,0,0,0,0,0,0,0,0,0,0,0,0,0,0,0,0,0,0,0,0,0,0,0,0,0,0,0,0,0,0,0,0,0
Central & South America,        Cayman Islands,0,0,0,0,0,0,0,0,0,0,0,0,0,0,0,0,0,0,0,0,0,0,0,0,0,0,0,0,0,0,0,0,0,0,0,0,0,0,0,0,0,0,0
Central & South America,        Chile,0.03350348,0.033681763,0.022753649,0.0273638,0.035710943,0.035005644,0.036179745,0.035580554,0.048233374,0.066821577,0.072692729,0.059549735,0.051226315,0.052153299,0.062567779,0.067840428,0.094948043,0.123965313,0.116829729,0.121471827,0.093907015,0.072974649,0.073929394,0.070440018,0.094499394,0.093196631,0.116758716,0.118146181,0.148727305,0.135941208,0.172623192,0.195966827,0.224975401,0.257112212,0.235545125,0.264495215,0.267627729,0.282094498,0.287581494,0.272901067,0.240485199,0.268406479,5.186414675
Central & South America,        Colombia,0.090426034,0.09053989,0.08810483,0.090436393,0.094229499,0.104801044,0.11086452,0.118428057,0.113238709,0.123916147,0.130661642,0.119013351,0.132129327,0.137725399,0.131628572,0.132178219,0.115969311,0.122527506,0.129600174,0.111169192,0.109170172,0.109450793,0.100730237,0.108719709,0.093018261,0.098586242,0.084746969,0.101943781,0.069658685,0.088100518,0.088633322,0.109961455,0.109409232,0.134004646,0.193459101,0.186564698,0.190784662,0.170948548,0.150763662,0.187437809,0.15728963,0.122146759,5.053116707
Central & South America,        Costa Rica,0,0,0,0,0,0,0,0,0,0,0,0,0,0,1.10E-07,1.74E-07,1.42E-07,1.10E-07,1.34E-07,4.02E-08,2.24E-08,8.80E-08,8.61E-08,8.42E-08,1.42E-07,1.40E-07,5.80E-08,4.61E-08,6.86E-08,6.23E-08,1.26E-07,1.28E-07,8.80E-08,5.66E-07,2.62E-06,4.18E-06,2.91E-06,1.93E-06,3.93E-06,3.66E-06,5.07E-07,1.07E-07,2.22666E-05
Central & South America,        Cuba,0.002442816,0.002892808,0.0033428,0.002314247,0.002828523,0.003239945,0.003059948,0.002185678,0.002692286,0.003404387,0.002855882,0.001928538,0.001211122,0.000616549,0.000592396,0.000580319,0.000568243,0.000545261,0.00053377,0.000522279,0.000555705,0.000557796,0.000663939,0.000640622,0.00061356,0.000555206,0.000506276,0.000456028,0.000528786,0.000591487,0.000590788,1.68E-05,2.47E-05,7.58E-05,4.67E-05,7.41E-05,4.87E-05,5.70E-05,9.82E-05,7.61E-05,1.29E-05,4.04E-05,0.045189447
Central & South America,        Dominica,0,0,0,0,0,0,0,0,0,0,0,0,0,0,0,0,0,0,0,0,0,0,0,0,0,0,0,0,0,0,0,0,0,0,0,0,0,0,0,0,0,0,0
Central & South America,        Dominican Republic,0,0,0,0.000163422,0.000303498,0.000522951,0.000653689,0.000541628,0.000226457,0.00023346,0.000396883,0.000452913,0.000429567,0.00050194,0.001424108,0.001867683,0.002427987,0.002474679,0.003501905,0.001167302,0.002171181,0.004739245,0.005439626,0.008941531,0.01006214,0.011112712,0.016435607,0.016995912,0.018443366,0.018046483,0.017439487,0.01853675,0.020451125,0.02012428,0.023981518,0.027748359,0.029606096,0.030392099,0.029894297,0.050455613,0.050599713,0.054164824,0.503072036
Central & South America,        Ecuador,0,0,0,0,0,0,0,0,0,0,0,0,0,0,0,0,0,0,0,2.43E-05,2.82E-05,3.21E-05,2.83E-05,4.25E-05,5.05E-05,8.36E-05,0.000261208,6.82E-05,0.000139712,0.000189191,0.000408081,0.000375226,0.0004912,0.000587661,0.000542266,0.000659374,0.000374235,0.000409675,0.000452803,0.000432406,0.000293487,0.000549623,0.006523761
Central & South America,        El Salvador,0,0,0,0,0,0,0,0,0,0,0,0,0,0,0,0,0,0,0,0,0,0,0,0,0,0,0,0,0,0,0,0,0,0,0,0,0,0,0,0,0,0,0
Central & South America,        Falkland Islands,0,0,0,0,0,0,0,0,0,0,0,0,0,0,0,0,0,0,0,0,0,0,0,0,0,0,0,0,0,0,0,0,0,0,0,0,0,0,0,0,0,0,0
Central & South America,        French Guiana,0,0,0,0,0,0,0,0,0,0,0,0,0,0,0,0,0,0,0,0,0,0,0,0,0,0,0,0,0,0,0,0,0,0,0,0,0,0,0,0,0,0,0
Central & South America,        Grenada,0,0,0,0,0,0,0,0,0,0,0,0,0,0,0,0,0,0,0,0,0,0,0,0,0,0,0,0,0,0,0,0,0,0,0,0,0,0,0,0,0,0,0
Central & South America,        Guadeloupe,0,0,0,0,0,0,0,0,0,0,0,0,0,0,0,0,0,0,0,0,0,0,0,0,0,0,0,0,0,0,0,0,0,0,0,0,0,0,0,0,0,0,0
Central & South America,        Guatemala,0,0,0,0,0,0,0,0,0,0,0,0,0,0,0,0,0,0,0.001767333,0.003793008,0.005536914,0.006753563,0.009862808,0.009268086,0.010694261,0.010309033,0.010838116,0.0113444,0.011420737,0.007651142,0.01255674,0.012602754,0.016596552,0.024874283,0.026550482,0.039112183,0.04772478,0.057359639,0.056695044,0.053983511,0.060273138,0.061263917,0.568832424
Central & South America,        Guyana,0,0,0,0,0,0,0,0,0,0,0,0,0,0,0,0,0,0,0,0,0,0,0,0,0,0,0,0,0,0,0,0,0,0,0,0,0,0,0,0,0,0,0
Central & South America,        Haiti,0.001148112,0.001323129,0.001498146,0.001764172,0.00184818,0.001876183,0.001484144,0.001302127,0.001120109,0.000742072,0.000364035,0.000952093,0.000812079,0,0,0,0,0,0,0,0,0,0,0,0,0,0,0,0,0,0,0,0,0,0,0,0,0,0,0,0,0,0.016234581
Central & South America,        Honduras,0,0,0,0,0,0,0,0,0,0,0,0,0,0,1.07E-06,9.21E-08,1.55E-06,5.26E-07,1.04E-06,5.59E-06,1.06E-06,7.59E-07,4.63E-07,4.50E-06,3.27E-09,1.43E-05,1.92E-05,2.41E-05,1.66E-05,1.36E-05,1.90E-05,0.000240909,0.000288296,0.000772557,0.000701431,0.000601272,0.000474324,0.000643953,0.000505761,0.00065614,0.000653034,0.000752233,0.006413398
Central & South America,        Jamaica,0,0,0,0,0,0,0,0,0,0.001515973,0.00140769,0.001380619,0.001786683,0.001488903,0.001434761,0.001488903,0.001732541,0.001813754,0.001922038,0.001949109,0.001691935,0.001434761,0.002382244,0.002301031,0.001786683,0.001597186,0.000866271,0.000974554,0.001299406,0.001380619,0.001245264,0.001518681,0.001989131,0.002420143,0.002569217,0.002714401,0.002030707,0.001647726,0.001772838,0.002753972,0.002272472,0.002670518,0.059240734
Central & South America,        Martinique,0,0,0,0,0,0,0,0,0,0,0,0,0,0,0,0,0,0,0,0,0,0,0,0,0,0,0,0,0,0,0,0,0,0,0,0,0,0,0,0,0,0,0
Central & South America,        Montserrat,0,0,0,0,0,0,0,0,0,0,0,0,0,0,0,0,0,0,0,0,0,0,0,0,0,0,0,0,0,0,0,0,0,0,0,0,0,0,0,0,0,0,0
Central & South America,        Netherlands Antilles,0,0,0,0,0,0,0,0,0,0,0,0,0,0,0,0,0,0,0,0,0,0,0,0,0,0,0,0,0,0,0,0,0,0,0,0,0,0,0,0,0,0,0
Central & South America,        Nicaragua,0,0,0,0,0,0,0,0,0,0,0,0,0,0,0,0,0,0,0,0,0,0,0,0,0,0,0,0,0,0,0,0,0,0,0,0,0,0,0,0,0,0,0
Central & South America,        Panama,0,0,0,0,0,0,0,0,0.000411871,0.000386134,0.000823753,0.001158402,0.00108117,0.001364348,0.001390086,0.000926724,0.000444866,0.00052836,0.000746537,0.000973193,0.001199798,0.000625841,0.000233943,0.000381292,0.000282278,0.000183264,0.000130841,6.19E-05,0.00096176,0.001258437,0.001430775,0.005843481,0.005520969,0.00604384,0.006003317,0.006103301,0.007722348,0.007622503,0.015145396,0.020413039,0.024839661,0.024970902,0.147214316
Central & South America,        Paraguay,0,0,0,0,0,0,0,0,0,0,0,0,0,0,0,0,0,0,0,0,0,0,0,0,0,4.49E-06,6.55E-07,4.18E-06,2.71E-06,3.30E-08,1.07E-06,6.65E-06,6.33E-07,1.20E-06,6.26E-06,4.77E-05,3.97E-05,7.69E-05,0.000114134,2.84E-05,6.07E-07,0,0.00033542
Central & South America,        Peru,0.002711994,0.003116214,0.003208128,0.003339258,0.003873953,0.00443282,0.004357806,0.004669067,0.005004446,0.005215779,0.004526087,0.00618522,0.005745385,0.010267644,0.008615392,0.009725401,0.00809748,0.008805703,0.010751318,0.010500753,0.013096696,0.011939298,0.015444991,0.014832923,0.017319048,0.019199536,0.02085824,0.020862409,0.021926965,0.021336116,0.022250259,0.017093054,0.018630402,0.014192305,0.014243263,0.012447044,0.013492122,0.011266058,0.009437372,0.01009006,0.007222898,0.005782469,0.456113376
Central & South America,        Puerto Rico,0,0,0,0.004401737,0.002574115,0.002574115,0.005971947,0.007542158,0.009215333,0.007670863,0.005482865,0.004942301,0.003964137,0.004118584,0.004170067,0.00424729,0.004375996,0.004453219,0.004504702,0.004118584,0.004734544,0.006072098,0.02298568,0.03026217,0.033463564,0.034235814,0.038611842,0.038651385,0.039004075,0.038733181,0.036303618,0.039059221,0.037350263,0.037210566,0.03910582,0.037602514,0.037155815,0.02613452,0.029045693,0.040447245,0.035018419,0.032815482,0.798331542
Central & South America,        Saint Kitts and Nevis,0,0,0,0,0,0,0,0,0,0,0,0,0,0,0,0,0,0,0,0,0,0,0,0,0,0,0,0,0,0,0,0,0,0,0,0,0,0,0,0,0,0,0
Central & South America,        Saint Lucia,0,0,0,0,0,0,0,0,0,0,0,0,0,0,0,0,0,0,0,0,0,0,0,0,0,0,0,0,0,0,0,0,0,0,0,0,0,0,0,0,0,0,0
Central & South America,        Saint Vincent/Grenadines,0,0,0,0,0,0,0,0,0,0,0,0,0,0,0,0,0,0,0,0,0,0,0,0,0,0,0,0,0,0,0,0,0,0,0,0,0,0,0,0,0,0,0
Central & South America,        Suriname,0,0,0,0,0,0,0,0,0,0,0,0,0,0,0,0,0,0,0,0,0,0,0,0,0,0,0,0,0,0,0,0,0,0,0,0,0,0,0,0,0,0,0
Central & South America,        The Bahamas,0,0,0,0,0,0,0,0,0,0,0,0,0,0,0,0,0,0,0,0,0,0,0,0,0,0,0,0,0,0,0,0,0,0,0,0,0,0,0,0,0,0,0
Central & South America,        Trinidad and Tobago,0,0,0,0,0,0,0,0,0,0,0,2.43E-05,3.93E-05,1.07E-05,2.95E-05,3.35E-05,1.19E-05,2.99E-05,2.00E-05,1.08E-05,2.12E-05,2.83E-05,4.19E-05,7.00E-05,5.18E-05,8.37E-05,0.000107835,0.000159585,0.000234837,8.50E-05,0.00011324,0.000234166,6.49E-05,2.85E-05,9.66E-05,0.000143218,1.88E-05,0.000126345,6.46E-05,0.000107186,1.97E-05,4.43E-06,0.002115505
Central & South America,        Turks and Caicos Islands,0,0,0,0,0,0,0,0,0,0,0,0,0,0,0,0,0,0,0,0,0,0,0,0,0,0,0,0,0,0,0,0,0,0,0,0,0,0,0,0,0,0,0
Central & South America,        U.S. Virgin Islands,0,0,0,0,0,0,0,0,0,0,0.000225334,0.000380397,0.000632788,0.000709958,0.000756259,0.000771693,0.000771693,0.000777867,0.00078404,0.000787127,0.0007933,0.000848931,0,0,0,0,0,0,0,0,0,0,0,0,0,0,0,0,0,0,0,0,0.008239387
Central & South America,        Uruguay,9.35E-05,4.67E-05,2.34E-05,0,0,0,0,0,0,0,0,0,0,0,0,0,0,0,0,0,0,8.18E-07,1.03E-06,1.24E-06,1.45E-06,1.66E-06,1.87E-06,1.04E-05,1.64E-05,2.24E-05,4.91E-07,9.21E-06,1.92E-06,2.82E-06,2.64E-06,6.57E-06,1.07E-05,4.99E-07,5.97E-07,3.74E-08,2.77E-08,3.17E-08,0.000256507
Central & South America,        Venezuela,0.001517536,0.001389011,0.001449222,0.001508008,0.001569642,0.001629141,0.001689208,0.00178109,0.00152491,0.001260444,0.001019026,0.001184177,0.001135109,0.001103931,0.001199472,0.001088497,0.001124522,0.001328596,0.001693128,0.002038093,0.00196432,0.00188338,0.001775061,0.001665019,0.001528937,0.001406998,0.003445462,0.005483925,0.00556774,0.006732345,0.00790506,0.008134489,0.008363917,0.008328597,0.007878911,0.005358025,0.004574828,0.003308469,0.001814072,0.001760572,0.001887065,0.001842888,0.120842843
North America,        Bermuda,0,0,0,0,0,0,0,0,0,0,0,0,0,0,0,0,0,0,0,0,0,0,0,0,0,0,0,0,0,0,0,0,0,0,0,0,0,0,0,0,0,0,0
North America,        Canada,0.823924804,0.854442147,0.91237147,0.912478052,1.043518157,0.998001436,0.918236106,1.015067408,1.094949634,1.082208508,1.041364527,1.004575783,1.020550932,0.969528374,0.978030918,0.984917347,1.051514818,1.117567362,1.18488398,1.175424274,1.21337938,1.281248656,1.202254051,1.119008142,1.145074893,1.199064253,1.196523457,1.158217164,1.057895125,0.887399147,0.894177611,0.814364667,0.783394891,0.740512192,0.751619357,0.714288182,0.638511665,0.698989819,0.599464895,0.474651394,0.372323915,0.402966788,39.52888568
North America,        Greenland,0,0,0,0,0,0,0,0,0,0,0,0,0,0,0,0,0,0,0,0,0,0,0,0,0,0,0,0,0,0,0,0,0,0,0,0,0,0,0,0,0,0,0
North America,        Mexico,0.088556325,0.078430665,0.093431144,0.107056502,0.106333979,0.114127198,0.127087743,0.122640476,0.115233765,0.124553144,0.155669276,0.154718457,0.150830423,0.172028384,0.203002135,0.229257946,0.244326634,0.258889746,0.274043075,0.284145546,0.281825851,0.327335655,0.367486334,0.447298779,0.383077359,0.493076403,0.527904012,0.478096774,0.422626189,0.438326157,0.539874291,0.59265149,0.527340007,0.537472337,0.516109708,0.56117679,0.499536498,0.518771153,0.43680597,0.416172748,0.296681606,0.193315285,13.00732396
North America,        Saint Pierre and Miquelon,0,0,0,0,0,0,0,0,0,0,0,0,0,0,0,0,0,0,0,0,0,0,0,0,0,0,0,0,0,0,0,0,0,0,0,0,0,0,0,0,0,0,0
North America,        U.S. Territories,0,0,0,0,0,0,0,0,0,0,0,0,0,0,0,0,0,0,0,0,0,0,0,0,0,0,0,0,0,0,0,0,0,0,0,0,0,0,0,0,0,0,0
North America,        United States,15.42280949,15.90752642,15.3215813,15.8944418,17.07062199,17.47842765,17.26040504,18.00845072,18.84631244,19.06976249,19.17263495,18.99167012,19.12247128,19.8351478,19.90946262,20.08872684,21.00191449,21.445411,21.6557439,21.62254371,22.57952806,21.91426829,21.9039893,22.32092797,22.46619457,22.7965427,22.44716005,22.74946629,22.38743736,19.69120544,20.83396756,19.65778407,17.378234,18.03863314,17.99763202,15.54887019,14.22590456,13.83746526,13.25153239,11.31559469,9.181109147,10.54754993,776.197063
Europe,        Albania,0.024317315,0.025770486,0.029070075,0.031462709,0.033997866,0.036247979,0.035668553,0.037287487,0.037487993,0.037114724,0.032372911,0.018421888,0.005235005,0.00346567,0.002812874,0.002119845,0.001664476,0.001232248,0.000753957,0.000903445,0.00109781,0.001248291,0.000948827,0.000948767,0.000902932,0.000819092,0.001621984,0.002359201,0.002858482,0.003923002,0.003524944,0.003311342,0.002968888,0.00264252,0.003339684,0.002822255,0.002255383,0.00260389,0.003414521,0.00409317,0.004619879,0.007010067,0.456742437
Europe,        Austria,0.100247518,0.104601612,0.094376028,0.102594385,0.123716691,0.117533867,0.094748649,0.100352987,0.09586051,0.098710603,0.116770691,0.125374592,0.087391312,0.076106556,0.079204976,0.097136882,0.105687012,0.104816913,0.087377175,0.097609864,0.097155545,0.107676274,0.101814368,0.117217262,0.118957798,0.116975108,0.109838189,0.096220617,0.090998576,0.073064317,0.084513498,0.086597043,0.080895012,0.081812187,0.077223866,0.091476382,0.085730542,0.084691891,0.080961855,0.07779845,0.069798919,0.068126869,4.009763391
Europe,        Belgium,0.463628179,0.457563799,0.448400885,0.409855165,0.455290636,0.430400001,0.385421605,0.396197842,0.411279644,0.429364158,0.450185904,0.426340582,0.391914829,0.365102499,0.372694708,0.356640059,0.346275804,0.320192034,0.306272307,0.268782601,0.283429335,0.269335733,0.24616135,0.230196423,0.215562263,0.205045827,0.199280054,0.182212705,0.159729482,0.123710864,0.154226547,0.144716857,0.144680799,0.143667105,0.127233439,0.116802435,0.104282352,0.100496045,0.100796905,0.101275435,0.081919799,0.088284168,11.41484916
Europe,        Bosnia and Herzegovina,--,--,--,--,--,--,--,--,--,--,--,--,0.02289348,0.019841016,0.021367248,0.025030205,0.025793321,0.083225432,0.107370423,0.103356433,0.113505876,0.111827021,0.119534492,0.101749466,0.09032041,0.078179687,0.083514345,0.088675551,0.100173543,0.125976928,0.130574895,0.144656292,0.136840496,0.130475952,0.135798872,0.134451995,0.136395113,0.145681483,0.141078266,0.126301872,0.12840964,0.145326005,3.058325758
Europe,        Bulgaria,0.37598987,0.3749737,0.396440831,0.404166633,0.404966715,0.409436424,0.414353109,0.42763979,0.409267511,0.395686246,0.379045241,0.33275435,0.297219435,0.301073517,0.292450637,0.307715006,0.30619624,0.306175903,0.271530255,0.240398605,0.251707106,0.261552609,0.239843776,0.273749301,0.264775366,0.249951489,0.254507261,0.281305209,0.270285755,0.247772104,0.262553388,0.3177014,0.280948055,0.243146679,0.261017403,0.268744703,0.232931074,0.254385034,0.229086069,0.208471842,0.168248265,0.210162607,12.58032651
Europe,        Croatia,--,--,--,--,--,--,--,--,--,--,--,--,0.024809695,0.02370999,0.014961408,0.007725926,0.006274073,0.009981018,0.009224451,0.007884526,0.016108315,0.018154741,0.022285417,0.026708918,0.028320818,0.027375538,0.025663417,0.027664168,0.028557001,0.02034976,0.028103211,0.028825623,0.025635137,0.027109853,0.026068188,0.024343434,0.026287597,0.015245057,0.014074131,0.016887568,0.014024065,0.016631487,0.608994531
Europe,        Cyprus,0,0,0,0,0.000359959,0.00051225,0.000380726,0.000438412,0.000448795,0.000459179,0.000469562,0.000479946,0.000490329,0.000500713,0.000497759,0.00036871,0.000331839,0.000350275,0.000387146,0.000379345,0.000346115,0.000408415,0.000456871,0.000353037,0.000323253,0.000432513,0.000311567,0.000244282,0.000133236,0.000246123,0.000250093,8.44E-05,0.000145688,4.55E-05,0.00010051,9.47E-05,3.74E-06,4.43E-06,4.11E-06,3.27E-06,1.25E-06,1.20E-06,0.010849229
Europe,        Czechia,--,--,--,--,--,--,--,--,--,--,--,--,--,1.003249135,0.935981305,0.917221676,0.939778804,0.907439058,0.824723461,0.717590505,0.860480112,0.836643604,0.817944728,0.84639908,0.834059148,0.815680825,0.812558894,0.831633299,0.786526437,0.726905093,0.730794605,0.743454065,0.715963082,0.667026128,0.678051135,0.686423719,0.685618547,0.685208708,0.66956626,0.607271772,0.516864405,0.536996328,22.33805392
Europe,        Denmark,0.231815539,0.184800414,0.224969354,0.211742712,0.224480341,0.277270479,0.281112726,0.277060902,0.262017925,0.212092007,0.232630561,0.314621773,0.258338683,0.276967757,0.305749676,0.255614181,0.349574573,0.25689493,0.217447866,0.182355348,0.153922724,0.162375666,0.161257921,0.224387196,0.171992925,0.146145085,0.217215002,0.184451119,0.162934538,0.158649851,0.155273331,0.129425491,0.101458594,0.128377606,0.102484234,0.072780104,0.084124045,0.062488439,0.064287823,0.036733313,0.028780288,0.014349989,7.761453031
Europe,        Estonia,--,--,--,--,--,--,--,--,--,--,--,--,0.004742948,0.004787693,0.00158844,0.001856909,0.003042646,0.003311115,0.001566068,0.001610812,0.001633185,0.001510137,0.001387089,0.000693544,0.001610812,0.001297599,0.001006758,0.001879281,0.002886039,0.001946398,0.001342344,0.001633185,0.001431833,0.001402585,0.001626288,0.000280092,0.000406305,0.000965934,0.000858313,0.000464026,9.10E-05,0.000135089,0.048994481
Europe,        Faroe Islands,0,0,0,0,0,0,0,0,0,0,0,0,0,0,0,0,0,0,0,0,0,0,0,0,0,0,0,0,0,0,0,0,0,0,0,0,0,0,0,0,0,0,0
Europe,        Finland,0.143834148,0.071945023,0.078314134,0.081683702,0.096451879,0.135241774,0.116961371,0.145911628,0.148043546,0.145086851,0.144432004,0.141416157,0.12320935,0.152763109,0.198714314,0.166360702,0.202135015,0.17831443,0.131930034,0.133455218,0.132062607,0.153000343,0.168754154,0.228648596,0.203997862,0.114178208,0.198071771,0.175261205,0.130681431,0.144252472,0.176222204,0.138654224,0.118161637,0.147528298,0.123377616,0.099601104,0.126784085,0.116418354,0.114061152,0.094860623,0.073412441,0.082185678,5.796380454
Europe,        Former Czechoslovakia,1.963877134,1.953215395,2.013959478,2.037197965,2.062561299,2.004871565,1.968397604,1.984059956,1.964748234,1.830486417,1.770238801,1.636882296,1.437831741,--,--,--,--,--,--,--,--,--,--,--,--,--,--,--,--,--,--,--,--,--,--,--,--,--,--,--,--,--,24.62832789
Europe,        Former Serbia and Montenegro,--,--,--,--,--,--,--,--,--,--,--,--,0.528391203,0.506915459,0.464196141,0.558359663,0.557563424,0.591205105,0.607444141,0.457587129,0.513615953,0.503313407,0.531281813,0.556912412,0.570684666,0.505204053,--,--,--,--,--,--,--,--,--,--,--,--,--,--,--,--,7.452674569
Europe,        Former Yugoslavia,0.980054197,1.228593006,1.286705527,1.394945647,1.519838678,1.622870177,1.6146721,1.633025009,1.663777191,1.669703995,1.693196865,1.556362645,--,--,--,--,--,--,--,--,--,--,--,--,--,--,--,--,--,--,--,--,--,--,--,--,--,--,--,--,--,--,17.86374504
Europe,        France,1.398753859,1.257725406,1.317462207,1.165900984,1.116399027,1.064646818,0.914400745,0.820913855,0.798557604,0.871145704,0.855334406,0.907629903,0.821110173,0.653759695,0.628761725,0.669545232,0.692422522,0.618167448,0.717564422,0.657499181,0.626474425,0.553412759,0.545585061,0.557490761,0.541374053,0.590183219,0.548596839,0.568235827,0.53828548,0.427668055,0.457613965,0.381471136,0.446872945,0.473815641,0.350683196,0.329153698,0.328451883,0.370623857,0.325808008,0.264135269,0.198001464,0.248355478,27.61999394
Europe,        Germany,--,--,--,--,--,--,--,--,--,--,--,5.014655466,4.57329778,4.272245386,4.024168115,3.878127778,3.9160536,3.771763509,3.595349838,3.373734643,3.413247167,3.386490556,3.390601665,3.483524138,3.472806168,3.305726373,3.358872685,3.498508184,3.256253884,3.008310485,3.147714929,3.151107657,3.28846506,3.341396621,3.217251817,3.217303091,3.126310164,3.144978105,2.992461675,2.243220115,1.783126822,2.14028899,104.7873625
Europe,"        Germany, East",4.776583345,4.867710001,4.860329462,4.866436566,5.02991523,5.053453294,5.025535376,4.896782746,4.835694157,4.773635501,4.41470584,--,--,--,--,--,--,--,--,--,--,--,--,--,--,--,--,--,--,--,--,--,--,--,--,--,--,--,--,--,--,--,53.40078152
Europe,"        Germany, West",3.184388897,3.24514,3.240219642,3.244291044,3.35327682,3.368968863,3.350356917,3.264521831,3.223796105,3.182423667,2.943137227,--,--,--,--,--,--,--,--,--,--,--,--,--,--,--,--,--,--,--,--,--,--,--,--,--,--,--,--,--,--,--,35.60052101
Europe,        Gibraltar,0,0,0,0,0,0,0,0,0,0,0,0,0,0,0,0,0,0,0,0,0,0,0,0,0,0,0,0,0,0,0,0,0,0,0,0,0,0,0,0,0,0,0
Europe,        Greece,0.129730965,0.14719831,0.152991908,0.193365776,0.201940794,0.232457179,0.237379177,0.26192178,0.290763024,0.297084426,0.301835464,0.300486396,0.330124065,0.317787185,0.335014717,0.328425114,0.338635746,0.332890076,0.345839962,0.343352387,0.363374318,0.379957012,0.379882543,0.382092539,0.38702392,0.379110256,0.345475647,0.359884573,0.350804915,0.346561969,0.314898672,0.323063133,0.33139744,0.292412732,0.280145086,0.233690375,0.181990926,0.202550326,0.196554381,0.13819831,0.075500199,0.066323731,11.73011745
Europe,        Hungary,0.227510331,0.227646865,0.23477303,0.222914358,0.219399543,0.230821047,0.22908298,0.223456873,0.212574265,0.205349589,0.1798406,0.216285284,0.175537859,0.179317183,0.17120442,0.165100075,0.17056035,0.172565477,0.156023182,0.155076664,0.146140915,0.137989306,0.121598203,0.132692914,0.130611799,0.126133844,0.136278275,0.138322233,0.139114798,0.110023047,0.11785942,0.120065845,0.116795776,0.11142452,0.107585772,0.105522374,0.102591151,0.102769068,0.104947164,0.087017032,0.08216947,0.071451381,6.524144282
Europe,        Iceland,0.000335826,0.000671652,0.000699638,0.001035464,0.001539203,0.001931,0.002070928,0.001679131,0.001875029,0.001986972,0.001819058,0.001679131,0.001399276,0.001483232,0.001986972,0.001819058,0.001847044,0.00162316,0.001958986,0.001679131,0.002826537,0.00274258,0.00274258,0.002378769,0.002910493,0.003274305,0.003022436,0.003386247,0.003050421,0.00274258,0.002966465,0.002938479,0.002910384,0.003358262,0.002801397,0.00324632,0.003470204,0.003414237,0.004038534,0.003984046,0.003443519,0.00382504,0.100593726
Europe,        Ireland,0.02573797,0.032781661,0.033146091,0.037832246,0.037786088,0.040128256,0.059032239,0.082404488,0.082198177,0.086856121,0.085103849,0.083180731,0.077308069,0.077101411,0.070373166,0.069463339,0.076939708,0.069949562,0.071984982,0.062019709,0.073432182,0.075988949,0.072799545,0.070994116,0.072967109,0.076178206,0.066873801,0.063654003,0.05682573,0.045988708,0.049797396,0.050659547,0.061151867,0.052856539,0.050596519,0.046036272,0.040211292,0.030372689,0.032688207,0.005861905,0.017158948,0.028811072,2.403232465
Europe,        Italy,0.504633428,0.528001812,0.560196423,0.515257858,0.575822655,0.625498764,0.579326623,0.591387528,0.579272356,0.560700657,0.597438464,0.549952996,0.492008333,0.430149015,0.462388552,0.476648573,0.457531701,0.459013225,0.474202402,0.473338954,0.485330241,0.522444671,0.53912396,0.564435968,0.634246865,0.640813336,0.656934795,0.665595309,0.661819183,0.535028757,0.586910482,0.665854409,0.68049577,0.565383589,0.534320877,0.514701658,0.456299632,0.403695807,0.372262218,0.280617334,0.211508526,0.216757485,21.88735119
Europe,        Kosovo,--,--,--,--,--,--,--,--,--,--,--,--,--,--,--,--,--,--,--,--,--,--,--,--,--,--,--,--,0.057955562,0.066190367,0.066637694,0.063890829,0.066903294,0.063945125,0.055998986,0.064089159,0.06851186,0.058982627,0.059745593,0.062755767,0.064596961,0.065205623,0.885409447
Europe,        Latvia,--,--,--,--,--,--,--,--,--,--,--,--,0.006068114,0.006734163,0.006274218,0.005670093,0.005040083,0.005233932,0.003537746,0.003053123,0.00235042,0.003077354,0.002471576,0.002447345,0.002374651,0.002907736,0.003150048,0.003925444,0.003925444,0.003150048,0.0040466,0.004167756,0.003368128,0.002940048,0.00243426,0.001927357,0.001455265,0.001548231,0.001849517,0.001597752,0.0009326,0.000685626,0.098344678
Europe,        Lithuania,--,--,--,--,--,--,--,--,--,--,--,--,0.015404034,0.014241504,0.013334457,0.009655339,0.008772862,0.006800266,0.005762057,0.004620028,0.003400133,0.00303676,0.005476549,0.007033862,0.006852169,0.007449081,0.010355677,0.009836491,0.008408837,0.006279974,0.007783478,0.008640736,0.008121972,0.009265726,0.008048008,0.006535016,0.006433158,0.006562975,0.006919957,0.006821835,0.005262731,0.005842417,0.232958089
Europe,        Luxembourg,0.009241936,0.007907539,0.007067363,0.004126747,0.004793946,0.004917501,0.004522124,0.005164611,0.004077325,0.004868079,0.004868079,0.005016345,0.006869675,0.006844963,0.007759273,0.0053623,0.005980076,0.004793946,0.003756081,0.003780792,0.004250302,0.004719812,0.002817061,0.002125151,0.003113593,0.003014749,0.003632526,0.002990038,0.002841772,0.00256995,0.002520528,0.002199284,0.002026307,0.001853329,0.002094474,0.001802347,0.001995133,0.001658656,0.00155569,0.001571547,0.001599147,0.001596268,0.166266365
Europe,        Malta,9.02E-05,0.000289344,0.000488503,0.000977006,0.001766127,0.00225463,0.002743133,0.003419522,0.004697145,0.004452893,0.005129282,0.004565625,0.003851659,0.003883835,0.003916012,0.000709296,1.29E-05,1.88E-08,1.49E-05,9.13E-06,4.83E-06,5.13E-07,3.38E-08,9.02E-08,4.94E-06,4.39E-06,3.85E-06,4.75E-06,2.41E-06,3.77E-06,8.02E-07,3.26E-08,2.49E-08,9.17E-06,2.86E-09,7.02E-08,9.56E-07,4.82E-07,8.47E-09,1.24E-08,6.81E-07,1.57E-07,0.04331316
Europe,        Montenegro,--,--,--,--,--,--,--,--,--,--,--,--,--,--,--,--,--,--,--,--,--,--,--,--,--,--,0.013399343,0.010361547,0.015601975,0.008581086,0.017510923,0.017703653,0.015895659,0.015345001,0.014959541,0.015785528,0.012490758,0.01269083,0.014433662,0.013710465,0.014629146,0.013280034,0.226379151
Europe,        Netherlands,0.166532845,0.179460076,0.209903733,0.204079256,0.252128621,0.257117898,0.267064471,0.286029979,0.340112424,0.346681035,0.334269933,0.317206716,0.321236117,0.31506291,0.337634476,0.371283885,0.361199356,0.361067729,0.374403276,0.304229206,0.31630471,0.339417083,0.337869742,0.341651159,0.343263031,0.329943314,0.32278705,0.34255283,0.322202382,0.300045059,0.297406061,0.287977005,0.314060515,0.318571259,0.358948789,0.441524767,0.400239324,0.363528862,0.319903067,0.249735237,0.146048017,0.204028441,12.90471165
Europe,        North Macedonia,--,--,--,--,--,--,--,--,--,--,--,--,0.044436061,0.043909188,0.045480476,0.047052285,0.046148971,0.042969587,0.052161175,0.047894353,0.049357789,0.053252985,0.046523127,0.049806748,0.048990779,0.048805719,0.045086899,0.045920904,0.050559076,0.047146155,0.045174458,0.052150724,0.049112259,0.045509513,0.045851456,0.039718319,0.035996967,0.035357641,0.03277491,0.039834663,0.033351646,0.029032377,1.33936721
Europe,        Norway,0.026036755,0.027463795,0.02749072,0.027813824,0.029483192,0.029725519,0.027867674,0.028136927,0.027221467,0.021351754,0.020867099,0.018255346,0.018497674,0.020543996,0.02372118,0.026279082,0.025794427,0.025390548,0.028029226,0.027006065,0.026629111,0.023667329,0.021055576,0.020355519,0.022751869,0.019359283,0.016612903,0.01817457,0.018766927,0.014108852,0.018309197,0.019197731,0.02005934,0.020867099,0.022056603,0.02104594,0.020059354,0.021614758,0.021004772,0.022412895,0.023383575,0.024720606,0.963190079
Europe,        Poland,3.593877151,3.306607873,3.422432472,3.477243548,3.682947524,3.910073999,4.078382151,4.329709213,4.223650358,4.052277821,3.387253208,3.349830185,3.146398809,3.147210109,3.06952153,3.063286905,3.131169107,3.016492366,2.738712672,2.617822048,2.530784015,2.564133707,2.501466576,2.587412962,2.555039604,2.492502399,2.52884459,2.513070206,2.467028841,2.309282603,2.467264895,2.479161811,2.463089262,2.535401153,2.403586061,2.388643236,2.378719174,2.371617005,2.287957135,2.080676215,1.914506463,1.986982017,121.552069
Europe,        Portugal,0.014599802,0.013428845,0.012738748,0.014224951,0.013362959,0.025907799,0.053868846,0.070119362,0.081657317,0.095936272,0.107812086,0.114525158,0.115548386,0.121742307,0.128666949,0.141008916,0.135154131,0.136883392,0.125964342,0.151335077,0.151878559,0.127100713,0.140020767,0.132263794,0.133795425,0.134734167,0.134783575,0.11662633,0.102298164,0.115317032,0.066329527,0.091848484,0.120158964,0.10961537,0.111709505,0.135893077,0.118492253,0.134351792,0.11224081,0.05199813,0.023452433,0.007860494,4.04725501
Europe,        Romania,0.365882801,0.36990457,0.374104128,0.476446836,0.463726304,0.501914933,0.522727977,0.578849394,0.662338123,0.639553298,0.476932802,0.372973073,0.449159334,0.395053692,0.401397365,0.418690161,0.420230869,0.36785982,0.301974503,0.249875519,0.285023049,0.305582358,0.317972351,0.333748618,0.326367694,0.337379817,0.374476603,0.382991985,0.360668917,0.284489932,0.261776196,0.315862172,0.292264796,0.221727966,0.221561669,0.227151776,0.202034187,0.217591638,0.211618845,0.19058241,0.135570893,0.158182408,14.77422178
Europe,        Serbia,--,--,--,--,--,--,--,--,--,--,--,--,--,--,--,--,--,--,--,--,--,--,--,--,--,--,0.299464915,0.307506192,0.318515171,0.317762891,0.307864458,0.345512876,0.317051225,0.328904153,0.252324779,0.311325317,0.310225076,0.320087911,0.308235074,0.309140277,0.323993537,0.301084921,4.978998773
Europe,        Slovakia,--,--,--,--,--,--,--,--,--,--,--,--,--,0.319646209,0.268101283,0.270202377,0.264481626,0.232858978,0.209256543,0.197454999,0.180653625,0.19041671,0.178976184,0.189653026,0.184945347,0.180164622,0.182230361,0.177546714,0.173771867,0.16087711,0.151152105,0.151902735,0.147244387,0.13760324,0.132674888,0.136415812,0.12969301,0.129621547,0.13063226,0.114351116,0.091145185,0.107694344,5.12136821
Europe,        Slovenia,--,--,--,--,--,--,--,--,--,--,--,--,0.06700797,0.064208497,0.059569243,0.059814932,0.0567212,0.061450622,0.062707965,0.05695057,0.056338303,0.059448875,0.064077092,0.061178673,0.061480811,0.059437888,0.059862621,0.06033431,0.059818247,0.056660783,0.056360687,0.057542814,0.056794957,0.050866461,0.039631118,0.040893083,0.04430603,0.044263882,0.043506549,0.040971275,0.040914224,0.037305461,1.640425143
Europe,        Spain,0.596585924,0.782222247,0.868816556,0.904690082,0.894137713,0.925252379,0.897479165,0.870129153,0.731479431,0.923776627,0.901528056,0.9141404,0.907167026,0.854020936,0.823053544,0.821080598,0.706057293,0.786728755,0.768061445,0.843653759,0.906410137,0.824345941,0.913528994,0.837869262,0.89623517,0.879698648,0.790888241,0.88727819,0.546466259,0.382753598,0.310627215,0.355531449,0.433829526,0.427896721,0.468172291,0.467350565,0.406337302,0.478348588,0.377907161,0.154171166,0.093881931,0.022223585,28.58181303
Europe,        Sweden,0.057880848,0.056048588,0.06747112,0.081549154,0.088210062,0.102285767,0.105142949,0.103011608,0.0968702,0.096889428,0.090336664,0.08828983,0.091834753,0.091015343,0.091442249,0.089395495,0.101340292,0.085404527,0.085852808,0.081980772,0.082328511,0.089701363,0.087959929,0.089656204,0.092474934,0.088184763,0.102129207,0.092116929,0.089120753,0.06740204,0.084665008,0.079091068,0.071016951,0.074340089,0.070117668,0.071844836,0.070569272,0.069242891,0.067044552,0.065062637,0.055012608,0.052084087,3.463418757
Europe,        Switzerland,0.006214012,0.011185221,0.009843784,0.008995522,0.01278311,0.012625294,0.010830135,0.010277778,0.008936341,0.0092717,0.009745149,0.008107806,0.005444658,0.004478034,0.00463585,0.004990937,0.003748134,0.002761783,0.00224888,0.002308062,0.003531137,0.00390595,0.003393048,0.003649499,0.003590318,0.004300491,0.004497761,0.005286842,0.004695031,0.004399126,0.003894384,0.0036582,0.003864381,0.003845985,0.00374597,0.004129347,0.003724436,0.003502618,0.003005273,0.002767913,0.002840814,0.003015475,0.232676189
Europe,        Turkiye,0.198112181,0.202326911,0.231364787,0.269372233,0.317959085,0.419659316,0.496622187,0.503727752,0.449873147,0.553989986,0.584743208,0.624505282,0.628836683,0.589825972,0.629078172,0.65206436,0.735756397,0.820776595,0.879664485,0.833235942,0.943386793,0.787768888,0.79677199,0.85899293,0.866533654,0.994315499,1.109853144,1.287555837,1.228875631,1.259339708,1.226134991,1.318906544,1.401585098,1.230484418,1.393309264,1.437552199,1.587834827,1.683340624,1.751083053,1.791917791,1.637881766,1.629830356,38.84474969
Europe,        United Kingdom,3.154353846,2.987708426,2.802726671,2.803645422,1.948259886,2.659224512,2.893158234,2.937072486,2.83208673,2.719307207,2.721779504,2.70687676,2.545586022,2.217974906,2.089837059,1.967898578,1.826264729,1.613424886,1.615681279,1.425810146,1.533955301,1.634967833,1.506219226,1.613752918,1.548184254,1.58463828,1.732093139,1.61494713,1.495857849,1.248038487,1.314251664,1.31933947,1.640991697,1.547553654,1.255225493,0.973582483,0.476009654,0.384187915,0.322605003,0.218881467,0.195181375,0.199141749,73.82828333
Eurasia,        Armenia,--,--,--,--,--,--,--,--,--,--,--,--,0.003448089,0.002164226,0.000880363,0.000501318,0.000394291,0.000287264,0.000180237,0.000124095,5.96E-05,4.60E-05,4.40E-05,6.68E-05,3.88E-05,1.70E-05,2.74E-05,6.68E-05,6.13E-05,8.75E-06,5.68E-05,7.37E-05,6.48E-05,3.09E-05,2.46E-05,2.75E-05,2.83E-05,3.72E-05,4.40E-05,0.000112207,0.000311904,0.00046824,0.009696542
Eurasia,        Azerbaijan,--,--,--,--,--,--,--,--,--,--,--,--,0.000682618,0.000101129,2.53E-05,0.000151693,5.06E-05,7.83E-05,0.000105995,0.000112588,0.00011918,6.03E-05,0.000143046,8.67E-05,0.000113441,0.000122062,0.000416295,0.000300478,0.000283084,0.000161072,0.000188605,0.00014292,0.00014876,0.000137434,5.17E-05,3.63E-06,7.76E-06,6.55E-05,6.13E-05,0.000316159,0.000480431,0.000642527,0.005360461
Eurasia,        Belarus,--,--,--,--,--,--,--,--,--,--,--,--,0.018397602,0.018199122,0.016221703,0.017721699,0.018074496,0.016182722,0.014741515,0.013238539,0.010049994,0.006047263,0.005978787,0.00591373,0.005970157,0.004287458,0.002597751,0.001888659,0.001097029,0.001249622,0.002016445,0.002315429,0.009132671,0.013853422,0.01900722,0.017122224,0.014760258,0.015354533,0.009944537,0.007648056,0.006050076,0.005227797,0.300290516
Eurasia,        Former U.S.S.R.,15.90984917,14.98822833,15.01614382,14.95639295,14.81675603,14.61632587,14.81763389,15.54037446,15.60089451,15.57930933,15.29165482,14.56129932,--,--,--,--,--,--,--,--,--,--,--,--,--,--,--,--,--,--,--,--,--,--,--,--,--,--,--,--,--,--,181.6948625
Eurasia,        Georgia,--,--,--,--,--,--,--,--,--,--,--,--,0.008777206,0.006510398,0.00581199,0.000948618,0.000429409,0.000416596,0.000612103,0.000517031,0.000342543,0.000216508,0.000129653,0.000253791,0.000293585,0.000411913,0.000394768,0.001779743,0.00264251,0.004210918,0.001932895,0.002857077,0.005072282,0.007358489,0.008268422,0.008122823,0.007297869,0.008091186,0.007980056,0.006197122,0.005964831,0.005342816,0.109185151
Eurasia,        Kazakhstan,--,--,--,--,--,--,--,--,--,--,--,--,2.670893667,2.223423243,1.927877999,1.567555949,1.393970845,1.240144769,1.190430103,1.071619745,1.209533979,1.217951507,1.301436188,1.459974459,1.622493843,1.664097372,1.791215269,1.902800058,2.205609262,1.990708652,2.174866293,2.349790242,2.385287387,2.368438917,2.216292933,2.072708862,2.045025788,1.983277926,2.072817583,2.074262526,2.035801149,2.078344767,55.50865128
Eurasia,        Kyrgyzstan,--,--,--,--,--,--,--,--,--,--,--,--,0.040161699,0.036416258,0.023384173,0.018864794,0.020487013,0.021368638,0.02146715,0.021471387,0.019772121,0.013338138,0.021825243,0.026211964,0.024033732,0.023378548,0.022209114,0.025312534,0.035183741,0.030505645,0.029789167,0.031670881,0.044466541,0.033728893,0.04223307,0.043258853,0.035989465,0.035144688,0.034989887,0.034171039,0.0300325,0.023445396,0.864312272
Eurasia,        Moldova,--,--,--,--,--,--,--,--,--,--,--,--,0.005574959,0.004461759,0.004795495,0.004164607,0.003774875,0.003385143,0.002995411,0.003043194,0.002874997,0.002916667,0.003125004,0.005562515,0.003854182,0.004387682,0.004562022,0.003146255,0.004657227,0.004228598,0.00443297,0.004754421,0.004583591,0.006113492,0.003746414,0.004002995,0.002915612,0.004093496,0.003274013,0.00367538,0.003388173,0.003153826,0.119644975
Eurasia,        Russia,--,--,--,--,--,--,--,--,--,--,--,--,7.414726273,6.604003017,6.082043586,6.022794578,5.881157546,5.392865769,5.119433523,5.151996042,5.316051126,5.337823687,5.170921824,5.205164032,4.959854776,4.904207939,4.973248395,4.770460685,5.170348137,4.47064277,4.33437284,4.551678074,4.786698033,4.259141765,4.117539458,4.616100958,4.470864844,4.498761785,4.787386357,4.901168924,4.562809343,4.792908613,152.6271747
Eurasia,        Tajikistan,--,--,--,--,--,--,--,--,--,--,--,--,0.005333784,0.006863564,0.001801363,0.001238091,0.000870822,0.000815766,0.00070008,0.000518738,0.000652603,0.000651873,0.000920164,0.001187457,0.002193022,0.002306372,0.002441318,0.004186982,0.00458993,0.004587511,0.004632321,0.005124653,0.00971344,0.01177289,0.019910733,0.023682042,0.03122681,0.037083438,0.042314813,0.046095728,0.048296988,0.049589753,0.371303049
Eurasia,        Turkmenistan,--,--,--,--,--,--,--,--,--,--,--,--,0.005405536,0.003803897,0.002676817,0.001549737,0,0,0,0,0,0,0,0,0,0,0,0,0,0,0,0,0,0,0,0,0,0,0,0,0,0,0.013435987
Eurasia,        Ukraine,--,--,--,--,--,--,--,--,--,--,--,--,2.991154118,2.686760407,2.141177714,2.02971787,1.519887075,1.523399242,1.55397914,1.633906673,1.661995467,1.610801558,1.595480327,1.788649074,1.659866191,1.591859072,1.709406145,1.775796519,1.765390315,1.536921313,1.650090861,1.815717746,1.834299992,1.788227478,1.489163475,1.218699503,1.207896775,1.062407054,1.17626174,1.098336876,0.960250125,1.033027487,49.11052733
Eurasia,        Uzbekistan,--,--,--,--,--,--,--,--,--,--,--,--,0.099371536,0.081358909,0.081472833,0.05421158,0.043673638,0.042219572,0.044073815,0.043798268,0.05285061,0.054615169,0.054577175,0.041815752,0.049516785,0.048083793,0.051490589,0.054457779,0.053061096,0.05528318,0.054931053,0.05901122,0.065779737,0.065697202,0.065407933,0.067930324,0.070779204,0.074008545,0.079057591,0.080592602,0.088997556,0.096941992,1.875067038
