Continent,Country,1980,1981,1982,1983,1984,1985,1986,1987,1988,1989,1990,1991,1992,1993,1994,1995,1996,1997,1998,1999,2000,2001,2002,2003,2004,2005,2006,2007,2008,2009,2010,2011,2012,2013,2014,2015,2016,2017,2018,2019,2020,2021,Consumption_Neuclear
Africa,        Algeria,0.002606933,0.003841991,0.004866486,0.002389748,0.005629292,0.006549389,0.002522158,0.004945129,0.001968111,0.002573179,0.001094573,0.000777956,-0.001147317,-0.000482112,-0.002141911,0.001033434,0.001844405,0.001584725,0.00300957,0.002434238,0.001469878,0.002898884,0.002868698,0.004438286,0.004171968,0.008273829,0.005318928,0.006356025,0.006832138,0.009274942,0.011050245,0.016637716,0.017509962,0.010393744,0.008358618,0.006348635,0.005049059,0.012308752,0.014856347,0.016825538,0.012355114,0.017043145,0.246540428
Africa,        Angola,0.005505642,0.005540091,0.006272403,0.006312011,0.006264,0.0062682,0.00689436,0.00687654,0.00681384,0.006958144,0.007468636,0.00746174,0.008604544,0.009082229,0.009139976,0.009187992,0.00947144,0.008844458,0.010696653,0.00905001,0.009211503,0.010405331,0.011515836,0.012443625,0.017357728,0.021967803,0.026166322,0.024433248,0.030576962,0.02989488,0.035863056,0.038650248,0.035665968,0.045167094,0.04796844,0.047498943,0.054748262,0.071806122,0.091140144,0.09877426,0.106784956,0.102802014,1.123555654
Africa,        Benin,0.000399204,0.000464032,0.000566392,0.000620984,0.00054592,0.000569804,0.00056298,0.000576628,0.00058004,0.00063122,0.000644868,0.000692636,0.000812056,0.00081888,0.000825704,0.00087006,0.000938818,0.000938602,0.000887395,0.001040984,0.001282842,0.001453706,0.00151139,0.00179449,0.001982152,0.002040139,0.002022999,0.001985432,0.002268598,0.002964552,0.003442228,0.00346266,0.003759304,0.003693806,0.003222888,0.00363169,0.003807988,0.003847105,0.004458737,0.003794266,0.002259265,0.002268038,0.074941483
Africa,        Botswana,2.20E-41,0.00003412,0.000279784,0.00054592,0.000634632,0.000760876,0.00081888,0.000245664,0.000245664,0.00022178,0.000286608,0.000361672,0.00027296,0.000542508,0.00105772,0.00116008,0.00233722,0.002552176,0.002350868,0.0029002,0.003364232,0.004036396,0.005025876,0.006394088,0.00651692,0.0067387,0.007530284,0.008594828,0.009307936,0.009529716,0.01018482,0.010710268,0.01117358,0.00963751,0.005774338,0.005036773,0.00567596,0.004440721,0.004113034,0.006011594,0.006322836,0.006322836,0.170052579
Africa,        Burkina Faso,0,0,0,0,0,0,0,0,0,0,0.000093618,0.000135668,0.00020684,0.000484523,0.000742752,0.000969328,0.00117876,0.001174495,0.000795366,0.001257798,0.000989497,0.000775229,0.001028098,0.00120811,0.001334282,0.001422104,0.001267433,0.001513323,0.001789091,0.001771681,0.002502146,0.002564062,0.002765535,0.002920575,0.002626869,0.00249933,0.003579496,0.003657759,0.004923817,0.005615422,0.005271876,0.005676647,0.064741531
Africa,        Burundi,0.000153844,0.000160798,0.000147152,0.000364792,0.00052658,0.000623866,0.000725918,0.00102033,0.001104316,0.00110842,0.001167606,0.001226436,0.001154044,0.001232792,0.00132274,0.001305452,0.0013292,0.00134498,0.001210421,0.001111342,0.001102058,0.001297382,0.001401218,0.001189924,0.001116396,0.001192157,0.001168448,0.001409268,0.001353106,0.001485104,0.001757296,0.001649448,0.00173664,0.001763504,0.001736992,0.001697445,0.00177216,0.0021838,0.001832326,0.002416065,0.002392222,0.002392222,0.054386211
Africa,        Cabo Verde,0,0,0,0,0,0,0,0,0,0,0,0,0,0.000020618,0.00005158,0.000061872,0.00007238,0.000071491,0.000081576,0.000081808,0.000081608,0.000061998,0.000061038,0.000050625,0.000060096,0.000059994,0.000069433,0.000069188,0.000059124,0.00006832,0.000039024,0.0002429,0.000675636,0.000791903,0.0008559,0.000792115,0.000766256,0.000690975,0.000810256,0.000739115,0.000640429,0.000640429,0.008767687
Africa,        Cameroon,0.014023804,0.018710875,0.021200721,0.021071596,0.02198664,0.023975865,0.023994462,0.023974119,0.025696436,0.027144064,0.027138818,0.027571912,0.027137408,0.027071434,0.027450876,0.0281002,0.02935526,0.031261993,0.031457745,0.033756026,0.034765008,0.035535187,0.03204495,0.035366625,0.038872096,0.037336266,0.038217907,0.037648156,0.04128826,0.03880576,0.04115471,0.042323187,0.043971659,0.043925918,0.043734786,0.040369912,0.040136609,0.046634881,0.045520269,0.047796085,0.047919691,0.044108261,1.409556439
Africa,        Central African Republic,0.000685608,0.000679445,0.000710872,0.000673281,0.00072036,0.00062682,0.000793896,0.000760587,0.000763976,0.000771968,0.000790552,0.0007827,0.000796334,0.000793793,0.000814964,0.00082496,0.00083754,0.000847679,0.000825957,0.000828306,0.000846683,0.000847306,0.000834186,0.000840375,0.001241984,0.001329867,0.001378741,0.001344224,0.001340144,0.0013176,0.00130828,0.001421451,0.00142169,0.001310933,0.001601484,0.00156932,0.001563901,0.001385635,0.0013656,0.00133575,0.00131595,0.00131595,0.043566653
Africa,        Chad,0,0,0,0,0,0,0,0,0,0,0,0,0,0,0,0,0,0,0,0,0,0,0,0,0,0,0,0,0,0,0,0,0.000085644,8.68E-05,0.000086541,8.67E-05,0.000168946,0.000168598,0.000172976,0.000169195,0.000166687,0.000166687,0.001358763
Africa,        Comoros,2.08E-05,2.09E-05,2.09E-05,2.10E-05,0.00002088,0.000020894,0.000020892,0.000020838,0.000020648,0.000020864,0.000020804,0.000020872,0.000020684,0.000020618,0.000020632,0.000020624,0.00002068,0.000020426,0.000020394,0.000020452,0.000020402,0.000020666,0.000030519,0.0000405,0.00005008,0.000049995,0.000049595,0.00004942,0.00004927,0.0000488,0.00004878,0.00004858,0.000028548,0.000019082,0.00001902,0.000018638,0.000018464,3.69E-06,3.64E-06,0.000003562,0,0,0.00103608
Africa,        Congo-Brazzaville,0.001052296,0.001131034,0.001907709,0.002603568,0.00286208,0.003295344,0.003208338,0.003370201,0.003461052,0.004307908,0.005092738,0.005202564,0.004722478,0.004035015,0.003672948,0.003980956,0.00507278,0.004964438,0.003886695,0.0032389,0.003865812,0.004273223,0.005352616,0.004657283,0.00465368,0.004935865,0.005052524,0.004813476,0.005143466,0.0046928,0.005114828,0.007700724,0.009383384,0.009298007,0.008947625,0.010070832,0.010308732,0.010981896,0.009978872,0.007478808,0.007915245,0.007913227,0.223601968
Africa,        Congo-Kinshasa,0.045814097,0.045249664,0.044903339,0.048890138,0.050621404,0.053998096,0.056315141,0.056015338,0.055937755,0.062562781,0.060484607,0.0539272,0.05778967,0.051774013,0.050579092,0.057999928,0.058303568,0.049373246,0.046347626,0.051236714,0.056400627,0.057049082,0.057053109,0.057211114,0.065425784,0.067505113,0.069380647,0.071997616,0.07098194,0.072698536,0.072945136,0.074700504,0.073438248,0.079725852,0.086698258,0.080896508,0.081843216,0.088798854,0.095584952,0.099094104,0.105621729,0.09745129,2.740625635
Africa,        Côte d’Ivoire,0.013971864,0.018041883,0.018095882,0.011224859,0.00385236,0.014040768,0.012315834,0.012669504,0.012667548,0.01304,0.013616218,0.012961512,0.010734996,0.011205883,0.011987192,0.018327,0.016888608,0.015887848,0.011875195,0.013347444,0.01358689,0.014469134,0.012076396,0.013839026,0.012530188,0.009459601,0.011197109,0.014951549,0.016473849,0.018947072,0.014468072,0.015057412,0.014855376,0.012391432,0.015048146,0.00960931,0.009834207,0.012456832,0.023163868,0.026844029,0.025244544,0.024721287,0.607977726
Africa,        Djibouti,0,0,0,0,0,0,0,0,0,0,0,0,0,0,0,0,0,0,0,0,0,0,0,0,0,0,0,0,0,0,0,0,0.000004758,4.77E-06,0.001181895,0.001077051,0.00153831,0.001738585,0.001803816,0.001817265,0.001817133,0.001819063,0.012802647
Africa,        Egypt,0.10026574,0.10480273,0.10775992,0.105756253,0.102869018,0.083260428,0.082191693,0.084670097,0.080284616,0.082162063,0.100012434,0.088093321,0.086819722,0.10662418,0.100962006,0.104026616,0.107734327,0.110788707,0.11633765,0.146909769,0.13035062,0.147897082,0.119963619,0.121659137,0.118301179,0.118348127,0.121511591,0.14919355,0.141192687,0.125384264,0.133593054,0.135090801,0.135946777,0.139945755,0.144413429,0.145036131,0.144501626,0.142299159,0.156815903,0.184308266,0.183420797,0.202613113,5.144117958
Africa,        Equatorial Guinea,2.08E-05,2.09E-05,2.09E-05,2.10E-05,0.00002088,0.000020894,0.000020892,0.000020838,0.000020648,0.000020864,0.000020804,0.000020872,0.000020684,0.000020618,0.000020632,0.000020624,0.00002068,0.000030639,0.000030591,0.000030678,0.000142814,0.000144662,0.000142422,0.00014175,0.000140224,0.000139986,0.000138866,0.000138376,0.000512408,0.00050752,0.000273168,0.000272048,0.00076128,0.002394791,0.00360429,0.004351973,0.004348272,0.004035294,0.004033072,0.00398944,0.004290523,0.00386012,0.038808767
Africa,        Eritrea,--,--,--,--,--,--,--,--,--,--,--,--,--,--,0,0,0,0.000010213,0.000010197,0.000010226,0.000010201,0.000010333,0.000010173,0.000010125,0.000010016,0.000009999,0.000019838,0.000019768,0.000039416,0.00003904,0.000039024,0.00004858,0.00004758,0.000057246,0.00005706,0.000065233,0.000064624,0.000073704,0.000109248,0.000115765,0.000131595,0.000149141,0.001168345
Africa,        Eswatini,0.001308888,0.001348437,0.000982676,0.000683801,0.00134676,0.001932695,0.001918546,0.002589077,0.002855856,0.003287344,0.002980024,0.003326156,0.004023688,0.003890778,0.004052556,0.004253512,0.004098972,0.004219226,0.004219356,0.004123078,0.005777599,0.006003478,0.006764869,0.00586835,0.00539298,0.006577605,0.006655363,0.007011076,0.006525404,0.006732228,0.006427108,0.006788704,0.006706224,0.007485377,0.007178976,0.006479743,0.006436896,0.007100516,0.007340519,0.007251336,0.007114187,0.007013735,0.204073702
Africa,        Ethiopia,0.004913526,0.005247407,0.006000599,0.006553971,0.00713052,0.007803909,0.008576166,0.009231234,0.009869744,0.010369408,0.011317376,0.011448292,0.011655434,0.012896559,0.01382344,0.014581168,0.0154583,0.01583015,0.016203033,0.016453634,0.017127479,0.020842694,0.020834304,0.023338125,0.02549072,0.028577142,0.032544239,0.03355618,0.032775389,0.034769024,0.048393662,0.059901185,0.069962908,0.080368723,0.087454609,0.09436239,0.110641199,0.116101804,0.122049496,0.122714346,0.119255223,0.122742702,1.639167413
Africa,        Gabon,0.002669717,0.004264825,0.00503883,0.00569133,0.00630576,0.00689502,0.00694659,0.006959892,0.006906756,0.007229376,0.007291802,0.007388688,0.007404872,0.007329699,0.007716368,0.008167104,0.00795146,0.008252104,0.008269767,0.00848758,0.008181202,0.009051708,0.009369333,0.00909225,0.008924256,0.008109189,0.009353617,0.0079072,0.008799622,0.00921344,0.008848692,0.008171156,0.00865956,0.009586807,0.008912836,0.009732643,0.010013168,0.010148929,0.009982561,0.010644952,0.010513005,0.010758979,0.341142646
Africa,"        Gambia, The",0,0,0,0,0,0,0,0,0,0,0,0,0,0,0,0,0,0,0,0,0,0,0,0,0,0.000009999,0.000009919,0.000019768,0.000019708,0.000030256,3.22E-05,3.50E-05,2.95E-05,2.96E-05,0.000029481,2.89E-05,2.86E-05,2.86E-05,2.82E-05,2.76E-05,2.72E-05,2.72E-05,0.000441669
Africa,        Ghana,0.053305825,0.054219023,0.049875585,0.026058346,0.01792856,0.030377972,0.044909194,0.047249941,0.04870658,0.053061536,0.058265236,0.062675356,0.066633128,0.063235444,0.061178708,0.061475532,0.066854464,0.068046482,0.040373024,0.052251378,0.067607854,0.068258457,0.052345808,0.040245992,0.053230628,0.056464925,0.054852087,0.037215668,0.05969489,0.064711992,0.064552992,0.070798396,0.074346028,0.076233734,0.077573208,0.052892103,0.053150728,0.052350643,0.05321408,0.060761917,0.058709894,0.059145331,2.33503867
Africa,        Guinea,0.001537424,0.001547044,0.001547193,0.001609563,0.0016182,0.001681967,0.001702698,0.001719135,0.001734432,0.00177344,0.001799546,0.001836736,0.001840876,0.00185562,0.001877512,0.001969592,0.0020163,0.002910705,0.003130479,0.003998366,0.004141606,0.005641818,0.005991897,0.0040095,0.005498784,0.004889511,0.004523064,0.005268172,0.005163496,0.005054704,0.004711172,0.004021452,0.00463334,0.004598762,0.00406077,0.008405738,0.010199883,0.011360117,0.006937466,0.011674455,0.021853543,0.017730233,0.200076313
Africa,        Guinea-Bissau,0,0,0,0,0,0,0,0,0,0,0,0,0,0,0,0,0,0,0,0,0,0,0,0,0,0,0,0,0,0,0,0,0,0,0.000002853,0.000009319,0.000009232,0.000009213,0.000018208,0.00001781,0.000017546,0.000017546,0.000101727
Africa,        Kenya,0.013381465,0.016792381,0.017659716,0.020207625,0.020102144,0.023134418,0.024366812,0.024850399,0.029299185,0.031174189,0.031996878,0.034266255,0.034052642,0.036555021,0.036194267,0.03815314,0.040176705,0.03843171,0.038775199,0.030167782,0.021664573,0.033401412,0.039318375,0.044499529,0.042480674,0.043169515,0.045252383,0.047230924,0.040619803,0.036300596,0.049516258,0.050128983,0.058531127,0.058360684,0.064607279,0.079645215,0.076851656,0.077498618,0.089393803,0.091887808,0.095674199,0.095966784,1.86173813
Africa,        Lesotho,0,0,0,0,0,0,0,0,0,0,0.000655104,0.000702872,0.000822292,0.000958772,0.00105772,0.001105488,0.00114302,0.001085016,0.000713108,0.00218173,0.002935841,0.003002227,0.00312847,0.003282777,0.003039239,0.004557809,0.005305741,0.005617334,0.00591237,0.006741768,0.00743771,0.00551421,0.005610844,0.005878529,0.005869399,0.005844317,0.006092399,0.006289731,0.006268097,0.006306512,0.006243553,0.006209037,0.127513036
Africa,        Liberia,0.003438429,0.003282243,0.003428914,0.003366406,0.00232812,0.002705773,0.00329049,0.003292404,0.003314004,0.003244352,0,0,0,0,0,0,0,0,0,0,0,0,0,0,0,0,0,0,0,0,0,0,0,0,0,0,0,0.000027639,0.000036416,0.00003562,0.000035092,0.000035092,0.031860993
Africa,        Libya,0,0,0,0,0,0,0,0,0,0,0,0,0,0,0,0,0,0,0,0,0,0,0,0,0,0.000160364,0.000112596,-0.000092124,-0.000163776,-0.000098948,-0.000221248,-0.000163484,0.000226976,0.000291284,0.000376336,0.000074552,0.001356768,0.001104128,0.001659412,0.002718952,0.004365892,0.004667732,0.016375412
Africa,        Madagascar,0.001516648,0.001588856,0.002362605,0.002577404,0.00263088,0.002663985,0.002778636,0.002979834,0.0030972,0.003275648,0.003515876,0.003464752,0.003536964,0.003546296,0.003579652,0.003805128,0.00435314,0.00459585,0.0050985,0.00526639,0.00550854,0.005455824,0.005442555,0.0061155,0.006350144,0.006409359,0.006258889,0.007037408,0.006818968,0.00716384,0.007018954,0.006816454,0.007307527,0.007894033,0.008631561,0.008928627,0.008498702,0.007596856,0.009120296,0.008311989,0.006209152,0.006522462,0.221651886
Africa,        Malawi,0.004023721,0.003954864,0.00423046,0.004656956,0.004837336,0.004906678,0.005282264,0.00581039,0.005812412,0.005904512,0.007250194,0.007753948,0.007942656,0.007948239,0.008366276,0.008579584,0.00874764,0.008844458,0.010146015,0.009837412,0.0108018,0.0111805,0.011564869,0.01188414,0.012955146,0.01346453,0.013680786,0.013898545,0.015402881,0.014916224,0.017304944,0.017802623,0.018160663,0.018278081,0.019259896,0.018867257,0.018571987,0.017572958,0.013257616,0.013458796,0.013287337,0.010741927,0.461149521
Africa,        Mali,0.000862204,0.000857146,0.00109767,0.001283442,0.00138852,0.001389451,0.001650468,0.00166704,0.001713784,0.001752576,0.001882762,0.001899352,0.002151136,0.002247362,0.00226952,0.002299576,0.0021714,0.002318351,0.00234531,0.00235198,0.002376833,0.002417922,0.001724911,0.00168685,0.001801568,0.003103047,0.003526293,0.003758008,0.004500292,0.005720392,0.010377165,0.011519421,0.012189116,0.010990731,0.013998941,0.01064121,0.013019641,0.013019952,0.012038286,0.008082148,0.007947266,0.008394689,0.198433733
Africa,        Mauritania,0.0002597,0.00031359,0.000397252,0.000410281,0.00037584,0.000323857,0.000188028,0.000260475,0.0002581,0.0002608,0.00026005,0.0002609,0.000268892,0.000268034,0.000288848,0.000288736,0.00028952,0.00030639,0.000285516,0.00030678,0.000333256,0.000358146,0.000359871,0.000678531,0.000676132,0.000945453,0.000932369,0.000814202,0.000945406,0.001443802,0.001524076,0.001696404,0.001765032,0.002587757,0.002745126,0.003609272,0.00346248,0.003757191,0.004618633,0.004748505,0.004902213,0.005059362,0.053834809
Africa,        Mauritius,0.000851816,0.000616727,0.000972222,0.000368201,0.0006786,0.001190958,0.001138614,0.001448241,0.001022076,0.001533504,0.000873768,0.000772264,0.001158304,0.001061827,0.0007737,0.001381808,0.00105468,0.000939596,0.001060488,0.00317006,0.005151505,0.00537316,0.005239095,0.005538375,0.005723142,0.005433457,0.004922502,0.005173483,0.005847364,0.00593408,0.006370668,0.005353516,0.005386056,0.005667354,0.005666058,0.00633692,0.006120816,0.005739699,0.005897116,0.00626912,0.005904229,0.006055646,0.147170816
Africa,        Morocco,0.015980193,0.011703185,0.006723127,0.005793344,0.004424771,0.0056998,0.007230371,0.009297296,0.010323061,0.012646261,0.013369025,0.015640493,0.013775938,0.009690937,0.013254146,0.007067876,0.02088158,0.021482294,0.020341983,0.014496242,0.014729775,0.015983044,0.015146445,0.021481317,0.023098602,0.014486249,0.018433317,0.023501988,0.026541689,0.044400732,0.053365808,0.041739504,0.039406884,0.058258475,0.054869687,0.058143076,0.060929688,0.063357173,0.070961754,0.064575461,0.062374859,0.075093194,1.160700642
Africa,        Mozambique,0.139258616,0.03498608,0.030001924,0.053244387,0.005002004,0.001996751,0.001437608,0.001376016,0.001614776,0.0016305,0.004031862,0.004646316,0.004439024,0.006176729,0.006139852,0.0059142,0.0068191,0.010568607,0.014088159,0.059183556,0.075401459,0.102273581,0.106211255,0.10157064,0.112202804,0.123513668,0.134738277,0.144686664,0.137675188,0.14933568,0.149230156,0.152346964,0.139120536,0.135773392,0.146147036,0.148626483,0.132442496,0.123478468,0.121747564,0.125397057,0.125350492,0.129504928,3.209330855
Africa,        Namibia,--,--,--,--,--,--,--,--,--,--,0.001999432,0.0022178,0.001890248,0.003244812,0.00267842,0.014292688,0.01238814,0.010484832,0.011989002,0.014332478,0.015896466,0.016741148,0.01896151,0.019684849,0.021150092,0.022113223,0.022304873,0.022269984,0.021719558,0.020906168,0.020264328,0.02148464,0.022567316,0.021877286,0.023825424,0.023067193,0.023140728,0.025182934,0.02402047,0.023007376,0.02407762,0.020621058,0.550402096
Africa,        Niger,0.000300256,0.00040944,0.000457208,0.000481092,0.000440148,0.000440148,0.000535684,0.000607336,0.000620984,0.00063122,0.000638044,0.000641456,0.00064828,0.000658516,0.000672164,0.00064828,0.0006824,0.000668752,0.00073358,0.0005118,0.000696048,0.00075064,0.000719932,0.00080182,0.001003128,0.001153256,0.001357976,0.001528576,0.00156952,0.001818596,0.001873188,0.002071084,0.002240056,0.002120116,0.002575624,0.002770693,0.002777964,0.003021335,0.003803488,0.004016114,0.004184054,0.004356604,0.0586366
Africa,        Nigeria,0.028108924,0.024487644,0.024985702,0.019200677,0.026443934,0.030740796,0.037426243,0.033755488,0.040848951,0.042672151,0.045059205,0.061153075,0.061690116,0.056523244,0.056458696,0.05614884,0.0563013,0.056549381,0.058231421,0.06219106,0.058060435,0.060497079,0.082960185,0.074656895,0.0804604,0.077022297,0.061626747,0.061063352,0.055941158,0.04389072,0.0617067,0.056731724,0.053660724,0.050710415,0.05076438,0.053218852,0.074977596,0.071110817,0.070471333,0.075621714,0.067986153,0.070763018,2.29287954
Africa,        Reunion,0.003137177,0.003867611,0.00441159,0.004502568,0.00421776,0.005045901,0.005191662,0.005459556,0.004315432,0.005132544,0.005658688,0.004758816,0.00506758,0.005082337,0.005085788,0.005125064,0.00517,0.005504807,0.005618547,0.005654978,0.008313815,0.008349064,0.00824013,0.0081405,0.008723936,0.008449155,0.008510502,0.008935136,0.008957286,0.00830576,0.008868204,0.00806428,0,0,0,0,0,0,0,0,0,0,0.199866174
Africa,        Rwanda,0.001316844,0.001260907,0.001482507,0.001619231,0.00171496,0.001750418,0.001621282,0.001763308,0.001782112,0.0018487,0.001747038,0.001759072,0.001788848,0.001607985,0.001646828,0.001660004,0.001505604,0.001692084,0.001866948,0.00150001,0.001449627,0.001332489,0.00143369,0.001587241,0.001230312,0.000956778,0.000598385,0.000706773,0.000961681,0.00117926,0.001357347,0.001533531,0.001613464,0.001751878,0.00230614,0.003115255,0.003085347,0.003578383,0.003643168,0.00420471,0.005207501,0.004558453,0.080326103
Africa,        Saint Helena,0,0,0,0,0,0,0,0,0,0,0,0,0,0,0,0,0,0,0,0,0,0,0,0,0,0,0,0,0,0,0,0,0,0,0,0,0,0,0,0,0,0,0
Africa,        Sao Tome and Principe,7.27E-05,7.32E-05,8.36E-05,6.31E-05,0.00008352,0.000083576,0.000073122,0.000083352,0.000082592,0.000083456,0.000083216,0.000083488,0.000082736,0.000082472,0.000082528,0.000082496,0.00008272,0.000081704,0.000071379,0.000092034,0.00010201,0.000041332,0.000061038,0.000070875,0.000060096,0.000039996,0.000079352,0.00009884,0.000078832,0.00006832,0.00004878,0.000058296,0.000057096,0.000057246,0.00005706,0.000074552,0.000064624,0.000064491,0.000063728,0.00008905,0.00008773,0.00008773,0.003118104
Africa,        Senegal,0,0,0,0,0,0,0,0,0,0,0.000457688,0.000459184,0.000455048,0.000463905,0.00046422,0.000474352,0.00048598,0.000490224,0.000499653,0.0005113,0.000540653,0.000640646,0.002665326,0.00394875,0.00335536,0.003189681,0.002836834,0.002164596,0.00266058,0.003645868,0.003994912,0.003956856,0.00432008,0.004514279,0.004622736,0.004845158,0.005188848,0.006031984,0.007220194,0.007709586,0.010198224,0.011184066,0.104196771
Africa,        Seychelles,0,0,0,0,0,0,0,0,0,0,0,0,0,0,0,0,0,0,0,0,0,0,0,0,0,0,0,0,0,0,0,0,0,0.000066787,0.00007608,0.000083871,0.000083088,0.00009213,0.000109248,0.000418535,0.000570245,0.000684119,0.002184103
Africa,        Sierra Leone,0,0,0,0,0,0,0,0,0,0,0,0,0,0,0,0,0,0,0,0,0.000153015,0.000154995,0.000162768,0.000162,0.000160256,0.000179982,0.000039676,0.000177912,0.000177372,0.00017568,0.001199988,0.0014574,0.001103856,0.001001805,0.00116973,0.001202151,0.001209392,0.00128982,0.001638192,0.001691434,0.001666361,0.001666361,0.017840146
Africa,        Somalia,0,0,0,0,0,0,0,0,0,0,0,0,0,0,0,0,0,0,0,0,0,0,0,0,0,0,0,0,0,0,0,0,0.000038064,0.000038164,0.000038991,4.85E-05,0.000110784,0.000158464,0.000156589,0.000153166,0.000264945,0.000311266,0.001318891
Africa,        South Africa,0.010304899,0.017310172,0.010621269,0.006259411,0.0463053,0.061305948,0.107695182,0.080416959,0.140806332,0.14319038,0.093026232,0.106875408,0.094804771,0.062674489,0.095777834,0.108783854,0.115905213,0.132482296,0.154285839,0.15329094,0.161091858,0.141446883,0.165558467,0.143481849,0.149893132,0.132826969,0.126944949,0.138236354,0.140252537,0.133076916,0.156236032,0.148857644,0.131775197,0.143002241,0.17885437,0.166431356,0.229602197,0.246729259,0.220344595,0.241139945,0.216477807,0.266435818,5.520819103
Africa,        South Sudan,--,--,--,--,--,--,--,--,--,--,--,--,--,--,--,--,--,--,--,--,--,--,--,--,--,--,--,--,--,--,--,--,0.000019032,0.000019082,0.00001902,0.000018638,0.000018464,0.000027639,0.00009104,0.00008905,0.00008773,0.00008773,0.000477425
Africa,        Sudan,0.005170126,0.007752834,0.008014924,0.008037294,0.00783,0.009548558,0.009547644,0.009543804,0.009477432,0.009660032,0.009861096,0.010728208,0.011148676,0.01113372,0.01145076,0.009920144,0.01099142,0.010652159,0.010533501,0.012250748,0.012965471,0.014104545,0.014181162,0.012970125,0.012379776,0.013918608,0.014838824,0.01566614,0.015736838,0.03267648,0.061228656,0.063416332,0.063611712,0.079963121,0.08514303,0.078903973,0.074853056,0.086639052,0.088330923,0.088330476,0.091267274,0.088949349,1.303328003
Africa,        Tanzania,0.010252959,0.01065161,0.010746717,0.011193299,0.01142136,0.011637958,0.011166774,0.012106878,0.012751179,0.014943501,0.015967971,0.017842421,0.016914246,0.017352968,0.015266062,0.015725451,0.017900224,0.014807891,0.021129466,0.022035983,0.021808684,0.026854808,0.027682839,0.025880051,0.02375289,0.017861637,0.014689941,0.025124057,0.026035465,0.026459519,0.027131462,0.020611085,0.018070514,0.017750635,0.026023078,0.02118627,0.023548355,0.023488089,0.022287745,0.02424147,0.029702812,0.028522162,0.810528487
Africa,        Togo,0.00100208,0.001083026,0.00129875,0.000943696,0.00107912,0.001527552,0.001578656,0.00167214,0.001671744,0.001970284,0.001964022,0.002747728,0.002299608,0.00342879,0.002601548,0.00368728,0.0031588,0.002144009,0.003207396,0.003440678,0.001972083,0.001801853,0.001993053,0.002398171,0.002195764,0.002238031,0.002253757,0.002522532,0.00287708,0.003163585,0.003042191,0.003400079,0.003161841,0.002996573,0.004063041,0.00346971,0.003420084,0.004136494,0.00422151,0.00549795,0.004174459,0.004257276,0.111764026
Africa,        Tunisia,0.002395214,0.002487674,0.002307702,0.001926133,0.002855008,0.003584767,0.002888835,0.004200836,0.003129271,0.003352016,0.003538861,0.003923616,0.003719953,0.004231253,0.003683816,0.003528874,0.004389091,0.003899208,0.00194999,0.004468306,0.004045241,0.003728928,0.002914776,0.003533805,0.002508039,0.002175409,0.001397296,0.000916242,0.000747206,0.001948278,0.002008475,0.001554559,0.002907642,0.004012095,0.005409332,0.005141825,0.00543615,0.005447226,0.005562036,0.006745208,0.005413964,0.006805827,0.14681998
Africa,        Uganda,0.005589538,0.004751642,0.005075217,0.004652953,0.005652288,0.005827136,0.005897268,0.005775916,0.005622924,0.006690752,0.007540602,0.007632704,0.009680622,0.009487054,0.009896084,0.01028054,0.011054,0.01227174,0.012186487,0.01225356,0.015568213,0.015749221,0.016451021,0.017444207,0.018729268,0.018689978,0.012063302,0.014370632,0.017247012,0.015158332,0.015922879,0.015830292,0.015805244,0.024488056,0.025408269,0.025785135,0.03381218,0.034630012,0.036925333,0.036953164,0.037836141,0.037374429,0.660061348
Africa,        Western Sahara,0,0,0,0,0,0,0,0,0,0,0,0,0,0,0,0,0,0,0,0,0,0,0,0,0,0,0,0,0,0,0,0,0,0,0,0,0,0,0,0,0,0,0
Africa,        Zambia,0.084250442,0.090951609,0.09276674,0.093613621,0.091707448,0.092414884,0.09076501,0.081980147,0.080546524,0.064865504,0.075368102,0.07546398,0.074200986,0.073979034,0.074053328,0.075301344,0.06849138,0.075740851,0.072353796,0.07278691,0.0741458,0.077555625,0.07969128,0.081952189,0.084861488,0.08908863,0.094105967,0.09416468,0.093821618,0.094043332,0.099506172,0.111397717,0.1142021,0.122629646,0.128643103,0.119627497,0.106216509,0.114723184,0.121841342,0.108908301,0.110105274,0.138902095,3.86173519
Africa,        Zimbabwe,0.048444954,0.050467834,0.046948502,0.046385947,0.044750279,0.040920425,0.0425037,0.029455262,0.031615066,0.040564523,0.045798166,0.042218631,0.036289722,0.024696334,0.020230947,0.020054087,0.022266934,0.02386153,0.022680314,0.035330584,0.044230305,0.039458322,0.047362774,0.059565218,0.059272729,0.05529331,0.063901575,0.060712377,0.057708724,0.054348202,0.055831638,0.048768864,0.050187342,0.048011757,0.049819783,0.044671411,0.034028921,0.044062306,0.049737494,0.040665692,0.037481934,0.037381368,1.797985788
Asia & Oceania,        Afghanistan,0.00738587,0.007536615,0.007390981,0.007847934,0.00790308,0.00804419,0.007447998,0.007876764,0.007681056,0.007824,0.007863912,0.007554288,0.005338738,0.00518643,0.005254308,0.004657984,0.00410806,0.003629786,0.0034003,0.003409,0.003523912,0.005487034,0.005987215,0.00671995,0.00600024,0.00625767,0.007792387,0.00947114,0.007906791,0.011515596,0.012693347,0.013447287,0.01750106,0.020778165,0.02216852,0.022529794,0.024570116,0.0257575,0.025797592,0.024685194,0.023570174,0.024430387,0.455932363
Asia & Oceania,        American Samoa,0,0,0,0,0,0,0,0,0,0,0,0,0,0,0,0,0,0,0,0,0,0,0,0,0,0,0,0,0,0,0,0,8.56E-06,0.000019082,0.00001902,0.000018638,0.000027696,0.000046065,0.00004552,0.000044525,0.000043865,0.000043865,0.00031684
Asia & Oceania,        Australia,0.133988864,0.14927951,0.145706523,0.130429593,0.128791941,0.145220687,0.148477395,0.139897468,0.123745244,0.13529352,0.134455644,0.147391875,0.144718742,0.160848197,0.159909225,0.159163281,0.161389643,0.17377146,0.166817118,0.179989344,0.175868345,0.181885645,0.175628589,0.18058361,0.177790781,0.194030441,0.207380793,0.191001154,0.162295613,0.171251428,0.196298789,0.24224994,0.23282382,0.301941981,0.324378047,0.289463048,0.34163906,0.368926528,0.381902286,0.472231631,0.552277272,0.618524061,9.109658137
Asia & Oceania,        Bangladesh,0.00677315,0.005663374,0.007117005,0.007216836,0.009533069,0.007720333,0.0047007,0.005334528,0.006896432,0.009503552,0.00910175,0.00866188,0.008149496,0.006206018,0.008655124,0.006228448,0.00756888,0.00727186,0.008729142,0.008437473,0.009563438,0.010167672,0.010752861,0.01131975,0.012199488,0.012848715,0.013737815,0.007531608,0.009469694,0.00457744,0.00814227,0.0094991,0.00863262,0.010241825,0.015210182,0.019006398,0.024488344,0.027807894,0.028702311,0.033007215,0.033966047,0.03433713,0.504678865
Asia & Oceania,        Bhutan,7.94E-05,9.36E-05,0.000107516,9.78E-05,0.000114228,0.000155228,0.00229786,0.008603852,0.011056364,0.011238556,0.011279978,0.011489112,0.011668464,0.011700832,0.012149704,0.012666028,0.014106744,0.014135,0.013592111,0.013568764,0.013578456,0.015127485,0.01691255,0.019099026,0.017857828,0.020410628,0.035878314,0.045929084,0.047728758,0.049393788,0.052191204,0.049914104,0.047681576,0.053274931,0.050977444,0.052960956,0.053381648,0.051350755,0.047553396,0.05906527,0.058396323,0.061202537,1.080067242
Asia & Oceania,        Brunei,0,0,0,0,0,0,0,0,0,0,0,0,0,0,0,0,0,0,0,0,0,0,0,0,0,0,0,0,0,0,0,0,0.000019032,0.000019082,0.00001902,0.000009319,0.000009232,0.000018426,0.000018208,0.00001781,0.000017546,2.14E-05,0.000169081
Asia & Oceania,        Burma,0.008550589,0.009316478,0.009895035,0.010537632,0.010678551,0.010633471,0.011050474,0.010835095,0.009840672,0.012100104,0.01256541,0.013096056,0.015779144,0.017591179,0.016583493,0.016703257,0.01695565,0.017101378,0.009642994,0.010561161,0.019129048,0.018689073,0.022541517,0.022559354,0.023880889,0.029698257,0.032727547,0.035501496,0.03981551,0.050801061,0.049374287,0.072355408,0.075016593,0.085393016,0.085409333,0.088939146,0.083334722,0.098629567,0.10979671,0.092546753,0.095030395,0.077536458,1.558723964
Asia & Oceania,        Cambodia,0.000509012,0.000554009,0.00057497,0.000420801,0.0003132,0.000365645,0.00041784,0.000468855,0.0005162,0.000563328,0.000644924,0.000667904,0.000692914,0.000711321,0.000732436,0.000752776,0.00079618,0.000582141,0.00050985,0.000449944,0.000479447,0.000327147,0.000329074,0.000476694,0.000364901,0.000688889,0.000828983,0.000993896,0.00155266,0.002915828,0.005681287,0.006874483,0.012247627,0.017548794,0.023890839,0.024338515,0.03007769,0.030811398,0.049127103,0.048335498,0.052146506,0.051369334,0.37265084
Asia & Oceania,        China,0.59235996,0.673220084,0.758539036,0.89197379,0.889890322,0.949460282,0.969000492,1.021495867,1.092632968,1.183627945,1.273583206,1.273446191,1.331859809,1.507771086,1.73158528,1.808169886,1.836043246,1.801495333,1.896671697,2.030177265,2.002910998,2.640363132,2.798037349,2.88236704,3.607054958,4.123133175,4.457183126,4.985793092,6.292055168,7.032067373,8.257256443,8.44370409,10.41462012,11.52737719,13.32030727,14.46066951,15.99041091,17.582274,19.39344625,21.27229075,22.75975116,24.71756296,254.4736398
Asia & Oceania,        Cook Islands,0,0,0,0,0,0,0,0,0,0,0,0,1.03E-06,1.03E-06,1.03E-06,1.03E-06,0.000001034,1.02E-06,1.02E-06,1.02E-06,1.02E-06,1.03E-06,1.02E-06,1.01E-06,1.00E-06,1.00E-06,9.92E-07,9.88E-07,9.85E-07,9.76E-07,9.76E-07,9.72E-07,9.52E-07,7.63E-06,1.38E-05,3.24E-05,4.32E-05,0.000064491,0.000145664,0.000133575,0.000114049,0.00013914,0.000715015
Asia & Oceania,        Fiji,0,0,0,0.000515481,0.0029754,0.003040077,0.003645654,0.003813354,0.003582428,0.003619904,0.004171202,0.004184836,0.004198852,0.004185454,0.004394616,0.00458884,0.00461164,0.004596054,0.00446651,0.004805709,0.005172927,0.005611852,0.005667378,0.004435763,0.004718538,0.004410559,0.004494299,0.00596104,0.005952801,0.005378736,0.004715075,0.005140736,0.005604924,0.005600567,0.004607557,0.004495346,0.005068599,0.005190687,0.006009487,0.005971693,0.006049861,0.006057342,0.181711777
Asia & Oceania,        French Polynesia,0,0,0,0.00016832,0.00025056,0.000334304,0.00036561,0.000364665,0.000598792,0.000667648,0.000717738,0.000772264,0.00093078,0.000969046,0.000990336,0.001289,0.00137522,0.001358329,0.001539747,0.000889662,0.001183316,0.001084965,0.001332663,0.00155925,0.001782848,0.001789821,0.0019838,0.002204132,0.002089048,0.00205936,0.002705339,0.002237595,0.002010731,0.001624832,0.001850209,0.001854593,0.002003381,0.001953967,0.001839399,0.001959991,0.001948483,0.001974802,0.054614546
Asia & Oceania,        Guam,0,0,0,0,0,0,0,0,0,0,0,0,0,0,0,0,0,0,0,0,0,0,0,0,0,0,0,0,0,9.76E-07,1.95E-06,1.94E-06,5.71E-06,0.000019082,2.49E-05,0.000287771,0.000612479,0.000558603,0.00062783,0.000614107,0.000605004,0.000736174,0.004096526
Asia & Oceania,        Hawaiian Trade Zone,0,0,0,0,0,0,0,--,--,--,--,--,--,--,--,--,--,--,--,--,--,--,--,--,--,--,--,--,--,--,--,--,--,--,--,--,--,--,--,--,--,--,0
Asia & Oceania,        Hong Kong,-0.000894827,-0.000703822,-0.000857341,-0.001220451,-0.002455027,-0.003471716,-0.004027398,-0.004565503,-0.00485948,-0.00602473,-0.006091961,-0.010429438,-0.016903362,-0.014099682,0.006860067,0.015015337,0.024160234,0.024965604,0.02187092,0.028548204,0.030786476,0.030090428,0.027319884,0.025211268,0.023031,0.022188236,0.021740947,0.023634572,0.024741726,0.024695104,0.02736162,0.026995188,0.032221236,0.028766068,0.031366514,0.036731223,0.0368688,0.039651279,0.042392588,0.043645469,0.044718534,0.044251058,0.733224846
Asia & Oceania,        India,0.517489429,0.552150982,0.52780318,0.564101368,0.60158034,0.582146624,0.612472252,0.547942734,0.658905499,0.692551994,0.809678104,0.822354855,0.799842187,0.804273058,0.926027289,0.867578726,0.843921901,0.958912857,1.025167518,1.049917096,1.028320188,1.080197968,1.08626207,1.120517292,1.213571586,1.420151789,1.618501926,1.598173347,1.615592245,1.646968661,1.747442223,2.119679605,2.046262639,2.323505644,2.400015417,2.277041363,2.509923448,2.750739312,3.024206318,3.226915762,3.335489797,3.533347368,59.48764396
Asia & Oceania,        Indonesia,0.024132939,0.031172694,0.029868856,0.033695893,0.03627463,0.044688004,0.061076854,0.055479181,0.069580739,0.08327425,0.082341287,0.08619178,0.105189971,0.095633185,0.097207273,0.109297645,0.116325171,0.08648188,0.134869717,0.133046294,0.152450131,0.183736368,0.165529515,0.156717128,0.164365093,0.173799528,0.162108163,0.181658943,0.196311472,0.203044211,0.262792787,0.215782947,0.299250648,0.343072073,0.333750624,0.319734645,0.383889045,0.412905403,0.459062764,0.444879337,0.488620781,0.517621882,7.736911732
Asia & Oceania,        Japan,1.709850549,1.752727,1.884773163,2.024262032,2.132809515,2.464713072,2.552965384,2.807984871,2.858272113,2.908273401,2.974232493,3.147581273,3.068733325,3.437689968,3.358207486,3.747882119,3.872642148,4.191543497,4.262244338,4.104083985,4.120302309,4.064761847,3.793229774,3.4050181,3.839825711,3.827811092,4.018082629,3.670397274,3.415845383,3.609323019,3.866047436,2.606301087,1.115182825,1.216502817,1.306685685,1.443301823,1.572892041,1.825537901,2.070113981,2.277291942,2.085216385,2.432341134,120.8434839
Asia & Oceania,        Kiribati,0,0,0,0,0,0,0,0,0,0,0,0,0,0,0,0,0,0,0,0,0,0,0,0,0,4.00E-06,3.97E-06,3.95E-06,0.000004927,0.00000488,6.83E-06,6.80E-06,7.61E-06,7.63E-06,1.21E-05,3.64E-05,4.47E-05,4.46E-05,4.40E-05,4.31E-05,4.24E-05,4.24E-05,0.000360271
Asia & Oceania,        Laos,0.007076439,0.008889148,0.009375189,0.008413387,0.007466144,0.006919527,0.00662067,0.004614661,0.00416114,0.00568088,0.00676855,0.006971904,0.006836472,0.007044243,0.006711404,0.00848636,0.0098552,0.009548255,0.0138428,0.017500212,0.023774798,0.024924253,0.02402455,0.021755044,0.022640749,0.02759009,0.02936208,0.0283958,0.0316583,0.030362908,0.063061308,0.091425544,0.092183614,0.108222132,0.108441936,0.097198064,0.097778187,0.102275182,0.1120262,0.098871607,0.150811409,0.144745545,1.694311886
Asia & Oceania,        Macau,0,0,0,0,0.0000853,0.000160364,0.000143304,0.00013648,0.000133068,0.000177424,0.000303668,0.0003412,0.000388968,0.0003412,0.00047768,0.001183964,0.000593688,0.000576628,0.000552744,0.000593688,0.0003412,0.000655104,0.000644868,0.000610748,0.000515212,0.001163492,0.00329258,0.005742396,0.007885132,0.0075975,0.009507538,0.010798298,0.013154284,0.013847943,0.013985106,0.015669797,0.015236078,0.014293262,0.01841326,0.018910838,0.018215168,0.019387439,0.21605661
Asia & Oceania,        Malaysia,0.014798801,0.01677121,0.013707446,0.017862427,0.035734228,0.039608236,0.041862372,0.050547811,0.05777066,0.05354702,0.041162632,0.045453792,0.04458148,0.049802195,0.06679474,0.063859404,0.053023936,0.039146475,0.048890891,0.075880082,0.074793452,0.065531287,0.053444102,0.057572892,0.058372027,0.044352117,0.055953243,0.056515964,0.071689406,0.078088171,0.074140737,0.08680294,0.106859333,0.128544153,0.140754827,0.17243484,0.206891068,0.276678237,0.287965437,0.295279411,0.287081654,0.285371487,3.835922623
Asia & Oceania,        Maldives,0,0,0,0,0,0,0,0,0,0,0,0,0,0,0,0,0,0,0,0,0,0,0,0,0,1.00E-07,2.98E-07,2.01E-05,2.00E-05,1.98E-05,2.05E-05,2.14E-05,0.000038064,0.000047705,0.00007608,0.000083871,0.000120016,0.000165834,0.000245808,0.000293865,0.000368466,0.000445668,0.001987519
Asia & Oceania,        Micronesia,0,0,0,0,0,0,0,0,0,0,0,0,0,0,0,0,0,0,0,0,0,0,0,0,0,0,0,0,0,0,0,0,0,0,0,0,0,0,0,0,0,0,0
Asia & Oceania,        Mongolia,0.00100654,0.001576344,0.002640888,0.002367928,0.001422804,0.000522036,0.000296844,0.00023884,0.0002559,0.000539096,0.00054592,0.000286608,0.000395792,0.0001706,0.0003412,0.001299972,0.00134774,0.00114302,0.000999716,0.000487916,0.000532272,0.000607336,0.000508388,0.000560707,0.000560287,0.000563692,0.000758143,0.000679653,0.00070967,0.000560402,0.001251215,0.001450794,0.0017481,0.005175907,0.006386598,0.00671411,0.00709309,0.007563855,0.009610941,0.01157243,0.011565386,0.011705968,0.105764648
Asia & Oceania,        Nauru,0,0,0,0,0,0,0,0,0,0,0,0,0,0,0,0,0,0,0,0,0,0,0,0,0,0,0,0,0,0,0,0,0,0,0,0,0,0.000009213,0.000009104,0.00001781,0.000026319,3.21E-05,9.46E-05
Asia & Oceania,        Nepal,0.001944297,0.002314117,0.002324125,0.003487534,0.003688472,0.003710656,0.004621856,0.005691637,0.005927892,0.005932752,0.009231738,0.009300476,0.008791992,0.009050353,0.009641168,0.011817628,0.011988512,0.010727039,0.011884672,0.014814582,0.016829428,0.018841247,0.021544262,0.022488928,0.024261608,0.025494136,0.027720476,0.028564756,0.028510964,0.032014448,0.033277826,0.036208779,0.036094687,0.03776421,0.040550227,0.038142875,0.046373403,0.052244555,0.05478228,0.061243695,0.064922814,0.063118211,0.957885312
Asia & Oceania,        New Caledonia,0.002867089,0.002801405,0.004265234,0.002924565,0.00414468,0.005004113,0.004157508,0.002646426,0.005440748,0.005382912,0.004743312,0.00354824,0.003536964,0.003525678,0.003878816,0.00433104,0.0040326,0.00367668,0.004007421,0.004775542,0.004539445,0.00382321,0.003306225,0.003290625,0.003335612,0.003559644,0.003124485,0.004210584,0.004759482,0.00421632,0.003053628,0.004051572,0.004348812,0.004897672,0.003340102,0.003815255,0.00265733,0.003998811,0.003734807,0.00475527,0.003675887,0.004024177,0.164209926
Asia & Oceania,        New Zealand,0.219123863,0.22358643,0.209717104,0.226297108,0.232499857,0.224434862,0.249850513,0.247409452,0.256010783,0.259267763,0.269493689,0.269055237,0.247696503,0.272767155,0.295511029,0.312179578,0.298668979,0.266489308,0.289525271,0.268714911,0.285302148,0.258929835,0.285906144,0.270766322,0.307183189,0.27416308,0.276896475,0.281215001,0.274933244,0.300694317,0.316720078,0.325278189,0.300877745,0.305912115,0.326125706,0.328425162,0.338338138,0.328829725,0.33390233,0.323696532,0.307990781,0.31323992,11.80362557
Asia & Oceania,        Niue,0,0,0,0,0,0,0,0,0,0,0,0,0,0,0,0,0,0,0,0,0,0,0,0,0,0,0,0,0,0,0,0,0,0,0,0,0,0,0,0,0,0,0
Asia & Oceania,        North Korea,0.109853651,0.112187329,0.113860189,0.116236025,0.117018265,0.128055064,0.135281965,0.141123361,0.154235491,0.155426359,0.160746715,0.155352694,0.146045797,0.136701345,0.142204715,0.147666547,0.130765479,0.109557967,0.105330327,0.106322427,0.104501796,0.10915007,0.108528138,0.119925971,0.124574331,0.130728261,0.124429113,0.130162308,0.137460564,0.120903485,0.129513761,0.127094043,0.127310648,0.131426214,0.12254488,0.092434289,0.117172599,0.108735939,0.115570077,0.098106501,0.112440174,0.105419877,5.222104749
Asia & Oceania,        Northern Mariana Islands,0,0,0,0,0,0,0,0,0,0,0,0,0,0,0,0,0,0,0,0,0,0,0,0,0,0,0,0,0,0,0,0,0,0,0,0,0,0,0,0,0,0,0
Asia & Oceania,        Pakistan,0.089640804,0.095357232,0.100529086,0.121050441,0.136394208,0.13040404,0.14746974,0.16323418,0.172703008,0.176004048,0.17822619,0.193397712,0.221805218,0.202536604,0.239444418,0.242336846,0.217251011,0.227668211,0.231338211,0.197307429,0.179822282,0.215690618,0.244822992,0.290310868,0.277334539,0.334160873,0.344178243,0.308964148,0.293122874,0.314784581,0.35028327,0.332025114,0.354931954,0.372681837,0.383182662,0.398777423,0.399781257,0.402559383,0.503309091,0.472778807,0.492908549,0.575709913,11.32621992
Asia & Oceania,        Papua New Guinea,0.003241057,0.003209072,0.003146655,0.004008127,0.00423864,0.004345952,0.004721592,0.004511427,0.00454256,0.0046944,0.00473291,0.00474838,0.00470561,0.004690595,0.00474536,0.008888944,0.00965756,0.007179739,0.008759223,0.00930566,0.009527734,0.009651022,0.009491409,0.009952875,0.00946512,0.011913809,0.011560595,0.012518086,0.012401259,0.01229272,0.012394998,0.013451802,0.013327158,0.013543373,0.013746629,0.013421913,0.013255139,0.011347956,0.011137724,0.01106001,0.010896066,0.010898723,0.365329583
Asia & Oceania,        Philippines,0.061308461,0.070590042,0.078970523,0.075742233,0.102225742,0.109095063,0.110303137,0.102203743,0.115404423,0.124145413,0.123994323,0.116644217,0.105544988,0.113394694,0.130044551,0.131579719,0.143117606,0.140012597,0.144628813,0.190770392,0.201284596,0.182973258,0.177203639,0.180307269,0.189793891,0.183591393,0.203117005,0.186326946,0.203330141,0.197199825,0.174369056,0.193228844,0.197301148,0.189741872,0.188390554,0.195354053,0.203277206,0.21387279,0.212643332,0.196874747,0.195955726,0.201384683,6.557242653
Asia & Oceania,        Samoa,7.27E-05,7.32E-05,0.000125448,0.00012624,0.00016704,0.000177599,0.00020892,0.000187542,0.000185832,0.00020864,0.00020804,0.00020872,0.00025855,0.000257725,0.0002579,0.000268112,0.0003102,0.000337029,0.000387486,0.000439718,0.000357035,0.000495984,0.000630726,0.00054675,0.0005008,0.00049995,0.000505869,0.000515945,0.000524233,0.000528992,0.000519019,0.000536323,0.000352092,0.000305312,0.000306222,0.000365584,0.000430987,0.000513809,0.00059125,0.000571078,0.000562612,0.000562612,0.015189813
Asia & Oceania,        Singapore,-0.000201645,-8.41E-05,-0.000121294,3.08E-06,-5.26E-05,2.59E-05,0.000280648,0.000300314,0.000348045,0.000505183,0.001936982,0.005295247,0.005262152,0.00495939,0.004712381,0.00514454,0.005004104,0.005001131,0.004994746,0.005009168,0.004995528,0.009771413,0.009893813,0.010371065,0.009847583,0.009252318,0.009660393,0.009717713,0.010517002,0.0114928,0.015153745,0.015204386,0.015112822,0.017672086,0.018106475,0.017970456,0.018610846,0.018412448,0.019562544,0.020475651,0.020409615,0.022110307,0.362644313
Asia & Oceania,        Solomon Islands,0,0,0,0,0,0,0,0,0,0,0,0,0,0,0,0,0,0,0,0,0,0,0,0,0,0,0.000009919,0.000019768,0.000019708,0.00002928,0.000019512,0.000038864,0.000038064,3.89E-05,5.21E-05,5.14E-05,5.65E-05,6.65E-05,6.28E-05,6.14E-05,6.05E-05,6.05E-05,0.000685719
Asia & Oceania,        South Korea,0.051967237,0.052830317,0.055060032,0.117799047,0.142427309,0.200446107,0.313856215,0.431271054,0.419511542,0.502676298,0.559043346,0.579865229,0.578180562,0.606214822,0.589588274,0.676014748,0.737361603,0.765614174,0.900287656,1.03153216,1.087513715,1.116810944,1.173048994,1.291123059,1.296992084,1.414977174,1.449339931,1.416236917,1.48933903,1.453447563,1.482945569,1.551275373,1.495790265,1.397536115,1.56146499,1.651987929,1.666224066,1.567397022,1.468556265,1.603189499,1.770696069,1.859245226,41.57668553
Asia & Oceania,        Sri Lanka,0.015208037,0.016264872,0.016632321,0.012666102,0.02160036,0.02475939,0.027337182,0.022442526,0.02653268,0.028927936,0.032391828,0.03219506,0.029691882,0.038741222,0.041759168,0.045444984,0.03328446,0.034856969,0.039523572,0.042243606,0.032398376,0.03192897,0.02726364,0.033179625,0.029507136,0.034336566,0.038366692,0.038814468,0.04054921,0.03814208,0.055423836,0.045801224,0.032773104,0.06802733,0.04611399,0.059091779,0.04288264,0.041661186,0.063536725,0.050178277,0.051395313,0.052708368,1.536584693
Asia & Oceania,        Taiwan,0.108528472,0.156049763,0.186559877,0.247894755,0.298381062,0.356650561,0.339837337,0.396229237,0.361863698,0.346267953,0.409233035,0.398685097,0.411540553,0.394747937,0.408623124,0.411647511,0.436085423,0.425598245,0.442724192,0.44575275,0.453408081,0.435098931,0.459539325,0.457472362,0.464551999,0.474731625,0.479435908,0.496240826,0.49430724,0.489255231,0.500995624,0.508878759,0.506331965,0.519514952,0.517992319,0.463256064,0.436043036,0.343224274,0.398272768,0.467322045,0.452178395,0.436083702,17.23703601
Asia & Oceania,        Thailand,0.01567518,0.033257359,0.042215324,0.040410018,0.045496885,0.041919086,0.060514483,0.044907452,0.041714516,0.061500953,0.055246179,0.051673414,0.046922887,0.04221035,0.051830314,0.076441925,0.089372978,0.081012859,0.063056426,0.053936212,0.077003267,0.079769343,0.09288307,0.094208848,0.08442567,0.087231187,0.110550782,0.111105985,0.101899655,0.103469087,0.107051251,0.153216189,0.158608649,0.16831542,0.174356923,0.171684446,0.296741954,0.317527405,0.361893988,0.377174004,0.350375824,0.388326272,5.007134015
Asia & Oceania,        Timor-Leste,--,--,--,--,--,--,--,--,--,--,--,--,--,--,--,--,--,--,--,--,--,--,--,0,0,0,0,0,0,0,0,0,0.000009516,0.000009541,0.00000951,0.000009319,0.000018464,0.000018426,0.000018208,0.00001781,0.000017546,0.000017546,0.000145886
Asia & Oceania,        Tonga,0,0,0,0,0,0,0,0,0,0,0,0,0,0,0,0,0,0,0,0,0,0,0,0,0,0,0,0,0,0,0,0,0.000009516,0.000028623,0.00003804,0.000046595,0.00004616,0.000055278,0.000063728,0.00007124,0.00008773,0.00008773,0.00053464
Asia & Oceania,        Tuvalu,0,0,0,0,0,0,0,0,0,0,0,0,0,0,0,0,0,0,0,0,0,0,0,0,0,0,0,0,0,0,0,0,0,0,0,0,0,0,0,0,0,0,0
Asia & Oceania,        U.S. Pacific Islands,0,0,0,0,0,0.000167152,0.00031338,0.00031257,0.00030972,0.00031296,0.00031206,0.00031308,0,0,0,0,0,0,0,0,0,0,0,0,0,0,0,0,0,0,0,0,0,0,0,0,0,0,0,0,0,0,0.002040922
Asia & Oceania,        Vanuatu,0,0,0,0,0,0,0,0,0,0,0,0,0,0,0,0,0,0,0,0,0,0,0,0,0,0,0,0,0,0,0.00004878,4.96E-05,7.80E-05,8.88E-05,9.92E-05,0.000118929,9.38E-05,8.62E-05,9.92E-05,0.000104429,0.000102881,0.000116057,0.00108579
Asia & Oceania,        Vietnam,0.012340948,0.013453014,0.013977004,0.014580745,0.0152424,0.01577497,0.016546464,0.017274702,0.018242508,0.039203456,0.055453062,0.065371104,0.074007352,0.081090594,0.094117723,0.10806988,0.122935516,0.117869248,0.112132621,0.13992791,0.147297594,0.186775818,0.183831745,0.191512513,0.177024171,0.212710964,0.207755293,0.233355206,0.268451575,0.308545519,0.286723243,0.412644243,0.507868455,0.506922462,0.585766675,0.549250905,0.621317478,0.828278751,0.799046758,0.680418275,0.771040472,0.813584835,10.62773417
Asia & Oceania,        Wake Island,0,0,0,0,0,0,0,0,0,0,0,0,0,0,0,0,0,0,0,0,0,0,0,0,0,0,0,0,0,0,0,0,0,0,0,0,0,0,0,0,0,0,0
Middle East,        Bahrain,0,0,0,0,0,0,0,0,0,0,0,0,0,0,0,0,0,0,0,0,0,0,0,0,0,0,0.000010236,0.000044356,-0.00064828,0.000573216,0.000590276,0.00040944,-0.000521247,6.56E-05,8.87E-05,4.96E-05,0.00001816,0.000222723,0.000774568,0.00078851,0.00078719,0.000806491,0.004059555
Middle East,        Iran,0.057767686,0.064432308,0.06669655,0.064571872,0.06543792,0.06550269,0.064096656,0.066014784,0.065929064,0.069195456,0.062640844,0.07289546,0.09757677,0.099596509,0.075367072,0.07373134,0.074440632,0.071387943,0.074320026,0.053902861,0.042168177,0.058577002,0.088294583,0.12305638,0.119335345,0.178134489,0.197878279,0.19153065,0.061532611,0.078606605,0.106647377,0.129030563,0.136961313,0.180941051,0.169355201,0.16384309,0.208210327,0.195388743,0.210329752,0.204072124,0.197428327,0.164044693,4.610871125
Middle East,        Iraq,0.007095006,0.007139401,0.006314219,0.006248891,0.00630576,0.006309988,0.006204924,0.006293076,0.007257772,0.006196608,0.006282808,0.003203852,0.007167006,0.006123546,0.005715064,0.005815968,0.00583176,0.005872475,0.005985639,0.006125374,0.006171605,0.006323796,0.005208576,0.004343625,0.009384824,0.063628352,0.069033018,0.06362043,0.044141654,0.050236585,0.064600229,0.057353904,0.076075608,0.087000679,0.069940502,0.06873523,0.072157988,0.060589398,0.094175485,0.164914203,0.109933266,0.109789029,1.480847122
Middle East,        Israel,-0.00056298,-0.000617572,-0.000685812,-0.000661928,-0.000678988,-0.000794996,-0.001013364,-0.001113894,-0.00117626,-0.001265264,-0.001299474,-0.001165704,-0.000894282,-0.00078257,-0.00081648,-0.002860768,-0.003085364,-0.003729891,-0.003331087,-0.003961662,-0.004655053,-0.004566728,-0.004406908,-0.004580265,-0.004587484,-0.005297843,-0.006043753,-0.006863156,-0.012193064,-0.011941356,-0.011873472,-0.011480948,-0.010446936,-0.01051273,-0.007350578,-0.006344346,-0.003137959,-0.002079245,-0.002623199,0.004462344,0.012957449,0.021652389,-0.122411181
Middle East,        Jordan,0,0,0,0,0,-0.000075064,-0.00069883,-0.000143239,0.000278748,0.000177344,0.000197638,0.000629408,0.000711392,0.000714787,0.000658048,0.002275525,0.001255311,0.001739401,0.001556122,0.002387388,0.001899072,0.001526449,0.001742996,0.003842767,0.00333286,0.0031819,0.002172093,0.000863159,0.001515426,0.001538366,0.002873881,0.006269489,0.003006258,0.00171802,0.001907925,0.004064516,0.009007841,0.012919788,0.019992802,0.0268292,0.038091796,0.0450834,0.205043981
Middle East,        Kuwait,0,0,0,0,0,0,0,0,0,0,0,0,0,0,0,0,0,0,0,0,0,0,1.39E-07,7.82E-07,8.76E-07,8.97E-07,1.59E-06,1.80E-06,9.41E-07,8.58E-07,8.66E-07,7.03E-06,6.33E-06,6.65E-05,9.13E-05,0.000106583,0.000175581,0.000385417,0.000555014,0.000625258,0.00072054,0.000725519,0.003473819
Middle East,        Lebanon,0.009668219,0.009705823,0.007904015,0.006820982,0.006723748,0.007167949,0.00705976,0.00735762,0.007343716,0.0064604,0.004420074,0.00557526,0.00601171,0.007657397,0.008686844,0.00837924,0.01050582,0.011184492,0.011519317,0.007629354,0.009316245,0.00716309,0.009896883,0.015473809,0.011844736,0.011911424,0.00999402,0.0090393,0.005550258,0.00995302,0.012364932,0.010619448,0.01070372,0.013926757,0.002499172,0.005639149,0.00421442,0.006454765,0.004302938,0.010236297,0.010611742,0.010203024,0.359700889
Middle East,        Oman,0,0,0,0,0,0,0,0,0,0,0,0,0,0,0,0,0,0,0,0,0,0,0,0,0,0,0,0,0,0,0,0,-6.00E-40,0.000009541,0.00000951,0.000037276,0.000036928,0.000147408,0.000145664,0.000151385,0.001122944,0.001369992,0.003030648
Middle East,        Palestinian Territories,--,--,--,--,--,--,--,--,--,--,--,--,--,--,--,--,--,0.003517772,0.005742396,0.005196476,0.007721356,0.007107196,0.007871484,0.00789878,0.008864376,0.009765144,0.010563552,0.010877456,0.013183968,0.013589996,0.014190508,0.015770264,0.016759024,0.01617149,0.01686675,0.018553027,0.019070852,0.019449113,0.020734145,0.022419702,0.022036015,0.022936768,0.33685761
Middle East,        Qatar,0,0,0,0,0,0,0,0,0,0,0,0,0,0,0,0,0,0,0,0,0,0,0,0,0,0,0,0,0,0,0,0.000009716,0.000104676,0.000760904,0.001031892,0.00116959,0.001212752,0.001265535,0.001305186,0.001125271,0.001248959,0.001258328,0.01049281
Middle East,        Saudi Arabia,0,0,0,0,0,0,0,0,0,0,0,0,0,0,0,0,0,0,0,0,0,0,0,0,0,0,0,0,0,0,-0.000006824,-0.000235428,6.42E-05,0.000236946,0.000265836,0.000255686,-0.002029238,0.00052433,0.001875947,0.003940278,0.005631189,0.007360895,0.017883808
Middle East,        Syria,0.026178791,0.027418639,0.030319956,0.028991891,0.034452674,0.034376177,0.029389147,0.029452602,0.028860744,0.028752207,0.028111474,0.028021866,0.027350112,0.026811769,0.026453384,0.025796102,0.026230722,0.026391669,0.02736629,0.025422573,0.033107161,0.035324827,0.025050797,0.027226043,0.039878137,0.040942405,0.03655314,0.035839411,0.028211133,0.018161074,0.02419786,0.030974581,0.030865197,0.026893934,0.021902479,0.003291244,0.008701053,0.005363412,0.005296051,0.005898882,0.005971213,0.005899809,1.061698632
Middle East,        United Arab Emirates,0,0,0,0,0,0,0,0,0,0,0,0,0,0,0,0,0,0,0,0,1.98E-05,1.46E-05,5.73E-05,7.60E-05,0.000150319,0.000112638,0.000120102,0.000124632,0.000137698,0.000282785,0.000390859,0.000488893,0.000111709,0.000737336,0.002825024,0.002843698,0.005155622,0.006559225,0.011944614,0.033882474,0.063819919,0.076731209,0.206586395
Middle East,        Yemen,0,0,0,0,0,0,0,0,0,0,0,0,0,0,0,0,0,0,0,0,0,0,0,0,0,0,0,0,0,0,0.000019512,0.000019432,0.000028548,0.000047705,0.0000951,0.001081004,0.00143096,0.001787322,0.004406336,0.00431002,0.00429877,0.005244499,0.022769208
Central & South America,        Antarctica,0,0,0,0,0,0,0,0,0,0,0,0,0,0,0,0,0,0,0,0,0,0,0,0,0,0.000019998,0.000019838,0.000019768,0.000019708,0.00003904,0.000039024,0.000038864,0.000004758,4.77E-06,0.000004755,0.000009319,0.000009232,0,0,0,0,0,0.000229075
Central & South America,        Antigua and Barbuda,0,0,0,0,0,0,0,0,0,0,0,0,0,0,0,0,0,0,0,0,0,0,0,0,0,0,0,0,0,0,1.95E-06,0.000004858,0.000004758,5.72E-06,0.000005706,4.99E-05,0.00004616,5.66E-05,0.00009104,0.000115765,0.000140368,0.000171249,0.000694069
Central & South America,        Argentina,0.208606362,0.204995813,0.219665828,0.233705475,0.265210873,0.278679805,0.281814149,0.2993988,0.212928698,0.193291997,0.270978802,0.263175906,0.2902022,0.337723534,0.377195527,0.365121438,0.330958918,0.39220736,0.382683895,0.319875551,0.372165587,0.468041454,0.454465105,0.449517398,0.415957481,0.441275858,0.494912824,0.432304881,0.414331563,0.452447736,0.441739522,0.415713912,0.390777594,0.427256414,0.42042759,0.423240959,0.415048695,0.415517088,0.430437023,0.444009572,0.462794574,0.46158558,15.27238934
Central & South America,        Aruba,--,--,--,--,--,--,0,0,0,0,0,0,0,0,0,0,0,0,0,0,0,0,0,0,0,0,0,0,0,0.0002928,0.001035112,0.001102766,0.001294176,0.001459773,0.00151209,0.001630825,0.001380295,0.001324019,0.001335666,0.00130647,0.001287104,0.001287104,0.0162482
Central & South America,        Barbados,0,0,0,0,0,0,0,0,0,0,0,0,0,0,0,0,0,0,0,0,0,0,0,0,0,0,0,0,0,0,0.000019512,0.000029148,0.000028548,0.000038164,0.0000951,0.000130466,0.000212336,0.000294816,0.000300432,0.00039182,0.000579018,0.000706402,0.002825762
Central & South America,        Belize,0.00041552,0.00041812,0.00041816,0.000420801,0.0004176,0.00041788,0.00041784,0.00041676,0.00041296,0.00041728,0.00041608,0.00041744,0.00041368,0.00041236,0.00041264,0.00082496,0.001034,0.001103004,0.001072724,0.001178035,0.00112415,0.001643737,0.001690244,0.001428077,0.001620685,0.001694315,0.002659979,0.00270104,0.003010597,0.002720224,0.003881496,0.003877195,0.003685993,0.004004298,0.004157932,0.004202777,0.004306127,0.004365245,0.004312186,0.005477005,0.00329972,0.00329972,0.080620588
Central & South America,        Bolivia,0.011589448,0.012198437,0.012711852,0.012613218,0.012694836,0.012365625,0.012176414,0.01213454,0.013386728,0.013425592,0.013251816,0.014728008,0.01432634,0.014519331,0.014302268,0.013602692,0.015417679,0.016416603,0.015806138,0.018717448,0.020528913,0.022374136,0.022768678,0.020493867,0.021882458,0.020008027,0.021775091,0.023307631,0.023492021,0.023366282,0.021854155,0.023435394,0.023257233,0.025064281,0.022909794,0.024761449,0.01772544,0.022212543,0.026774864,0.033130785,0.03140734,0.036083349,0.804998744
Central & South America,        Brazil,1.369134924,1.380823931,1.487772105,1.629783192,1.793950434,1.917583653,1.967851125,2.041868841,2.159178852,2.277390403,2.292282722,2.437031971,2.478968284,2.588912495,2.69758183,2.847858667,3.00443792,3.113985209,3.22902805,3.252117335,3.396590997,3.156887718,3.313898131,3.529452497,3.613045078,3.750608902,3.891652195,4.144215744,4.144220722,4.286081917,4.575676568,4.841020045,4.681021567,4.527998908,4.435639477,4.34370174,4.625553496,4.621880987,4.830977935,4.864118534,4.842040676,4.688353569,139.0721793
Central & South America,        British Virgin Islands,0,0,0,0,0,0,0,0,0,0,0,0,0,0,0,0,0,0,0,0,0,0,0,0,0,0,0,0,0,0,1.08E-05,1.32E-05,1.30E-05,1.30E-05,1.29E-05,1.45E-05,1.44E-05,1.44E-05,1.42E-05,1.39E-05,1.37E-05,1.43E-05,0.000162188
Central & South America,        Cayman Islands,0,0,0,0,0,0,0,0,0,0,0,0,0,0,0,0,0,0,0,0,0,0,0,0,0,0,0,0,0,0,0,0,0,0,0,0,0.000018464,0.000082917,0.00013656,0.000151385,0.000166687,0.000184233,0.000740246
Central & South America,        Chile,0.081529094,0.083687154,0.089789446,0.096940359,0.101611075,0.11064017,0.122004032,0.129126681,0.123852071,0.105635315,0.134048299,0.145971222,0.188841114,0.193555541,0.191956324,0.222454913,0.211983846,0.210467641,0.173530993,0.148322398,0.212773174,0.241765204,0.250039109,0.240443635,0.244613713,0.286644307,0.307086281,0.257697637,0.270250451,0.291250253,0.238580234,0.254233415,0.239971647,0.247767619,0.284894586,0.300660842,0.310842452,0.31527232,0.344594443,0.334998019,0.344006539,0.354239703,9.03857327
Central & South America,        Colombia,0.149244373,0.151329221,0.190957581,0.192192608,0.212625915,0.226837189,0.262903695,0.22295648,0.253311562,0.278453932,0.283604349,0.285256903,0.229286125,0.287963173,0.332646353,0.330916107,0.365083039,0.322742763,0.31260769,0.342612087,0.322357018,0.322563302,0.338301114,0.351898789,0.374267881,0.363626561,0.395998874,0.401669056,0.419364679,0.375436644,0.349015847,0.431655245,0.408331162,0.426775584,0.40299195,0.403824174,0.411581101,0.499689009,0.463717443,0.403068189,0.35283516,0.488434588,13.94093451
Central & South America,        Costa Rica,0.021794031,0.023634239,0.024327275,0.027853831,0.029596068,0.028517495,0.03020096,0.031566146,0.031847232,0.0347779,0.035382052,0.037940484,0.041411064,0.04530072,0.045115825,0.040836209,0.045027261,0.054684705,0.05003157,0.060856753,0.06768038,0.070034426,0.073577424,0.073843649,0.079913969,0.079866611,0.080497213,0.08212184,0.085734617,0.085836478,0.086649872,0.086334057,0.08832646,0.085870027,0.087474773,0.0988867,0.097231944,0.101086986,0.10019705,0.099664658,0.09897677,0.108104231,2.658611953
Central & South America,        Cuba,0.011833887,0.011680255,0.012587417,0.01274389,0.012703926,0.01279684,0.013836488,0.014276782,0.014984407,0.015243736,0.017940053,0.015370976,0.015215911,0.010287825,0.010348297,0.008457417,0.010954477,0.010736019,0.009539801,0.010698672,0.011071885,0.010750541,0.01102471,0.008881693,0.009119047,0.00511503,0.0052461,0.005488414,0.006965873,0.006749848,0.005572601,0.005680921,0.006743587,0.009209118,0.008225795,0.00845123,0.008550836,0.007456799,0.007131302,0.00826666,0.008159379,0.008316854,0.424415301
Central & South America,        Dominica,9.35E-05,0.00010453,9.41E-05,0.0001578,0.00016704,0.000146258,0.000135798,0.000145866,0.000165184,0.000166912,0.000166432,0.000166976,0.000165472,0.000164944,0.000175372,0.000195928,0.00019646,0.00020426,0.000275319,0.000327232,0.000326432,0.000278991,0.00030519,0.000293625,0.000340544,0.000271973,0.000269797,0.000210529,0.000200036,0.000233264,0.000233168,0.000348804,0.000260738,0.000356833,0.000298205,0.000236302,0.00034488,0.000261253,0.000229221,0.00018859,0.000361255,0.000361598,0.00962659
Central & South America,        Dominican Republic,0.00671065,0.009230001,0.008687278,0.009078776,0.00667116,0.011220078,0.00981924,0.01031481,0.00898188,0.006499136,0.004337634,0.006067014,0.005779578,0.011921863,0.005932573,0.006646368,0.009279875,0.007246312,0.007773977,0.011580306,0.008520595,0.008006708,0.009706291,0.012906477,0.016679671,0.019791669,0.018106441,0.0175732,0.014411524,0.015010676,0.014743814,0.015751124,0.018653696,0.021124527,0.015769161,0.01240483,0.018296167,0.02640013,0.024573152,0.020716622,0.025586335,0.026266571,0.544777889
Central & South America,        Ecuador,0.009165023,0.008218821,0.009304064,0.018010271,0.03302172,0.039291167,0.04460442,0.046739634,0.048946084,0.050772544,0.051354674,0.0524409,0.050924008,0.059297368,0.067043684,0.052684008,0.06494554,0.066067897,0.065678877,0.07274103,0.076912373,0.0724163,0.07597651,0.075567583,0.078976305,0.07445782,0.076043769,0.100628577,0.113833506,0.095006178,0.08869043,0.114191109,0.118902736,0.109839522,0.11527486,0.127471044,0.149269744,0.187803718,0.190829217,0.218578801,0.214897606,0.225156304,3.611975746
Central & South America,        El Salvador,0.016028689,0.016108077,0.017374556,0.015548587,0.01787328,0.016662965,0.017139208,0.016312193,0.01788764,0.019490192,0.019416956,0.013354268,0.01458383,0.016267142,0.016840962,0.019550073,0.024017737,0.019946116,0.020786642,0.025117188,0.022799518,0.02433653,0.023108796,0.02664445,0.025823896,0.029041304,0.032173412,0.032368222,0.03672116,0.032239046,0.0382281,0.037746735,0.03633541,0.036796655,0.036802898,0.035515437,0.035816177,0.043003922,0.043675418,0.042272402,0.048573521,0.050688322,1.131017633
Central & South America,        Falkland Islands,0,0,0,0,0,0,0,0,0,0,0,0,0,0,0,0,0,0,0,0,2.04E-06,2.07E-06,2.03E-06,2.53E-06,0.000002504,2.50E-06,2.98E-06,2.97E-06,0.000019708,0.00001952,0.00004878,0.000058296,0.000066612,0.000066787,0.00006657,5.96E-05,6.74E-05,5.99E-05,6.10E-05,5.97E-05,5.88E-05,5.88E-05,0.000791029
Central & South America,        French Guiana,0,0,0,0,0,0,0,0,0,0,0,0,0,0,0,0,0,0,0,0,0,0.00547649,0.005584977,0.005781375,0.005939488,0.006159384,0.006338241,0.006553092,0.006789406,0.00693936,0.007297488,0.006791484,0,0,0,0,0,0,0,0,0,0,0.069650785
Central & South America,        Grenada,0,0,0,0,0,0,0,0,0,0,0,0,0,0,0,0,0,0,0,0,0,0,0,0,0,0,0,9.88E-07,9.85E-07,9.76E-07,1.66E-05,1.65E-05,2.42E-05,2.42E-05,2.42E-05,1.43E-05,2.32E-05,3.03E-05,3.18E-05,0.000037401,3.68E-05,4.46E-05,0.000327071
Central & South America,        Guadeloupe,0,0,0,0,0,0,0.00031338,0.00031257,0.00030972,0.00031296,0.00031206,0.00031308,0.00031026,0.000316486,0.000316701,0.000316578,0.00032054,0.000357455,0.00040788,0.00040904,0.001285326,0.001115964,0.001302144,0.00216675,0.002343744,0.002179782,0.002221856,0.002243668,0.002079194,0.00213744,0.002126808,0.002263828,0,0,0,0,0,0,0,0,0,0,0.028095215
Central & South America,        Guatemala,0.005889998,0.004118483,0.005645163,0.008994616,0.00685908,0.007615863,0.018364068,0.018212412,0.019677544,0.022491392,0.025079222,0.025630816,0.02228701,0.023411739,0.024840928,0.024094923,0.023726475,0.023757318,0.022529404,0.030521082,0.031085591,0.02980472,0.02667739,0.041950061,0.040313428,0.04209749,0.04540713,0.046141221,0.046997824,0.040982956,0.049177953,0.051635421,0.059468552,0.064350763,0.067492172,0.061910785,0.065664304,0.079906424,0.074042072,0.068646622,0.082309827,0.083615416,1.563425655
Central & South America,        Guyana,5.19E-05,5.23E-05,5.23E-05,5.26E-05,0.0000522,0.000052235,0.00005223,0.000052095,0.00005162,0.00005216,0.00005201,0.00005218,0.00011995,0.000092489,0.00010276,0.0001198,0.00010288,0.000098833,0.000061182,0.000061356,0.000418241,0.000485651,0.000569688,0.000516375,0.000560896,0.000451955,0.000449331,0.000468502,0.000447372,0.00044408,0.000460951,0.000527899,0.000669983,0.000815651,0.000756549,0.000605297,0.000788413,0.000805216,0.000832106,0.000840632,0.000828171,0.000828171,0.014956185
Central & South America,        Haiti,0.002378853,0.002446003,0.002697133,0.002819365,0.00290232,0.003207229,0.003488964,0.003459108,0.003427568,0.003463424,0.003827936,0.00360042,0.003288756,0.002793739,0.002382996,0.002578,0.00278146,0.002022174,0.003089691,0.00270989,0.00285628,0.00289324,0.002614461,0.0025515,0.002574112,0.002619738,0.002658292,0.001502368,0.001763866,0.0020008,0.0017073,0.00116592,0.002092568,0.001344327,0.000854949,0.00078438,0.000667381,0.001185989,0.001802865,0.001576185,0.000957134,0.001172599,0.098711284
Central & South America,        Honduras,0.008005891,0.008568267,0.00883044,0.008728487,0.0090306,0.009047102,0.013314608,0.011807773,0.017963672,0.019048636,0.021500768,0.021910051,0.0224448,0.023177717,0.018644958,0.017009716,0.020361301,0.021480892,0.019579282,0.022083832,0.023776738,0.020622122,0.017809035,0.018955567,0.015817776,0.018795308,0.02180931,0.02314061,0.024253931,0.028494062,0.031221783,0.030482006,0.033631204,0.032630319,0.03728354,0.0421697,0.049779406,0.058160585,0.062820201,0.056178146,0.05380527,0.056804107,1.080979521
Central & South America,        Jamaica,0.001786737,0.001787463,0.001954899,0.002146084,0.00139896,0.001295428,0.001702698,0.001937934,0.001899616,0.002232448,0.002153214,0.001732376,0.0020684,0.002216435,0.002486156,0.002248016,0.00235752,0.002440907,0.002192355,0.002219042,0.002213617,0.001487952,0.001261452,0.001488375,0.002013216,0.002359764,0.002539264,0.002441348,0.002542332,0.00217648,0.002175588,0.002613604,0.002731092,0.002518824,0.00279594,0.002739786,0.003341984,0.004385388,0.004972186,0.004819493,0.004909204,0.005327667,0.104111244
Central & South America,        Martinique,0,0,0,0,0,0,0,0,0,0,0,0,0,0,0,0,0,0,0,0,0,0,0.000152595,0.000151875,0.00015024,0.000169983,0.000317408,0.000336056,0.000325182,0.00032208,0.0002439,0.000155456,0,0,0,0,0,0,0,0,0,0,0.002324775
Central & South America,        Montserrat,0,0,0,0,0,0,0,0,0,0,0,0,0,0,0,0,0,0,0,0,0,0,0,0,0,0,0,0,0,0,0,0,0,0,0,0,0,0,0,0,0,0,0
Central & South America,        Netherlands Antilles,0,0,0,0,0,0,0,0,0,0,0,0,0,0.000010309,0.000072212,0.000072184,0.00007238,0.000071491,0.000071379,0.000071582,0.00030603,0.00030999,0.00030519,0.00030375,0.00030048,0.00029997,0.00029757,0.00029652,0.00029562,0.0006344,0.000665076,0.000866385,0.000915163,0.001517019,0.00177837,0.001873119,0.001624832,0.002036073,0.002647989,0.002324205,0.002087974,0.002389551,0.024516814
Central & South America,        Nicaragua,0.005578814,0.005480568,0.005101184,0.004797446,0.0064687,0.006498811,0.00550567,0.006878842,0.006749764,0.010467616,0.00884797,0.008463208,0.007586344,0.00894938,0.007579168,0.007352456,0.00745824,0.006946082,0.004735366,0.00555632,0.004211951,0.004554926,0.006198598,0.007009205,0.007047665,0.009060104,0.00814891,0.007989987,0.011819427,0.010387568,0.013021907,0.012489079,0.016501652,0.020870529,0.022916655,0.021402189,0.022934801,0.024392725,0.025620685,0.024713313,0.026959472,0.02875419,0.474007485
Central & South America,        Panama,0.010336063,0.015303196,0.012795702,0.010498978,0.0169128,0.021031746,0.02284031,0.022362273,0.024039072,0.023467296,0.023762262,0.021930684,0.020334108,0.024162106,0.024819416,0.025343172,0.031094128,0.029385799,0.021951158,0.031765198,0.035385992,0.025552425,0.034387837,0.027908076,0.037536228,0.037109938,0.035817265,0.036223925,0.039165934,0.037793093,0.040830728,0.039859648,0.050888312,0.049063929,0.04915799,0.061704531,0.065131696,0.071471452,0.078603651,0.054091735,0.071869704,0.071493428,1.485182984
Central & South America,        Paraguay,0.007455022,0.008229588,0.007943573,0.009010558,0.010096072,0.033773279,0.090448392,0.139520705,0.148047436,0.182735864,0.198354996,0.215032612,0.19686449,0.224949627,0.260053104,0.300961888,0.32438328,0.358316783,0.359274558,0.368991512,0.378628861,0.330044268,0.343014166,0.364782465,0.361385532,0.357077866,0.37219694,0.371784636,0.383128667,0.377348536,0.374174408,0.396926644,0.404812924,0.409919014,0.38048082,0.375313584,0.419212084,0.396784944,0.390873747,0.328650497,0.312453202,0.255553033,11.52899018
Central & South America,        Peru,0.077980044,0.087672829,0.093153928,0.088333544,0.093170959,0.102810483,0.111316462,0.117523043,0.111270725,0.111701423,0.110974563,0.124005692,0.103922065,0.126699415,0.135953266,0.137919384,0.143842558,0.140445189,0.145567858,0.154483321,0.170462817,0.187255777,0.189562529,0.194131964,0.182630505,0.190570804,0.204664875,0.203304709,0.197957087,0.192182379,0.195306114,0.209923291,0.205653624,0.217837039,0.218980549,0.231292682,0.237796143,0.282342598,0.301605776,0.302790524,0.295666879,0.308320347,7.238985763
Central & South America,        Puerto Rico,0.002119153,0.001296172,0.001087216,0.001157202,0.0014094,0.001911801,0.002329458,0.002677683,0.002808128,0.002837504,0.001422005,0.001242479,0.001397359,0.001240472,0.000695742,0.00089636,0.001396159,0.001041001,0.001052585,0.001622968,0.001550552,0.001374289,0.001159722,0.001042875,0.001412256,0.001382705,0.001408498,0.001620976,0.001537224,0.001706048,0.001568765,0.001474889,0.001170468,0.002795513,0.00329046,0.00361634,0.003580779,0.003399597,0.002163374,0.004158635,0.004044353,0.004313029,0.081412196
Central & South America,        Saint Kitts and Nevis,0,0,0,0,0,0,0,0,0,0,0,0,0,0,0,0,0,0,0,0,0,0,0,0,0,0,0,0,0,0,0,0.00004858,0.000076128,0.000076328,0.00007608,0.000074552,0.000073856,0.000046065,0.000054624,0.00005343,0.000052638,0.000052638,0.000684919
Central & South America,        Saint Lucia,0,0,0,0,0,0,0,0,0,0,0,0,0,0,0,0,0,0,0,0,0,0,0,0,0,0,0,0,0,0,0,0,9.52E-07,9.54E-07,0.000001902,1.10E-05,1.20E-05,1.20E-05,2.88E-05,2.82E-05,2.77E-05,2.77E-05,0.00015118
Central & South America,        Saint Vincent/Grenadines,0.000176596,0.000177701,0.000188172,0.00018936,0.00022968,0.000271622,0.000292488,0.000322989,0.00036134,0.000375552,0.000249648,0.000135668,0.00020684,0.000237107,0.000216636,0.000216552,0.00021714,0.000214473,0.000224334,0.000224972,0.000255025,0.000196327,0.000223806,0.000212625,0.000270432,0.000259974,0.00022775,0.000222258,0.000230938,0.00022448,0.000253656,0.0002429,0.0002379,0.000219443,0.000116973,0.00016681,0.000155098,0.00019163,0.0002276,0.000240435,0.000377239,0.000377239,0.009859409
Central & South America,        Suriname,0.009172607,0.008623727,0.010987159,0.007511293,0.00883224,0.010050014,0.007897176,0.003365337,0.00500714,0.011339584,0.012180742,0.014537348,0.014861454,0.01494805,0.015092308,0.013189048,0.01324554,0.013164557,0.013194918,0.013406286,0.00724271,0.007491425,0.007538193,0.007614,0.007652224,0.008209179,0.008550178,0.008520008,0.008504002,0.00842288,0.011689639,0.010017099,0.008095779,0.00900734,0.006821995,0.004938718,0.008796881,0.011637581,0.011937834,0.011437797,0.011450681,0.011698785,0.417881457
Central & South America,        The Bahamas,0,0,0,0,0,0,0,0,0,0,0,0,0,0,0,0,0,0,0,0,0,0,0,0,0,0,0,0,0,0,0.000004878,5.83E-06,8.56E-06,0.000019082,0.00001902,0.000018638,0.000018464,1.90E-05,1.88E-05,3.11E-05,3.06E-05,3.06E-05,0.000224731
Central & South America,        Trinidad and Tobago,0.0002597,0.000188154,0.000177718,0.0001578,0.00012528,0.000167152,0.00026115,0.000302151,0.000268424,0.0002608,0.000322462,0.0002609,0.00031026,0.000288652,0.000330112,0.000340296,0.00017578,0.000183834,0.000183546,0.000184068,0.00020402,0.000299657,0.000264498,0.0001215,0.000230368,0.000239976,0.000287651,0.000217448,0.000226642,0.00022448,0.000039024,0.000038864,0.000038064,0.000038164,0.00004755,0.000055914,0.000055392,0.000055278,0.000054624,0.00005343,0.000052638,0.000052638,0.007646059
Central & South America,        Turks and Caicos Islands,0,0,0,0,0,0,0,0,0,0,0,0,0,0,0,0,0,0,0,0,0,0,0,0,0,0,0,0,0,0,0,0,0,0,0,0,0,0,0.000009104,0.000008905,0.000008773,1.07E-05,3.75E-05
Central & South America,        U.S. Virgin Islands,0,0,0,0,0,0,0,0,0,0,0,0,0,0,0,0,0,0,0,0,0,0,0,0,0,0,0,0,0,0,0,6.70E-06,8.42E-06,1.19E-05,6.83E-05,0.0001237,0.000123063,6.67E-05,0.000127456,0.00012467,0.000122822,0.000149843,0.000933561
Central & South America,        Uruguay,0.023475215,0.026460987,0.025377385,0.062576965,0.062379876,0.057556312,0.06463757,0.064788474,0.048243444,0.036343916,0.068418846,0.057632196,0.070238328,0.067444464,0.07119028,0.060177724,0.059028604,0.065402948,0.085487413,0.057867192,0.072887248,0.090914029,0.090475952,0.08352636,0.055470017,0.069144979,0.045468452,0.079655173,0.055387737,0.064597615,0.09410574,0.075935734,0.066605214,0.092077697,0.111819122,0.114024367,0.120613048,0.124366723,0.124937442,0.130208032,0.10954683,0.116004066,3.122499715
Central & South America,        Venezuela,0.155127994,0.160792163,0.167527556,0.19649117,0.2071421,0.23417012,0.266721915,0.324106888,0.354945957,0.362272159,0.383996135,0.46233507,0.485346014,0.486353303,0.526406548,0.529109922,0.555042383,0.582908558,0.58707567,0.613975855,0.63676587,0.620649007,0.601777251,0.60687274,0.697755945,0.763963101,0.800670467,0.812553566,0.846499774,0.830194004,0.741996764,0.80660178,0.776011321,0.793066598,0.603587491,0.688874194,0.572705998,0.554887787,0.52681996,0.439922397,0.547032519,0.533870875,22.44492689
North America,        Bermuda,0,0,0,0,0,0,0,0,0,0,0,0,0,0,0,0,0,0,0,0,0,0,0,0,0,0,0,0,0,0,0,0,0,0,0,0,0,0,0,0,0,0,0
North America,        Canada,2.952241781,3.101167835,3.017216196,3.21842274,3.427330243,3.687764059,3.906951539,3.988046391,3.973088279,3.888606261,3.893781314,4.098576968,4.084656988,4.290818793,4.446814618,4.426344966,4.5732039,4.386157914,4.102974949,4.280023787,4.37403553,4.26266094,4.368885195,4.268601529,4.413696658,4.589882226,4.559892281,4.599028072,4.6934673,4.553333858,4.456132467,4.696510293,4.656999984,4.927038237,4.923546881,4.792754607,4.829424982,4.926553522,4.846407889,4.723992783,4.661202349,4.635691421,179.5039285
North America,        Greenland,0,0,0,0,0,0,0,0,0,0,0,0,0,0,0,0,0,0,0,0.001748646,0.001744371,0.001632614,0.001851486,0.0018225,0.001923072,0.002029797,0.001944124,0.002016336,0.001990508,0.0025864,0.002858508,0.00325486,0.003254472,0.003568334,0.00372792,0.003904661,0.003665104,0.003537792,0.003767417,0.003562,0.0043865,0.0043865,0.065163922
North America,        Mexico,0.188516826,0.270033477,0.255339572,0.231362703,0.260591213,0.291399866,0.245119039,0.233812401,0.261948888,0.306144258,0.322467752,0.336197517,0.38832511,0.416370872,0.340529242,0.458607576,0.485687084,0.459712872,0.434204525,0.511631811,0.511123029,0.47027659,0.436562469,0.399516555,0.439413066,0.486700292,0.499495306,0.469747558,0.561468011,0.44038789,0.50479272,0.536758463,0.498764843,0.497594706,0.602592607,0.564509147,0.573463891,0.60605716,0.660360867,0.63223479,0.719714025,0.83252511,18.6420617
North America,        Saint Pierre and Miquelon,0,0,0,0,0,0,0,0,0,0,0,0,0,0,0,0,0,0,0,0,0,0,0,0,0,0,0,0,0,0,0.000019512,0.000019432,0.000019032,0.000019082,0,0,0,0,0,0,0,0,0.000077058
North America,        U.S. Territories,0,0,0,0,0,0,0,0,0,0,0,0,0,0,0,0,0,0,0,0,0,0,0,0,0,0,0,0,0,0,0,0,0,0,0,0,0,0,0,0,0,0,0
North America,        United States,8.167511077,8.421277167,9.110785415,9.698161312,9.990394257,10.15957955,10.49124907,10.37574078,11.04372237,11.83683539,12.14439347,12.48993864,12.29978568,12.49215899,12.68104717,13.63483705,14.09910554,13.61115555,13.559151,14.12405664,13.96664472,13.18889487,13.87163319,13.9038843,14.29762552,14.39455396,14.8517668,14.98208194,15.60179112,15.96435864,16.70253626,17.48244232,16.92137445,17.70821387,18.09910987,18.08882648,18.83767745,19.56059543,19.81207243,19.92456533,19.77446883,20.30017585,598.6661798
Europe,        Albania,0.02889723,0.03003651,0.030738285,0.031635646,0.032069488,0.032923257,0.033298938,0.039634183,0.036786366,0.038987678,0.0300331,0.034137612,0.031404082,0.033622521,0.038516452,0.043177856,0.0580033,0.050403578,0.050972932,0.054713702,0.050072284,0.042267999,0.042680025,0.054935017,0.0558241,0.054450533,0.051193701,0.036963096,0.045345994,0.055804696,0.066505133,0.05160952,0.055542793,0.073667478,0.054950102,0.059168857,0.077233874,0.05122586,0.073971008,0.054301137,0.054376661,0.076762123,1.998844708
Europe,        Austria,0.314114744,0.329799793,0.328128524,0.330362568,0.330926189,0.356392367,0.348731273,0.27861929,0.389290188,0.388319532,0.35852165,0.36610734,0.392339761,0.403261695,0.392369453,0.410405208,0.391020769,0.403513025,0.413150851,0.442959235,0.463688652,0.466652187,0.457646531,0.40944698,0.44442352,0.454823926,0.467298156,0.492823559,0.498623207,0.488419705,0.46960783,0.445606015,0.518648734,0.529178416,0.526577494,0.492039548,0.507455566,0.512029603,0.495443817,0.525334875,0.522123342,0.509280809,18.06550593
Europe,        Belgium,0.13495419,0.143981036,0.162707627,0.238263034,0.280975991,0.340192238,0.392887413,0.407466967,0.422813865,0.401743701,0.416111827,0.428242264,0.437041044,0.427394392,0.444831021,0.455463583,0.461505317,0.494523362,0.497280331,0.521201995,0.530658475,0.532536496,0.516967163,0.510965056,0.521680274,0.522393393,0.528223198,0.545959806,0.560755578,0.518541338,0.540661927,0.568055728,0.528831391,0.567089888,0.514176594,0.470866435,0.594506569,0.594967729,0.509507389,0.611331433,0.553109539,0.672615332,19.52398193
Europe,        Bosnia and Herzegovina,--,--,--,--,--,--,--,--,--,--,--,--,0.035235108,0.026115887,0.036004384,0.03626732,0.047056848,0.03922414,0.038232955,0.044035094,0.048137415,0.049282289,0.049251227,0.041708412,0.047140374,0.043196156,0.038025122,0.023955322,0.027997757,0.039702361,0.050636415,0.025764007,0.034485797,0.048905968,0.037061868,0.036351706,0.029379007,0.019334394,0.02930313,0.032510435,0.020090726,0.035204883,1.109596507
Europe,        Bulgaria,0.127835242,0.155158839,0.165739031,0.184957224,0.18936046,0.193499141,0.17611139,0.176287513,0.213283547,0.207213668,0.183846732,0.172342102,0.151580269,0.16652538,0.176870449,0.206359189,0.227372436,0.200491839,0.200790109,0.193147342,0.206529341,0.199785797,0.227326661,0.194920704,0.1869609,0.211148578,0.220119902,0.171827253,0.175820741,0.177140565,0.185552312,0.170878469,0.18697497,0.192745014,0.205328,0.207092564,0.209915316,0.201277379,0.21921548,0.210877643,0.220075546,0.226154631,8.076439669
Europe,        Croatia,--,--,--,--,--,--,--,--,--,--,--,--,0.043986611,0.042528514,0.055531689,0.066481125,0.080628602,0.067888535,0.071995444,0.075398065,0.073217818,0.078330279,0.06521625,0.060818185,0.080013702,0.078879452,0.077120287,0.063100927,0.072719377,0.083566607,0.104156021,0.076064902,0.075795196,0.101620183,0.107911893,0.093251062,0.096287801,0.089689016,0.107534764,0.096265783,0.09142663,0.102911212,2.380335928
Europe,        Cyprus,0,0,0,0,0,0,0,0,0,0,0,0,0,0,0,0,0,0,0,0,0,0,0,0,0,0.000009999,0.000009919,0.000029652,0.00014781,0.00030256,0.000721944,0.001739164,0.002445612,0.00314853,0.00298614,0.00372308,0.003920267,0.004011893,0.004347461,0.004584577,0.00523762,0.006820446,0.044186676
Europe,        Czechia,--,--,--,--,--,--,--,--,--,--,--,--,--,0.122802237,0.135580231,0.130372932,0.132396915,0.143104471,0.135414209,0.139437525,0.128355539,0.145838294,0.183680254,0.235267329,0.251312041,0.240652431,0.262218607,0.255185711,0.272358077,0.288212671,0.304829732,0.314550691,0.341655335,0.358512038,0.34939057,0.328433562,0.304962902,0.336706868,0.347972103,0.358003353,0.368289818,0.369020275,7.284516722
Europe,        Denmark,-0.000511805,0.021339868,0.009899643,0.016582913,0.019021462,0.004542193,0.003298573,0.011751284,0.018784988,0.038110254,0.033579452,0.006438706,0.029079947,0.023673021,0.005084326,0.020464492,-0.026429344,0.010448696,0.030619196,0.043255674,0.066151207,0.065462984,0.069437993,0.060327492,0.093316339,0.111986208,0.076902043,0.107486132,0.11400613,0.107693901,0.125310865,0.150450308,0.166509795,0.163391474,0.188054552,0.2040624,0.193786902,0.223377051,0.213630326,0.232666719,0.236801033,0.24719106,3.537036454
Europe,        Estonia,--,--,--,--,--,--,--,--,--,--,--,--,-0.011165235,-0.004624464,-0.003693889,-0.00255539,-0.002910918,-0.003073257,-0.001223654,-0.001917662,-0.00282145,-0.002480076,-0.002029391,-0.005960114,-0.005536755,-0.004334622,-0.00129149,-0.006814976,-0.001256923,0.005567721,-0.00091249,-0.000686725,0.006425165,-1.40E-05,0.004541856,0.012091181,0.008307281,0.00856846,0.012508886,0.02700925,0.035086954,0.036645444,0.091448758
Europe,        Faroe Islands,0.000509012,0.000512197,0.000512246,0.000515481,0.00051156,0.000511903,0.000511854,0.000510531,0.000640088,0.000740672,0.000769748,0.000772264,0.000858386,0.000756918,0.000779941,0.000779278,0.000725289,0.000772266,0.000785648,0.000715973,0.000773083,0.000782198,0.000977503,0.000889208,0.001011135,0.001083072,0.001139812,0.001177837,0.001063148,0.001039313,0.000787895,0.001039612,0.00104676,0.001059051,0.00148356,0.001751972,0.001449424,0.00156621,0.001554963,0.001380275,0.001377361,0.001377361,0.039002008
Europe,        Finland,0.214248386,0.324581305,0.340520109,0.363382996,0.374104807,0.365463288,0.366253137,0.384122113,0.374619269,0.375602792,0.414213199,0.424445794,0.442623786,0.431591986,0.410960492,0.418455845,0.391510871,0.441257459,0.50822774,0.494109515,0.510840881,0.49126404,0.472524577,0.445013858,0.50881124,0.535853382,0.501403954,0.529728922,0.557893478,0.491757989,0.508387732,0.522836167,0.566266883,0.540119215,0.553890268,0.580567675,0.583111025,0.587235308,0.594172954,0.593791785,0.600398331,0.626245142,19.76240969
Europe,        Former Czechoslovakia,0.043133446,0.046682223,0.045649801,0.057761861,0.080875301,0.153939237,0.221016908,0.263933407,0.270457614,0.2953231,0.314108946,0.286078105,0.290300211,--,--,--,--,--,--,--,--,--,--,--,--,--,--,--,--,--,--,--,--,--,--,--,--,--,--,--,--,--,2.369260161
Europe,        Former Serbia and Montenegro,--,--,--,--,--,--,--,--,--,--,--,--,0.130746114,0.106830059,0.117326679,0.131838194,0.157929648,0.143940659,0.145998462,0.157105178,0.142431387,0.142380382,0.133502745,0.117876003,0.125743236,0.133011463,--,--,--,--,--,--,--,--,--,--,--,--,--,--,--,--,1.886660208
Europe,        Former Yugoslavia,0.28434513,0.264219669,0.265768515,0.268284457,0.309470324,0.299265678,0.332545532,0.309603361,0.294108356,0.289400354,0.245015901,0.216507045,--,--,--,--,--,--,--,--,--,--,--,--,--,--,--,--,--,--,--,--,--,--,--,--,--,--,--,--,--,--,3.378534324
Europe,        France,1.510575657,1.792238101,1.798742289,2.096875543,2.499568703,2.754614916,3.027812464,3.184044395,3.321829289,3.31859102,3.543588071,3.713972162,3.894236626,4.116830682,4.165761782,4.261114531,4.380674728,4.36972336,4.303961449,4.447653779,4.580569305,4.736617291,4.718566031,4.786898452,4.857478453,4.850228833,4.87657625,4.820162844,4.924221146,4.667209105,4.937231341,4.859401557,4.890900147,4.99674433,5.010533941,4.991569406,4.782366113,4.682629484,4.932724602,4.789730042,4.441642418,4.700484284,172.3368949
Europe,        Germany,--,--,--,--,--,--,--,--,--,--,--,1.633006394,1.782121113,1.784963723,1.805839614,1.865101474,1.928023629,1.997252499,1.98733312,2.080580214,2.218813689,2.313579544,2.30330667,2.248827362,2.344664007,2.290547027,2.399697707,2.333958323,2.436760917,2.294712665,2.476916308,2.349388204,2.353946364,2.391430337,2.477686558,2.573282099,2.46823087,2.617529739,2.655569988,2.810723922,2.795691767,2.694060472,70.71354632
Europe,"        Germany, East",0.139105255,0.131131614,0.128642712,0.139381675,0.118616404,0.140649052,0.135516818,0.146814902,0.136250499,0.124061251,0.073139354,--,--,--,--,--,--,--,--,--,--,--,--,--,--,--,--,--,--,--,--,--,--,--,--,--,--,--,--,--,--,--,1.413309536
Europe,"        Germany, West",0.634642992,0.752191956,0.89638157,0.909239638,1.105433723,1.46072371,1.456012728,1.597359145,1.717913993,1.633387063,1.647913273,--,--,--,--,--,--,--,--,--,--,--,--,--,--,--,--,--,--,--,--,--,--,--,--,--,--,--,--,--,--,--,13.81119979
Europe,        Gibraltar,0,0,0,0,0,0,0,0,0,-0.000003412,-0.000003412,-0.000003412,-0.000003412,-0.00001706,0,0,0,0,0,0,0,0,0,0,0,0,0,0,0,0,0,0,0,0,0,0,0,0,0,0,0,0,-0.000030708
Europe,        Greece,0.038435356,0.037539009,0.041456094,0.032153706,0.039870603,0.033288433,0.038953317,0.032407108,0.026732635,0.022277057,0.022108672,0.035935206,0.026869631,0.028136334,0.029584622,0.040591968,0.051227676,0.049480815,0.045899606,0.05138681,0.044489398,0.040351444,0.047530482,0.06815646,0.070176305,0.077877987,0.090460299,0.060906511,0.075788126,0.094592815,0.123222154,0.091850874,0.097126349,0.144331291,0.146798522,0.169282946,0.169441893,0.148472047,0.162002057,0.176813661,0.183839945,0.202610453,3.210456674
Europe,        Hungary,0.068988429,0.064608851,0.064929049,0.095360796,0.113478863,0.15107773,0.155170584,0.175995252,0.206691558,0.210923167,0.202868256,0.16874503,0.153196478,0.15095035,0.147470306,0.147877828,0.147551268,0.137738502,0.133474931,0.137709155,0.144278526,0.151399486,0.15938884,0.137206765,0.151971732,0.176116374,0.162025961,0.166143277,0.17038342,0.187686214,0.188743838,0.18957447,0.193545151,0.199013447,0.212792423,0.220525504,0.215965991,0.22407047,0.229236646,0.234367683,0.236341635,0.244166025,7.029750262
Europe,        Iceland,0.032658649,0.034317406,0.038010079,0.040509818,0.042023469,0.04110249,0.043451555,0.044109037,0.046286774,0.047389406,0.047209989,0.04737008,0.046985733,0.048613325,0.049617487,0.051264359,0.053246607,0.057193814,0.064221605,0.073556436,0.078928097,0.08339645,0.086116844,0.08668961,0.086996961,0.08697728,0.098422003,0.118433078,0.161873563,0.163902647,0.164150719,0.164554214,0.165701492,0.172406933,0.170100807,0.173541757,0.168396143,0.174195634,0.177453776,0.170636193,0.165069563,0.169357066,4.036438948
Europe,        Ireland,0.00891321,0.009164821,0.008572076,0.008391037,0.007359204,0.008679829,0.00954197,0.007012705,0.008900689,0.007492993,0.008119894,0.008221775,0.009065006,0.008524913,0.010121429,0.007734339,0.007600228,0.008390869,0.012373816,0.012461692,0.012553881,0.010095448,0.016059226,0.015614418,0.019446549,0.025822992,0.030591129,0.0321222,0.036822868,0.042642586,0.037944831,0.054308626,0.052218142,0.06245036,0.069276416,0.076872286,0.068043407,0.081470259,0.093641197,0.108055086,0.117651882,0.105613232,1.345959514
Europe,        Italy,0.53402858,0.52844427,0.559618214,0.565769702,0.610039668,0.607837495,0.634305444,0.524642059,0.55496432,0.496601136,0.475072896,0.60395428,0.596610458,0.604932844,0.626888538,0.574765533,0.615397427,0.61979022,0.632538814,0.680857248,0.682178083,0.74448772,0.683948876,0.666364197,0.729525403,0.68110226,0.682581033,0.649143638,0.727953288,0.835732535,0.90602326,0.970143822,1.043085609,1.241565168,1.331194981,1.206486235,1.151816588,1.107361034,1.210130463,0.996620251,1.153653444,1.167642142,32.21579917
Europe,        Kosovo,--,--,--,--,--,--,--,--,--,--,--,--,--,--,--,--,--,--,--,--,--,--,--,--,--,--,--,--,0.002144794,0.002846968,0.003102172,0.002465828,0.001458016,0.000216541,0.003120812,0.00177027,0.000542111,0.002903004,0.003258094,0.002839852,0.00209951,0.004369716,0.033137688
Europe,        Latvia,--,--,--,--,--,--,--,--,--,--,--,--,0.0397794,0.038169515,0.040332768,0.038059379,0.030398961,0.036402827,0.036055278,0.034492059,0.035338182,0.035632348,0.032648993,0.032610426,0.039021986,0.041342684,0.03611477,0.03797606,0.03994528,0.040155228,0.03821114,0.033914381,0.044728491,0.037644467,0.034154991,0.03190041,0.035583709,0.049848474,0.034812987,0.032120374,0.037383994,0.037463312,1.112242877
Europe,        Lithuania,--,--,--,--,--,--,--,--,--,--,--,--,0.13298731,0.125390978,0.086769475,0.111356688,0.123290147,0.108635829,0.121389791,0.095255716,0.086418003,0.105117069,0.125134203,0.134919304,0.13311204,0.096633985,0.088326291,0.098419661,0.100547447,0.103825687,0.029728896,0.034244262,0.034318587,0.038976853,0.04120386,0.04112823,0.048897888,0.05408791,0.054143558,0.055018053,0.050768175,0.054366007,2.514411903
Europe,        Luxembourg,0.075900422,0.062379017,0.059940241,0.058718794,0.066644206,0.065689284,0.061051407,0.050802919,0.054972836,0.056105476,0.055539623,0.053536133,0.048049818,0.04980174,0.045154325,0.033291244,0.030611757,0.026066657,0.020206058,0.020593436,0.021592204,0.021378255,0.013658371,0.014409121,0.013839528,0.013559319,0.014955827,0.016548908,0.017662687,0.014291096,0.016909006,0.018296722,0.017517826,0.020953578,0.020993318,0.023720703,0.026331502,0.027308251,0.027927787,0.027840059,0.027844399,0.028685465,1.441279322
Europe,        Malta,0,0,0,0,0,0,0,0,0,0,0,0,0,0,0,0,0,0,0,0,0,0,0,0,0,0,0,0,0,0.00000976,0.000019512,0.00009716,0.000275964,0.000343476,0.00071325,0.004552098,0.006469978,0.004531157,0.003923194,0.003971939,0.003555524,0.004055919,0.032518931
Europe,        Montenegro,--,--,--,--,--,--,--,--,--,--,--,--,--,--,--,--,--,--,--,--,--,--,--,--,--,--,0.022839899,0.019587872,0.020009252,0.023348348,0.026572412,0.016911016,0.018057252,0.02248454,0.017409402,0.015576596,0.017922576,0.014094959,0.016104849,0.014797952,0.010715006,0.014128473,0.290560404
Europe,        Netherlands,0.054664663,0.050895741,0.044457219,0.050049586,0.044551313,0.046980793,0.043135223,0.040009824,0.052637384,0.054851783,0.062622126,0.057784705,0.058062785,0.070761042,0.078554743,0.088966425,0.089772214,0.079644445,0.090778444,0.127385427,0.142113858,0.137604284,0.141642599,0.150095877,0.156696025,0.187329881,0.190221366,0.187064333,0.199507062,0.174664628,0.173093524,0.208942021,0.234212062,0.215858819,0.207368276,0.206493227,0.201319046,0.209286151,0.245129681,0.252860183,0.301338965,0.383542103,5.792949859
Europe,        North Macedonia,--,--,--,--,--,--,--,--,--,--,--,--,0.009271706,0.007390601,0.00914825,0.009728856,0.009879118,0.010304938,0.013359251,0.015903808,0.014390739,0.00997572,0.011646499,0.017878608,0.019080271,0.020625298,0.022711718,0.019996069,0.018793284,0.017227031,0.029072052,0.024113956,0.019319631,0.023417053,0.022336835,0.027315299,0.025862059,0.018747602,0.024286472,0.018115221,0.020900099,0.022817983,0.533616029
Europe,        Norway,0.871728004,0.953430264,0.94656733,1.065951779,1.081068257,1.074626344,1.016669179,1.075343166,1.108441615,1.192632828,1.210785002,1.144651005,1.18069764,1.206240421,1.157078827,1.236186887,1.114347406,1.140143135,1.199994534,1.24300369,1.38594179,1.261847745,1.284349027,1.101607541,1.137820995,1.32183229,1.197142255,1.299629856,1.335813342,1.200279231,1.185352966,1.182926899,1.31498999,1.235382369,1.267611104,1.26353146,1.292743588,1.295412447,1.274082299,1.164802331,1.273290035,1.321578485,49.81755536
Europe,        Poland,-0.02192084,-0.016366771,-0.033773954,-0.033835888,-0.046216032,-0.0284113,-0.021578221,-0.036634241,-0.042856297,-0.054288933,-0.088315282,-0.086240323,-0.066216072,-0.041916868,-0.073257034,-0.078253698,-0.046988764,-0.070028033,-0.072393186,-0.069423465,-0.100576944,-0.102949655,-0.113014697,-0.158104813,-0.142117347,-0.125505594,-0.168213879,-0.137630754,-0.105002288,-0.054949178,-0.069533145,-0.065885397,-0.070064323,-0.050562183,-0.013669402,0.014036211,0.024000967,0.051537671,0.035910338,0.093082967,0.121854869,0.077892423,-2.088379353
Europe,        Portugal,0.094181217,0.067124325,0.086046792,0.092676293,0.107038598,0.127544872,0.101201848,0.110627214,0.139424983,0.070845876,0.101862609,0.101767441,0.060463799,0.09690711,0.122357299,0.099153206,0.164631815,0.152438302,0.141989399,0.08387573,0.134025966,0.16470367,0.107949349,0.190781047,0.147610014,0.109048397,0.176941939,0.188237133,0.179499323,0.197300225,0.286420632,0.246043927,0.212820915,0.292027537,0.303809781,0.236664897,0.282152093,0.199598043,0.25963942,0.256038236,0.270793672,0.289714137,6.85397908
Europe,        Romania,0.211116802,0.216903464,0.193696759,0.151796268,0.17050398,0.183933045,0.174247132,0.173701932,0.19179202,0.187766815,0.174786053,0.184213395,0.137918672,0.146061716,0.136066678,0.165257726,0.171309648,0.240225386,0.249762596,0.243686075,0.21737532,0.224148556,0.22746442,0.209234384,0.256477298,0.267577503,0.240748142,0.253829843,0.297777391,0.286970811,0.344302351,0.30052627,0.287372951,0.330329153,0.379468572,0.367565097,0.374474979,0.357715395,0.37108429,0.368217728,0.367255223,0.382937578,10.41759942
Europe,        Serbia,--,--,--,--,--,--,--,--,--,--,--,--,--,--,--,--,--,--,--,--,--,--,--,--,--,--,0.134412936,0.124585116,0.121870897,0.115850985,0.136424843,0.100703919,0.093656937,0.093225551,0.117589824,0.104376236,0.111941632,0.108245087,0.12109606,0.117183208,0.10096231,0.129443822,1.831569361
Europe,        Slovakia,--,--,--,--,--,--,--,--,--,--,--,--,--,0.189232352,0.199197359,0.186291751,0.189149652,0.181911588,0.18694789,0.197597086,0.226276727,0.230451693,0.243453343,0.235986557,0.233622417,0.232879125,0.247213307,0.231621503,0.237220657,0.21113778,0.22093828,0.224826868,0.226635508,0.233699327,0.236202241,0.236679975,0.237881601,0.245055347,0.237771203,0.240291725,0.235506447,0.24035597,6.47603528
Europe,        Slovenia,--,--,--,--,--,--,--,--,--,--,--,--,0.067823648,0.064760748,0.074429579,0.07466548,0.077274137,0.075484653,0.078024712,0.079814745,0.082704564,0.085626355,0.085381011,0.082882003,0.093085214,0.092355892,0.091131577,0.089834433,0.097572645,0.09254899,0.093363656,0.092700588,0.090660856,0.095243174,0.114589697,0.094792922,0.09750647,0.099639274,0.101245382,0.10005386,0.103649081,0.10174552,2.670590867
Europe,        Spain,0.375076978,0.343150279,0.371313356,0.410028757,0.59579735,0.63259473,0.681936747,0.729598598,0.881941652,0.780616179,0.794280923,0.825038327,0.743722822,0.803888681,0.842841145,0.823028841,0.983571271,0.903573524,0.950264904,0.864884214,0.967299501,1.124005298,0.970382107,1.156572799,1.089491315,0.966194433,1.062524953,1.066059204,1.135891117,1.206230183,1.505670642,1.369525506,1.361076206,1.571356642,1.575993905,1.441035293,1.536193687,1.384910586,1.515244483,1.4843794,1.572560049,1.637905228,43.03765182
Europe,        Sweden,0.883021201,0.978254435,0.963508182,1.089471696,1.211879426,1.312268738,1.307646314,1.390210962,1.387727492,1.401026278,1.415994576,1.412403388,1.392175045,1.377021768,1.347597323,1.396849865,1.294552979,1.400171606,1.467600192,1.441156015,1.415725971,1.531393323,1.405469293,1.293800972,1.448494469,1.500143122,1.390763759,1.426861304,1.424071629,1.296925707,1.385537226,1.391937251,1.495202232,1.404377084,1.396791761,1.432173137,1.406564036,1.459599323,1.451824955,1.456922488,1.367288038,1.41685439,57.06925895
Europe,        Switzerland,0.450718797,0.481274131,0.487312131,0.490926159,0.476434878,0.520059216,0.530264276,0.549542205,0.567587542,0.534127651,0.54626092,0.559488727,0.565115877,0.584434482,0.614336291,0.589376173,0.549106941,0.58398292,0.585660686,0.614058247,0.597976322,0.641342266,0.599399296,0.601219892,0.591228866,0.557305017,0.584585831,0.60872374,0.618012913,0.607365693,0.610613077,0.58937575,0.613432796,0.620717937,0.624163044,0.591241472,0.557880697,0.554990147,0.584852204,0.601821911,0.604293118,0.566626319,24.00723655
Europe,        Turkiye,0.121835273,0.135266914,0.15041928,0.124662443,0.147254663,0.131647393,0.12672973,0.195746182,0.29816889,0.188978275,0.240417573,0.237659615,0.276818357,0.35271085,0.319548615,0.373610597,0.428169622,0.431392983,0.456011354,0.372533491,0.345828773,0.279266973,0.372275695,0.372652816,0.467813796,0.401670132,0.445197784,0.364717316,0.341348368,0.373712563,0.541856384,0.564459167,0.62923946,0.684263851,0.519122445,0.795754155,0.859074953,0.818883612,0.902003726,1.184251339,1.139895526,1.043509424,18.55638036
Europe,        United Kingdom,0.420166678,0.429804931,0.518838933,0.609604214,0.672017993,0.658619978,0.647297254,0.672104481,0.776341867,0.863598482,0.839374144,0.94548028,1.038098029,1.184268254,1.191681777,1.19355913,1.255534684,1.31028081,1.329080403,1.282984894,1.156360448,1.212399722,1.188785651,1.126891457,0.993071088,1.017299379,0.963564221,0.814796314,0.755856283,0.886528525,0.817129698,0.969287251,1.034520467,1.19045472,1.267438838,1.495791014,1.496170889,1.604968262,1.668017093,1.664597749,1.736323971,1.530618951,44.42960921
Eurasia,        Armenia,--,--,--,--,--,--,--,--,--,--,--,--,0.032091922,0.043744937,0.035957604,0.01964398,0.04071154,0.03039675,0.03084889,0.03570396,0.032888868,0.031930737,0.039970823,0.040263038,0.043099449,0.044141982,0.044968067,0.045573736,0.044061116,0.04624599,0.048785267,0.047585861,0.041366872,0.042005675,0.041580114,0.046260628,0.043991887,0.045182586,0.038481999,0.041993866,0.043283904,0.039668574,1.202430623
Eurasia,        Azerbaijan,--,--,--,--,--,--,--,--,--,--,--,--,0.016028708,0.024698904,0.019671756,0.01724528,0.01641316,0.021801227,0.019342383,0.017785494,0.017276383,0.014107312,0.0253787,0.030303648,0.031971012,0.033888245,0.027754511,0.022316504,0.019743788,0.02139988,0.032062084,0.02342776,0.01531828,0.014105394,0.01269628,0.016359663,0.01670132,0.014029954,0.01403485,0.012249339,0.008918935,0.008998921,0.586029675
Eurasia,        Belarus,--,--,--,--,--,--,--,--,--,--,--,--,0.022166154,0.020684931,0.013685969,0.024836148,0.029659528,0.027256866,0.030497507,0.02675815,0.027195384,0.01871347,0.018955373,0.01985547,0.013977601,0.016688306,0.0179979,0.01788383,0.009279497,0.018155174,0.012591009,0.022645485,0.030135505,0.026605268,0.015611877,0.013060177,0.015487673,0.017386172,0.005243862,0.002327971,0.014613803,0.071008016,0.620964074
Eurasia,        Former U.S.S.R.,2.681172229,2.598288915,2.885607616,3.069049694,3.664546377,3.993325699,3.876426507,4.181357059,4.55991306,4.61364488,4.563300015,4.737949591,--,--,--,--,--,--,--,--,--,--,--,--,--,--,--,--,--,--,--,--,--,--,--,--,--,--,--,--,--,--,45.42458164
Eurasia,        Georgia,--,--,--,--,--,--,--,--,--,--,--,--,0.069898366,0.069805556,0.072399864,0.055744352,0.06241051,0.062045735,0.064491121,0.065985484,0.060322435,0.058145455,0.070187275,0.069636503,0.065858148,0.068069383,0.055914045,0.068796997,0.072056328,0.072039533,0.088977513,0.078100647,0.07215717,0.082632772,0.083144501,0.081700196,0.089363819,0.091518139,0.098303637,0.088445865,0.080510242,0.099856789,2.218518381
Eurasia,        Kazakhstan,--,--,--,--,--,--,--,--,--,--,--,--,0.182444483,0.195520634,0.137043378,0.125412978,0.111140991,0.096719736,0.092134397,0.088619927,0.103464841,0.109027577,0.111638145,0.105410037,0.097680288,0.101925296,0.097537284,0.100292608,0.095422897,0.092942991,0.110077498,0.108920824,0.100428382,0.093273273,0.098588852,0.111000838,0.126554369,0.113563252,0.112979062,0.126151,0.132916386,0.1400602,3.418892421
Eurasia,        Kyrgyzstan,--,--,--,--,--,--,--,--,--,--,--,--,0.087909018,0.08922867,0.111403413,0.111080753,0.118606195,0.105112823,0.09843604,0.120357574,0.128689421,0.120908924,0.10639529,0.130166466,0.128474671,0.117470364,0.11399111,0.116544323,0.096155195,0.09463224,0.101461391,0.12688123,0.127902399,0.123506338,0.125929664,0.104266647,0.105499665,0.125400206,0.126472731,0.122042089,0.130014812,0.114225514,3.429165175
Eurasia,        Moldova,--,--,--,--,--,--,--,--,--,--,--,--,0.002985668,-0.002849704,0.005327701,0.010109071,0.009260529,0.010804088,0.010964787,0.00864477,0.01031747,0.009075969,0.011578569,0.015762902,0.013891902,0.014666943,0.01585994,0.013907664,0.014162731,0.008677331,0.00914438,0.00572928,0.005489414,0.00800812,0.005740373,0.002785978,0.002310632,0.006763101,0.006259908,0.005536989,0.003728604,0.015541299,0.260186406
Eurasia,        Russia,--,--,--,--,--,--,--,--,--,--,--,--,2.920069251,2.924477479,2.716809366,2.744203765,2.62020628,2.644979383,2.600863092,2.754011835,2.959573102,3.097386353,3.035184792,3.008610159,3.150871117,3.152862835,3.242239903,3.273308362,3.184376963,3.307133151,3.276525742,3.281722425,3.320888414,3.419857349,3.464618046,3.487295022,3.62577434,3.689725421,3.634202049,3.741564645,4.103539383,4.192051416,96.57493144
Eurasia,        Tajikistan,--,--,--,--,--,--,--,--,--,--,--,--,0.166143881,0.170823263,0.167585016,0.151295038,0.152904017,0.142092587,0.144911788,0.155263858,0.145463216,0.149418259,0.157255084,0.163803113,0.163247371,0.168837781,0.166098261,0.167842901,0.16698756,0.153828554,0.158906611,0.155744499,0.156961873,0.158033675,0.146259102,0.152304055,0.147572102,0.151851438,0.1577199,0.160929612,0.153953734,0.153272517,4.707310665
Eurasia,        Turkmenistan,--,--,--,--,--,--,--,--,--,--,--,--,-0.010024032,-0.010692843,-0.008829936,-0.006850992,-0.0074547,-0.005919935,-0.005056818,-0.00199607,-0.003360995,-0.006281201,-0.003572553,-0.003603405,-0.003972228,-0.004269123,-0.004542323,-0.004951868,-0.00500655,-0.005320736,-0.008193652,-0.008671452,-0.009252092,-0.009695577,-0.01092399,-0.010893855,-0.010894116,-0.010892754,-0.010893098,-0.010893726,-0.010894142,-0.010894174,-0.224698936
Eurasia,        Ukraine,--,--,--,--,--,--,--,--,--,--,--,--,0.827181176,0.886870537,0.835198521,0.826140419,0.90576535,0.918461329,0.923621581,0.857071344,0.857000217,0.882995575,0.892828506,0.896076842,0.94273622,0.997735809,1.040842937,1.064729368,1.020548445,0.933719341,1.004673067,0.974147649,0.94968585,0.926572462,0.989348586,1.011852636,0.941038427,0.996964292,0.995193861,0.969354154,0.981740702,1.093865856,28.34396106
Eurasia,        Uzbekistan,--,--,--,--,--,--,--,--,--,--,--,--,0.062245708,0.073702072,0.071713744,0.05876642,0.070508656,0.061540363,0.061746444,0.061642936,0.063692929,0.062639895,0.062016256,0.076099804,0.089093644,0.088091378,0.045863087,0.048915824,0.044122522,0.062482728,0.075132532,0.052352128,0.060386336,0.050887687,0.054554649,0.06083316,0.06190744,0.074738329,0.05186725,0.062095634,0.052530038,0.052550347,1.87471994
