Continent,Country,1980,1981,1982,1983,1984,1985,1986,1987,1988,1989,1990,1991,1992,1993,1994,1995,1996,1997,1998,1999,2000,2001,2002,2003,2004,2005,2006,2007,2008,2009,2010,2011,2012,2013,2014,2015,2016,2017,2018,2019,2020,2021,Production_Coal
Africa,        Algeria,7.59E-05,0.000240414,0.000404907,0.0005694,0.000575727,0.000582054,0.000278374,0.000240414,0.000253067,0.00022776,0.000272047,0.000316334,0.000379601,0.000506134,0.000582054,0.000556748,0.000303681,0.000278374,0.000139187,2.28E-05,0,0,0,0,0,0,0,0,0,0,0,0,0,0,0,0,0,0,0,0,0,0,0.00E+00
Africa,        Angola,0,0,0,0,0,0,0,0,0,0,0,0,0,0,0,0,0,0,0,0,0,0,0,0,0,0,0,0,0,0,0,0,0,0,0,0,0,0,0,0,0,0,0
Africa,        Benin,0,0,0,0,0,0,0,0,0,0,0,0,0,0,0,0,0,0,0,0,0,0,0,0,0,0,0,0,0,0,0,0,0,0,0,0,0,0,0,0,0,0,0
Africa,        Botswana,0.008262057,0.008484744,0.009241913,0.008796519,0.00875198,0.009731845,0.010912138,0.010845329,0.013562228,0.01476479,0.017682117,0.01745942,0.020064972,0.019820005,0.020064972,0.020265399,0.016212319,0.017281263,0.020577174,0.016011892,0.020933489,0.020376747,0.021222994,0.018327937,0.020287668,0.021935624,0.021423421,0.018439286,0.020265399,0.016435016,0.022002433,0.017548499,0.032758683,0.033315425,0.038212317,0.046534212,0.04192044,0.049608123,0.048393175,0.047178203,0.041939121,0.044340069,0.952191357
Africa,        Burkina Faso,0,0,0,0,0,0,0,0,0,0,0,0,0,0,0,0,0,0,0,0,0,0,0,0,0,0,0,0,0,0,0,0,0,0,0,0,0,0,0,0,0,0,0
Africa,        Burundi,0,0,0,0,0,0,0,0,0,0,0,0,0,0,0,0,0,0,0,0,0,0,0,0,0,0,0,0,0,0,0,0,0,0,0,0,0,0,0,0,0,0,0
Africa,        Cabo Verde,0,0,0,0,0,0,0,0,0,0,0,0,0,0,0,0,0,0,0,0,0,0,0,0,0,0,0,0,0,0,0,0,0,0,0,0,0,0,0,0,0,0,0
Africa,        Cameroon,0,0,0,0,0,0,0,0,0,0,0,0,0,0,0,0,0,0,0,0,0,0,0,0,0,0,0,0,0,0,0,0,0,0,0,0,0,0,0,0,0,0,0
Africa,        Central African Republic,0,0,0,0,0,0,0,0,0,0,0,0,0,0,0,0,0,0,0,0,0,0,0,0,0,0,0,0,0,0,0,0,0,0,0,0,0,0,0,0,0,0,0
Africa,        Chad,0,0,0,0,0,0,0,0,0,0,0,0,0,0,0,0,0,0,0,0,0,0,0,0,0,0,0,0,0,0,0,0,0,0,0,0,0,0,0,0,0,0,0
Africa,        Comoros,0,0,0,0,0,0,0,0,0,0,0,0,0,0,0,0,0,0,0,0,0,0,0,0,0,0,0,0,0,0,0,0,0,0,0,0,0,0,0,0,0,0,0
Africa,        Congo-Brazzaville,0,0,0,0,0,0,0,0,0,0,0,0,0,0,0,0,0,0,0,0,0,0,0,0,0,0,0,0,0,0,0,0,0,0,0,0,0,0,0,0,0,0,0
Africa,        Congo-Kinshasa,0.003552243,0.003603617,0.003166008,0.002908674,0.003114635,0.002797987,0.003063261,0.003140321,0.003166104,0.003217586,0.003243327,0,0,0,0,0,0,0,0,0,0,0,0,0,0,0,0,0,0,0,0,0,0,0,0,0,0,0,0,0,0,0,0.034973763
Africa,        Côte d’Ivoire,0,0,0,0,0,0,0,0,0,0,0,0,0,0,0,0,0,0,0,0,0,0,0,0,0,0,0,0,0,0,0,0,0,0,0,0,0,0,0,0,0,0,0
Africa,        Djibouti,0,0,0,0,0,0,0,0,0,0,0,0,0,0,0,0,0,0,0,0,0,0,0,0,0,0,0,0,0,0,0,0,0,0,0,0,0,0,0,0,0,0,0
Africa,        Egypt,0,0,0,0,0,0,0,0,0,0,0,0,0,0,0,0,0,0,0,0.000813226,0.001209413,0.001049548,0.000889683,0.000788899,0.000688114,0.000701784,0.000643299,0.000584814,0.00052633,0.000682121,0.000792374,0.000755165,0.000437891,6.60E-05,0,0,0,0,0,0,0,0,0.010628707
Africa,        Equatorial Guinea,0,0,0,0,0,0,0,0,0,0,0,0,0,0,0,0,0,0,0,0,0,0,0,0,0,0,0,0,0,0,0,0,0,0,0,0,0,0,0,0,0,0,0
Africa,        Eritrea,--,--,--,--,--,--,--,--,--,--,--,--,--,--,0,0,0,0,0,0,0,0,0,0,0,0,0,0,0,0,0,0,0,0,0,0,0,0,0,0,0,0,0
Africa,        Eswatini,0.004143529,0.003861016,0.00313119,0.002401364,0.002942848,0.003908102,0.004049358,0.003884559,0.003437246,0.003602043,0.00376684,0.002895758,0.002330732,0.001318394,0.004096439,0.004049353,0.003037015,0.004935721,0.008032328,0.008489287,0.008946246,0.007415967,0.009982127,0.010562785,0.011496255,0.010617781,0.010452982,0.010876751,0.010594238,0.006986753,0.003379269,0.003295985,0.003527059,0.002989929,0.003122946,0.003040216,0.003729172,0.004061244,0.003037015,0.002587348,0.002544977,0.002723802,0.214283969
Africa,        Ethiopia,0,0,0,0,0,0,0,0,0,0,0,0,0,0,0,0,0,0,0,0,0,0,0,0,0,0,0,0,0,0,0,0,0,0,0,0,0,0,0,0,0,0,0
Africa,        Gabon,0,0,0,0,0,0,0,0,0,0,0,0,0,0,0,0,0,0,0,0,0,0,0,0,0,0,0,0,0,0,0,0,0,0,0,0,0,0,0,0,0,0,0
Africa,"        Gambia, The",0,0,0,0,0,0,0,0,0,0,0,0,0,0,0,0,0,0,0,0,0,0,0,0,0,0,0,0,0,0,0,0,0,0,0,0,0,0,0,0,0,0,0
Africa,        Ghana,0,0,0,0,0,0,0,0,0,0,0,0,0,0,0,0,0,0,0,0,0,0,0,0,0,0,0,0,0,0,0,0,0,0,0,0,0,0,0,0,0,0,0
Africa,        Guinea,0,0,0,0,0,0,0,0,0,0,0,0,0,0,0,0,0,0,0,0,0,0,0,0,0,0,0,0,0,0,0,0,0,0,0,0,0,0,0,0,0,0,0
Africa,        Guinea-Bissau,0,0,0,0,0,0,0,0,0,0,0,0,0,0,0,0,0,0,0,0,0,0,0,0,0,0,0,0,0,0,0,0,0,0,0,0,0,0,0,0,0,0,0
Africa,        Kenya,0,0,0,0,0,0,0,0,0,0,0,0,0,0,0,0,0,0,0,0,0,0,0,0,0,0,0,0,0,0,0,0,0,0,0,0,0,0,0,0,0,0,0
Africa,        Lesotho,0,0,0,0,0,0,0,0,0,0,0,0,0,0,0,0,0,0,0,0,0,0,0,0,0,0,0,0,0,0,0,0,0,0,0,0,0,0,0,0,0,0,0
Africa,        Liberia,0,0,0,0,0,0,0,0,0,0,0,0,0,0,0,0,0,0,0,0,0,0,0,0,0,0,0,0,0,0,0,0,0,0,0,0,0,0,0,0,0,0,0
Africa,        Libya,0,0,0,0,0,0,0,0,0,0,0,0,0,0,0,0,0,0,0,0,0,0,0,0,0,0,0,0,0,0,0,0,0,0,0,0,0,0,0,0,0,0,0
Africa,        Madagascar,0,0,0,0,0,0,0,0,0,0,0,0,0,0,0,0,0,0,0,0,0,0,0,0,0,0,0,0,0,0,0,0,0,0,0,0,0,0,0,0,0,0,0
Africa,        Malawi,0,0,0,0.000249376,0.000274313,0.00071072,0.000773064,0.00079956,0.001147127,0.00132169,0.001249994,0.001271814,0.001296752,0.001296752,0.001271814,0.001221939,0.001321689,0.001371565,0.00142144,0.00157705,0.001962584,0.001204483,0.001568571,0.002029916,0.001291764,0.001294258,0.001506227,0.00146134,0.001511215,0.001471315,0.001970065,0.00192019,0.001770565,0.001670815,0.001588521,0.001466327,0.001079795,0.001496252,0.001241889,0.001208722,0.001175556,0.001280605,0.051747634
Africa,        Mali,0,0,0,0,0,0,0,0,0,0,0,0,0,0,0,0,0,0,0,0,0,0,0,0,0,0,0,0,0,0,0,0,0,0,0,0,0,0,0,0,0,0,0
Africa,        Mauritania,0,0,0,0,0,0,0,0,0,0,0,0,0,0,0,0,0,0,0,0,0,0,0,0,0,0,0,0,0,0,0,0,0,0,0,0,0,0,0,0,0,0,0
Africa,        Mauritius,0,0,0,0,0,0,0,0,0,0,0,0,0,0,0,0,0,0,0,0,0,0,0,0,0,0,0,0,0,0,0,0,0,0,0,0,0,0,0,0,0,0,0
Africa,        Morocco,0.017208547,0.017790601,0.018600415,0.019005322,0.021207004,0.019612682,0.019612682,0.01604444,0.016095053,0.01275457,0.013311317,0.013943985,0.014576652,0.015285239,0.016449347,0.016449347,0.012805184,0.009515314,0.006807499,0.003264563,0.000784507,0.000740221,0.000695934,0.000651647,0.00060736,0.00030368,0.000172929,0,0,0,0,0,0,0,0,0,0,0,0,0,0,0,0.304296041
Africa,        Mozambique,0,0,0,0,0,0,0,0,0,0,0,0,0,0,0,0,0.000575316,0.00054655,0.000517784,0.000604081,0.00069039,0.000827401,0.000864666,0.000913166,0.000892801,0.000881111,0.000792625,0.000685573,0.00104078,0.001557433,0.002002507,0.017136153,0.124287072,0.165022786,0.173204058,0.180930748,0.19833123,0.384192996,0.404123193,0.276770371,0.187149129,0.26777898,2.3923189
Africa,        Namibia,--,--,--,--,--,--,--,--,--,--,0,0,0,0,0,0,0,0,0,0,0,0,0,0,0,0,0,0,0,0,0,0,0,0,0,0,0,0,0,0,0,0,0
Africa,        Niger,0.000404863,0.000607294,0.000910942,0.002631609,0.003036472,0.003056715,0.00251015,0.003319876,0.003137688,0.003461578,0.003115801,0.003168899,0.002702963,0.003164202,0.003167502,0.003460987,0.003684694,0.00329639,0.003668317,0.003410278,0.003202462,0.003305702,0.003702467,0.003823926,0.004789199,0.003685463,0.003569267,0.003467647,0.003702467,0.003864412,0.004809766,0.00534216,0.005078999,0.004896811,0.005534571,0.004947804,0.005384129,0.005293258,0.005088797,0.005134233,0.005611308,0.005634025,0.155786093
Africa,        Nigeria,0.003045561,0.00298592,0.002926279,0.002866637,0.002806996,0.002747355,0.002687714,0.003015753,0.002110736,0.002162218,0.002316662,0.001979925,0.001820361,0.000720739,0.000643517,0.000567606,0.000437592,0.000361025,0.000308888,0.000202887,7.15E-05,0.000592036,0.000588336,0.000592036,0.000797904,0.000964223,0.00077813,0.000592036,0.000702978,0.000991325,0.001045381,0.00100938,0.000955829,0.00113259,0.001171201,0.001209812,0.001184072,0.001319082,0.0012424,0.001405776,0.00113733,0.001255696,0.057453378
Africa,        Reunion,0,0,0,0,0,0,0,0,0,0,0,0,0,0,0,0,0,0,0,0,0,0,0,0,0,0,0,0,0,0,0,0,0,0,0,0,0,0,0,0,0,0,0
Africa,        Rwanda,0,0,0,0,0,0,0,0,0,0,0,0,0,0,0,0,0,0,0,0,0,0,0,0,0,0,0,0,0,0,0,0,0,0,0,0,0,0,0,0,0,0,0
Africa,        Saint Helena,0,0,0,0,0,0,0,0,0,0,0,0,0,0,0,0,0,0,0,0,0,0,0,0,0,0,0,0,0,0,0,0,0,0,0,0,0,0,0,0,0,0,0
Africa,        Sao Tome and Principe,0,0,0,0,0,0,0,0,0,0,0,0,0,0,0,0,0,0,0,0,0,0,0,0,0,0,0,0,0,0,0,0,0,0,0,0,0,0,0,0,0,0,0
Africa,        Senegal,0,0,0,0,0,0,0,0,0,0,0,0,0,0,0,0,0,0,0,0,0,0,0,0,0,0,0,0,0,0,0,0,0,0,0,0,0,0,0,0,0,0,0
Africa,        Seychelles,0,0,0,0,0,0,0,0,0,0,0,0,0,0,0,0,0,0,0,0,0,0,0,0,0,0,0,0,0,0,0,0,0,0,0,0,0,0,0,0,0,0,0
Africa,        Sierra Leone,0,0,0,0,0,0,0,0,0,0,0,0,0,0,0,0,0,0,0,0,0,0,0,0,0,0,0,0,0,0,0,0,0,0,0,0,0,0,0,0,0,0,0
Africa,        Somalia,0,0,0,0,0,0,0,0,0,0,0,0,0,0,0,0,0,0,0,0,0,0,0,0,0,0,0,0,0,0,0,0,0,0,0,0,0,0,0,0,0,0,0
Africa,        South Africa,2.525071319,2.803132731,3.037634017,3.193436732,3.573197661,3.806132718,3.876251425,3.873667499,3.979072464,3.867349157,3.770739453,3.819686554,3.752487001,3.915138067,4.176562947,4.388926427,4.41381951,4.643591962,4.748664356,4.72295753,4.929281338,4.898169393,4.825360161,5.244126042,5.322475139,5.369061899,5.361512612,5.427330045,5.536253095,5.483117742,5.579088009,5.647405643,5.668575422,5.621080838,5.72743234,5.628899957,5.594413708,5.621366311,5.576496358,5.62354432,5.394764811,4.980221514,195.9474962
Africa,        South Sudan,--,--,--,--,--,--,--,--,--,--,--,--,--,--,--,--,--,--,--,--,--,--,--,--,--,--,--,--,--,--,--,--,0,0,0,0,0,0,0,0,0,0,0
Africa,        Sudan,0,0,0,0,0,0,0,0,0,0,0,0,0,0,0,0,0,0,0,0,0,0,0,0,0,0,0,0,0,0,0,0,0,0,0,0,0,0,0,0,0,0,0
Africa,        Tanzania,0,0,0,0,0,0,0,0,0,7.08E-05,0.000176967,0.000283148,0.000566295,0.00113259,0.001184072,0.00113259,0.001467219,0.000720739,0.001158331,0.001930552,0.002038251,0.002002342,0.00203892,0.001405699,0.0016742,0.000792684,0.000461788,0.000700095,0.00039234,0.001388813,0.001733172,0.002077531,0.002025071,0.00218209,0.006332209,0.006615357,0.00710443,0.014389044,0.016165151,0.01833087,0.017760019,0.019429703,0.136863069
Africa,        Togo,0,0,0,0,0,0,0,0,0,0,0,0,0,0,0,0,0,0,0,0,0,0,0,0,0,0,0,0,0,0,0,0,0,0,0,0,0,0,0,0,0,0,0
Africa,        Tunisia,0,0,0,0,0,0,0,0,0,0,0,0,0,0,0,0,0,0,0,0,0,0,0,0,0,0,0,0,0,0,0,0,0,0,0,0,0,0,0,0,0,0,0
Africa,        Uganda,0,0,0,0,0,0,0,0,0,0,0,0,0,0,0,0,0,0,0,0,0,0,0,0,0,0,0,0,0,0,0,0,0,0,0,0,0,0,0,0,0,0,0
Africa,        Western Sahara,0,0,0,0,0,0,0,0,0,0,0,0,0,0,0,0,0,0,0,0,0,0,0,0,0,0,0,0,0,0,0,0,0,0,0,0,0,0,0,0,0,0,0
Africa,        Zambia,0.013940888,0.012427446,0.014806026,0.011089936,0.012572891,0.01248248,0.013500519,0.011320486,0.012802536,0.010036715,0.011156783,0.012276852,0.012656342,0.015236841,0.01316898,0.007394838,0.006399145,0.006696465,0.007990625,0.007080283,0.005553738,0.005654369,0.004807397,0.004901647,0.0051678,0.003667286,0.001564709,0.00034228,8.56E-05,0,0,0,0.002200372,0.003647753,0.003893296,0.004021876,0.008067354,0.01962605,0.028916971,0.024538215,0.027465956,0.027085088,0.406244804
Africa,        Zimbabwe,0.06838806,0.0611243,0.064064393,0.064558527,0.067152727,0.076689501,0.088622823,0.120148532,0.115824865,0.118394359,0.13598534,0.138752483,0.137072432,0.130574586,0.135120607,0.114712924,0.108980984,0.098950088,0.102853737,0.114292911,0.108709211,0.102409018,0.097887703,0.087708568,0.080074216,0.089487446,0.086399116,0.083261373,0.062730156,0.041193379,0.061771538,0.063300879,0.0393725,0.076941414,0.142764675,0.107103684,0.066715196,0.072282824,0.082639062,0.064852495,0.066800888,0.079965855,3.826635375
Asia & Oceania,        Afghanistan,0.002355286,0.00247404,0.002869886,0.002869886,0.002929263,0.00298864,0.003166771,0.003305317,0.00273134,0.002513624,0.002078193,0.001860478,0.000158339,0.000138546,0.000118754,9.90E-05,5.94E-05,3.96E-05,3.96E-05,1.98E-05,1.98E-05,0.0005146,0.000415639,0.000692731,0.000672939,0.000653146,0.000692731,0.004809533,0.006867934,0.009896159,0.014349431,0.029292594,0.024542444,0.026660219,0.030032826,0.027016481,0.033607314,0.043364915,0.048392158,0.042335716,0.001128161,0.03195941,0.410732536
Asia & Oceania,        American Samoa,0,0,0,0,0,0,0,0,0,0,0,0,0,0,0,0,0,0,0,0,0,0,0,0,0,0,0,0,0,0,0,0,0,0,0,0,0,0,0,0,0,0,0
Asia & Oceania,        Australia,2.374452858,2.699360224,2.733467786,3.041359368,3.244336768,3.497189795,3.765758866,4.247154444,3.917605372,4.17786462,4.388971136,4.724193839,4.915326354,4.925553313,4.86792392,5.248519105,5.337422237,5.705907468,6.144159356,6.228669732,6.627498469,7.170442351,7.409520894,7.393844208,7.612751574,8.10722671,8.200640474,8.647165318,8.693196849,9.000658537,9.954671594,9.471213342,9.930930249,10.7738122,11.58072908,12.09463795,11.81982682,11.80927495,11.59034777,12.16039616,11.88807402,11.06245749,299.1845136
Asia & Oceania,        Bangladesh,0,0,0,0,0,0,0,0,0,0,0,0,0,0,0,0,0,0,0,0,0,0,0,0.000466036,0.001348816,0.003716265,0.006326001,0.008100622,0.014134333,0.017286895,0.014718914,0.013925554,0.01743304,0.017850598,0.019771364,0.014113455,0.021337206,0.024239233,0.019270294,0.019548666,0.021211938,0.021951944,0.276751174
Asia & Oceania,        Bhutan,8.29E-07,1.49E-06,2.16E-06,2.82E-06,6.64E-06,6.67E-06,1.33E-05,3.04E-05,3.05E-05,3.66E-05,4.28E-05,4.90E-05,5.27E-05,0.000763038,0.001061618,0.001050559,0.001061618,0.00089574,0.00102262,0.0011495,0.00127638,0.001219357,0.001216228,0.001100168,0.001243922,0.001414589,0.001517044,0.001425717,0.001388463,0.001302887,0.001456639,0.001640598,0.001637728,0.0012896,0.00135839,0.001412681,0.001953708,0.00268722,0.003101914,0.003068739,0.002609357,0.003085327,0.045687167
Asia & Oceania,        Brunei,0,0,0,0,0,0,0,0,0,0,0,0,0,0,0,0,0,0,0,0,0,0,0,0,0,0,0,0,0,0,0,0,0,0,0,0,0,0,0,0,0,0,0
Asia & Oceania,        Burma,0.000919841,0.001355556,0.001621825,0.001718651,0.002105952,0.002081746,0.002372222,0.00179127,0.001573413,0.001573413,0.001670238,0.001815476,0.001767063,0.001842156,0.001665711,0.0018004,0.001665711,0.001532907,0.001622071,0.003205648,0.012281902,0.014474452,0.011776626,0.009519865,0.007148426,0.00640109,0.010925132,0.009438765,0.007598743,0.007249817,0.014426456,0.01445676,0.016185795,0.014698076,0.01406791,0.011395495,0.018311612,0.023740439,0.034947755,0.042935611,0.047134384,0.056466174,0.441282555
Asia & Oceania,        Cambodia,0,0,0,0,0,0,0,0,0,0,0,0,0,0,0,0,0,0,0,0,0,0,0,0,0,0,0,0,0,0,0,0,0,0,0,0,0,0,0,0,0,0,0
Asia & Oceania,        China,13.81130502,13.84448921,14.83979224,15.91349014,17.57715396,19.42678289,19.91140571,20.66974243,21.82294876,23.47725866,24.03738108,24.148292,24.82244333,25.64269418,27.38297117,28.77871163,30.39936963,29.51522251,29.01554431,28.60399352,30.8275079,32.77272272,34.5293402,40.8654729,47.27317869,52.67473881,57.2311053,61.4662069,64.66244859,69.38280715,76.35577933,83.83864714,87.86290244,88.51308685,87.6313328,85.45220872,78.16571766,80.52921158,84.24842527,87.63471318,88.8529844,93.96390338,1968.375434
Asia & Oceania,        Cook Islands,0,0,0,0,0,0,0,0,0,0,0,0,0,0,0,0,0,0,0,0,0,0,0,0,0,0,0,0,0,0,0,0,0,0,0,0,0,0,0,0,0,0,0
Asia & Oceania,        Fiji,0,0,0,0,0,0,0,0,0,0,0,0,0,0,0,0,0,0,0,0,0,0,0,0,0,0,0,0,0,0,0,0,0,0,0,0,0,0,0,0,0,0,0
Asia & Oceania,        French Polynesia,0,0,0,0,0,0,0,0,0,0,0,0,0,0,0,0,0,0,0,0,0,0,0,0,0,0,0,0,0,0,0,0,0,0,0,0,0,0,0,0,0,0,0
Asia & Oceania,        Guam,0,0,0,0,0,0,0,0,0,0,0,0,0,0,0,0,0,0,0,0,0,0,0,0,0,0,0,0,0,0,0,0,0,0,0,0,0,0,0,0,0,0,0
Asia & Oceania,        Hawaiian Trade Zone,0,0,0,0,0,0,0,--,--,--,--,--,--,--,--,--,--,--,--,--,--,--,--,--,--,--,--,--,--,--,--,--,--,--,--,--,--,--,--,--,--,--,0
Asia & Oceania,        Hong Kong,0,0,0,0,0,0,0,0,0,0,0,0,0,0,0,0,0,0,0,0,0,0,0,0,0,0,0,0,0,0,0,0,0,0,0,0,0,0,0,0,0,0,0
Asia & Oceania,        India,1.873128816,2.044708332,2.177431649,2.289212238,2.492878943,2.587637293,2.860109017,3.07695525,3.354989737,3.453995179,3.699748905,4.011472962,4.170072428,4.276994743,4.419980273,4.695284368,4.965426296,5.152071297,5.183796243,5.223637444,5.396460191,5.641349736,5.879179914,6.240941446,6.619591702,7.026395163,7.424432598,7.887317831,8.102917391,8.185609487,8.618542867,8.787015946,9.087337591,9.283560737,9.79666376,10.32818759,11.08192467,11.25960329,12.03306657,12.33618563,12.16119423,12.81901373,268.0060235
Asia & Oceania,        Indonesia,0.012117192,0.014688189,0.012603599,0.013968718,0.03170006,0.051115059,0.081476106,0.097873241,0.128545949,0.18422278,0.245376114,0.324490289,0.450756048,0.610832013,0.674824758,0.878799775,1.111205083,1.238477459,1.452450584,1.754209514,1.774649937,2.162660352,2.356503345,2.674495073,3.238776725,3.776880077,4.728846195,5.46114091,5.846681193,6.135425038,7.345464116,7.194681653,7.822300566,9.652006588,9.404577444,9.51441787,9.271160011,9.26126574,11.01080556,12.17761271,11.1055538,12.09572478,163.3813622
Asia & Oceania,        Japan,0.465941952,0.455732332,0.452465677,0.438365215,0.427461525,0.419662588,0.410052371,0.332346552,0.285433581,0.25907006,0.201922056,0.200682028,0.192356128,0.182359987,0.170617684,0.159862342,0.156041032,0.100467547,0.093609435,0.093356368,0.07500902,0.071415471,0.032519093,0.034290561,0.032190106,0.031608052,0.034189334,0.032392559,0.032645626,0.030519865,0.028976157,0.030241491,0.031557439,0.031658665,0.033354213,0.032012959,0.032595013,0.033604674,0.024387523,0.019615618,0.019988993,0.017074751,6.239653643
Asia & Oceania,        Kiribati,0,0,0,0,0,0,0,0,0,0,0,0,0,0,0,0,0,0,0,0,0,0,0,0,0,0,0,0,0,0,0,0,0,0,0,0,0,0,0,0,0,0,0
Asia & Oceania,        Laos,0,0,0,0,0,0,0,0,0,0,7.24E-05,0.000120664,0.000217196,0.00033786,0.000458525,0.000555057,0.001145342,0.002067928,0.003322061,0.004438571,0.004833186,0.005214725,0.005635944,0.006196322,0.007377041,0.007891336,0.008636365,0.009769574,0.010854686,0.012211835,0.015986211,0.018369579,0.020392415,0.022802639,0.025204315,0.100392,0.276447659,0.283467147,0.335059594,0.322172377,0.307300335,0.300820713,2.119771601
Asia & Oceania,        Macau,0,0,0,0,0,0,0,0,0,0,0,0,0,0,0,0,0,0,0,0,0,0,0,0,0,0,0,0,0,0,0,0,0,0,0,0,0,0,0,0,0,0,0
Asia & Oceania,        Malaysia,0,0,0,0,0,0,0.000470004,0.001909602,0.001953501,0.002381384,0.002436389,0.003948091,0.003893753,0.00434974,0.004805727,0.005261713,0.0057177,0.006173687,0.006914077,0.007313183,0.00782605,0.0119844,0.012285107,0.013876442,0.015586294,0.017296145,0.01977643,0.02359563,0.02752461,0.046927924,0.052612832,0.06400659,0.064754617,0.0635269,0.058155204,0.056171689,0.049586076,0.065606933,0.058228702,0.075927005,0.071639251,0.068462774,1.002886156
Asia & Oceania,        Maldives,0,0,0,0,0,0,0,0,0,0,0,0,0,0,0,0,0,0,0,0,0,0,0,0,0,0,0,0,0,0,0,0,0,0,0,0,0,0,0,0,0,0,0
Asia & Oceania,        Micronesia,0,0,0,0,0,0,0,0,0,0,0,0,0,0,0,0,0,0,0,0,0,0,0,0,0,0,0,0,0,0,0,0,0,0,0,0,0,0,0,0,0,0,0
Asia & Oceania,        Mongolia,0.129828467,0.105854053,0.132433121,0.1338527,0.133602919,0.160465986,0.173799201,0.191019221,0.211707845,0.197907229,0.176401282,0.173142282,0.153799535,0.138348295,0.127204206,0.12319317,0.125987883,0.121093644,0.124949748,0.122217785,0.127604708,0.126326087,0.13640738,0.139250621,0.166590835,0.184110322,0.197966958,0.226996408,0.247550688,0.361467412,0.626724275,0.826996087,0.760687521,0.759327601,0.614229367,0.5900949,0.895499435,1.231112894,1.312283075,1.438125159,1.12288031,1.32628864,16.37532926
Asia & Oceania,        Nauru,0,0,0,0,0,0,0,0,0,0,0,0,0,0,0,0,0,0,0,0,0,0,0,0,0,0,0,0,0,0,0,0,0,0,0,0,0,0,0,0,0,0,0
Asia & Oceania,        Nepal,0,0,0,0,0,0,0,0,0,0,0,3.50E-05,3.88E-05,4.26E-05,9.75E-05,9.77E-05,9.79E-05,0.00012693,0.000180227,0.000294916,0.000278532,0.000163842,0.000196611,0.000180227,0.000147458,0.000151702,0.000196005,0.000229379,0.00022684,0.000242798,0.000193334,0.000215617,0.000263459,0.000311301,0.000342707,0.000307727,0.000337532,0.000369678,0.000401824,0.000436879,0.000450043,0.000476017,0.007131243
Asia & Oceania,        New Caledonia,0,0,0,0,0,0,0,0,0,0,0,0,0,0,0,0,0,0,0,0,0,0,0,0,0,0,0,0,0,0,0,0,0,0,0,0,0,0,0,0,0,0,0
Asia & Oceania,        New Zealand,0.047526397,0.048147397,0.048625459,0.053936873,0.055756446,0.053403936,0.055595048,0.048304636,0.054417642,0.061788777,0.058019499,0.06091644,0.06946776,0.078555284,0.072324828,0.087539983,0.089509224,0.084781942,0.073674403,0.085581476,0.085211434,0.096433983,0.110992662,0.126328462,0.127559018,0.129955962,0.140340499,0.116110879,0.119610934,0.113889958,0.131804884,0.121345376,0.119948625,0.11410654,0.097830985,0.080885182,0.068106518,0.069166516,0.076337589,0.072253998,0.066517833,0.068634623,3.54124591
Asia & Oceania,        Niue,0,0,0,0,0,0,0,0,0,0,0,0,0,0,0,0,0,0,0,0,0,0,0,0,0,0,0,0,0,0,0,0,0,0,0,0,0,0,0,0,0,0,0
Asia & Oceania,        North Korea,0.795598133,0.828071266,0.870133146,0.879878638,0.902204678,0.712279795,0.707191981,0.702140508,0.846735111,0.654048683,0.871294288,0.913584258,0.77874804,0.711147182,0.666536473,0.621925764,0.551073462,0.540576824,0.488093637,0.550994057,0.590435852,0.606180808,0.585532813,0.605033304,0.640157599,0.706067422,0.713706298,0.626029133,0.658626598,0.489712782,0.49690884,0.545855212,0.558672877,0.613675039,0.615036002,0.660320456,0.76782853,0.521708054,0.476759426,0.532925007,0.501015534,0.56004731,27.66449082
Asia & Oceania,        Northern Mariana Islands,0,0,0,0,0,0,0,0,0,0,0,0,0,0,0,0,0,0,0,0,0,0,0,0,0,0,0,0,0,0,0,0,0,0,0,0,0,0,0,0,0,0,0
Asia & Oceania,        Pakistan,0.028704068,0.028374557,0.032310383,0.029454621,0.031990871,0.036002355,0.035116007,0.035816357,0.045294014,0.043497022,0.048943758,0.050717678,0.051464991,0.054254962,0.056035801,0.050535312,0.060416147,0.059004554,0.055263472,0.057476713,0.052610872,0.051398563,0.055002267,0.054387809,0.076176147,0.080892525,0.060499173,0.068487123,0.062074856,0.057808844,0.05729205,0.060000964,0.052793549,0.057482505,0.06411348,0.071454738,0.072116932,0.073042588,0.100539005,0.134293084,0.133889421,0.131271106,2.518301244
Asia & Oceania,        Papua New Guinea,0,0,0,0,0,0,0,0,0,0,0,0,0,0,0,0,0,0,0,0,0,0,0,0,0,0,0,0,0,0,0,0,0,0,0,0,0,0,0,0,0,0,0
Asia & Oceania,        Philippines,0.007253528,0.007297622,0.012302336,0.022488142,0.026809392,0.027823563,0.027250336,0.026633015,0.029940094,0.029984189,0.027404667,0.029234584,0.036620395,0.034878667,0.031946389,0.029300726,0.024428295,0.023722785,0.025508608,0.025949552,0.029829858,0.027118053,0.036708584,0.044755811,0.060100661,0.069735286,0.057058148,0.074982519,0.079568336,0.103335215,0.146613865,0.152368183,0.161826431,0.156535103,0.167580749,0.162664224,0.247171133,0.263067163,0.287848213,0.33672685,0.292500172,0.316994608,3.78186605
Asia & Oceania,        Samoa,0,0,0,0,0,0,0,0,0,0,0,0,0,0,0,0,0,0,0,0,0,0,0,0,0,0,0,0,0,0,0,0,0,0,0,0,0,0,0,0,0,0,0
Asia & Oceania,        Singapore,0,0,0,0,0,0,0,0,0,0,0,0,0,0,0,0,0,0,0,0,0,0,0,0,0,0,0,0,0,0,0,0,0,0,0,0,0,0,0,0,0,0,0
Asia & Oceania,        Solomon Islands,0,0,0,0,0,0,0,0,0,0,0,0,0,0,0,0,0,0,0,0,0,0,0,0,0,0,0,0,0,0,0,0,0,0,0,0,0,0,0,0,0,0,0
Asia & Oceania,        South Korea,0.48350422,0.515694568,0.522210517,0.515590728,0.554764305,0.585215335,0.629606864,0.630152023,0.630697182,0.539577729,0.446952599,0.390905049,0.310740698,0.245139884,0.193090168,0.14849096,0.128527753,0.117183251,0.113211377,0.108953944,0.107733826,0.09908916,0.086135141,0.085615942,0.082838226,0.073518601,0.073310922,0.074920439,0.071986964,0.065393134,0.054100553,0.054100553,0.054360152,0.047117324,0.045674581,0.046691233,0.045978255,0.039584986,0.030368024,0.028929539,0.027144752,0.023921479,9.12872294
Asia & Oceania,        Sri Lanka,0,0,0,0,0,0,0,0,0,0,0,0,0,0,0,0,0,0,0,0,0,0,0,0,0,0,0,0,0,0,0,0,0,0,0,0,0,0,0,0,0,0,0
Asia & Oceania,        Taiwan,0.065566688,0.062318712,0.060740977,0.056986868,0.051127185,0.047253082,0.043819713,0.037832075,0.030956429,0.019840443,0.011944756,0.010173288,0.00847774,0.008300593,0.007212406,0.005947071,0.003720083,0.002505362,0.001999228,0.002328215,0.002100455,0,0,0,0,0,0,0,0,0,0,0,0,0,0,0,0,0,0,0,0,0,0.541151369
Asia & Oceania,        Thailand,0.015884765,0.01794718,0.023665695,0.022457412,0.025967684,0.054039449,0.057686007,0.072197634,0.075987082,0.093849504,0.129562111,0.152556391,0.160290928,0.16184676,0.178064261,0.191875438,0.225932327,0.244141609,0.208285151,0.19021415,0.185260599,0.204231152,0.204178957,0.196277313,0.208948128,0.217472079,0.198644016,0.189983615,0.188485862,0.182972699,0.190180341,0.222148238,0.188184246,0.18864604,0.192428541,0.161148676,0.179864333,0.172237329,0.157335994,0.149136556,0.140375657,0.150657509,6.371249418
Asia & Oceania,        Timor-Leste,--,--,--,--,--,--,--,--,--,--,--,--,--,--,--,--,--,--,--,--,--,--,--,0,0,0,0,0,0,0,0,0,0,0,0,0,0,0,0,0,0,0,0
Asia & Oceania,        Tonga,0,0,0,0,0,0,0,0,0,0,0,0,0,0,0,0,0,0,0,0,0,0,0,0,0,0,0,0,0,0,0,0,0,0,0,0,0,0,0,0,0,0,0
Asia & Oceania,        Tuvalu,0,0,0,0,0,0,0,0,0,0,0,0,0,0,0,0,0,0,0,0,0,0,0,0,0,0,0,0,0,0,0,0,0,0,0,0,0,0,0,0,0,0,0
Asia & Oceania,        U.S. Pacific Islands,0,0,0,0,0,0,0,0,0,0,0,0,0,0,0,0,0,0,0,0,0,0,0,0,0,0,0,0,0,0,0,0,0,0,0,0,0,0,0,0,0,0,0
Asia & Oceania,        Vanuatu,0,0,0,0,0,0,0,0,0,0,0,0,0,0,0,0,0,0,0,0,0,0,0,0,0,0,0,0,0,0,0,0,0,0,0,0,0,0,0,0,0,0,0
Asia & Oceania,        Vietnam,0.136845075,0.157898163,0.165266744,0.165793071,0.131581803,0.147213721,0.161108759,0.166635195,0.159450828,0.135160828,0.1217658,0.13695034,0.137687198,0.14671371,0.162029832,0.21974161,0.258505609,0.299690714,0.30716456,0.253400235,0.305506629,0.352560282,0.43182516,0.508274187,0.719726144,0.897203679,1.020495828,1.117997944,1.046785872,1.159972539,1.179894024,1.22663188,1.1074714,1.043575276,1.081233988,1.096444844,1.013890422,1.006258677,1.115381492,1.202315563,1.155147163,1.259110407,24.6183072
Asia & Oceania,        Wake Island,0,0,0,0,0,0,0,0,0,0,0,0,0,0,0,0,0,0,0,0,0,0,0,0,0,0,0,0,0,0,0,0,0,0,0,0,0,0,0,0,0,0,0
Middle East,        Bahrain,0,0,0,0,0,0,0,0,0,0,0,0,0,0,0,0,0,0,0,0,0,0,0,0,0,0,0,0,0,0,0,0,0,0,0,0,0,0,0,0,0,0,0
Middle East,        Iran,0.025125988,0.02520971,0.028358455,0.028665823,0.02900106,0.030900937,0.035283941,0.030878049,0.029621544,0.030238124,0.032134554,0.023953206,0.027139697,0.031718513,0.031103162,0.031718513,0.031103162,0.033842824,0.034401378,0.029051592,0.032084443,0.031118661,0.028805625,0.031926375,0.034199902,0.037908321,0.037115114,0.040092019,0.038876784,0.032162689,0.030387779,0.032481155,0.029039685,0.030834363,0.029920444,0.033670016,0.037270719,0.044049648,0.047822611,0.042293513,0.043038724,0.045829006,1.390377828
Middle East,        Iraq,0,0,0,0,0,0,0,0,0,0,0,0,0,0,0,0,0,0,0,0,0,0,0,0,0,0,0,0,0,0,0,0,0,0,0,0,0,0,0,0,0,0,0
Middle East,        Israel,0,0,0,0,0,0,0,0,0,0,0,0,0,0,0,0,0,0,0,0,0,0,0,0,0,0,0,0,0,0,0,0,0,0,0,0,0,0,0,0,0,0,0
Middle East,        Jordan,0,0,0,0,0,0,0,0,0,0,0,0,0,0,0,0,0,0,0,0,0,0,0,0,0,0,0,0,0,0,0,0,0,0,0,0,0,0,0,0,0,0,0
Middle East,        Kuwait,0,0,0,0,0,0,0,0,0,0,0,0,0,0,0,0,0,0,0,0,0,0,0,0,0,0,0,0,0,0,0,0,0,0,0,0,0,0,0,0,0,0,0
Middle East,        Lebanon,0,0,0,0,0,0,0,0,0,0,0,0,0,0,0,0,0,0,0,0,0,0,0,0,0,0,0,0,0,0,0,0,0,0,0,0,0,0,0,0,0,0,0
Middle East,        Oman,0,0,0,0,0,0,0,0,0,0,0,0,0,0,0,0,0,0,0,0,0,0,0,0,0,0,0,0,0,0,0,0,0,0,0,0,0,0,0,0,0,0,0
Middle East,        Palestinian Territories,--,--,--,--,--,--,--,--,--,--,--,--,--,--,--,--,--,0,0,0,0,0,0,0,0,0,0,0,0,0,0,0,0,0,0,0,0,0,0,0,0,0,0
Middle East,        Qatar,0,0,0,0,0,0,0,0,0,0,0,0,0,0,0,0,0,0,0,0,0,0,0,0,0,0,0,0,0,0,0,0,0,0,0,0,0,0,0,0,0,0,0
Middle East,        Saudi Arabia,0,0,0,0,0,0,0,0,0,0,0,0,0,0,0,0,0,0,0,0,0,0,0,0,0,0,0,0,0,0,0,0,0,0,0,0,0,0,0,0,0,0,0
Middle East,        Syria,0,0,0,0,0,0,0,0,0,0,0,0,0,0,0,0,0,0,0,0,0,0,0,0,0,0,0,0,0,0,0,0,0,0,0,0,0,0,0,0,0,0,0
Middle East,        United Arab Emirates,0,0,0,0,0,0,0,0,0,0,0,0,0,0,0,0,0,0,0,0,0,0,0,0,0,0,0,0,0,0,0,0,0,0,0,0,0,0,0,0,0,0,0
Middle East,        Yemen,0,0,0,0,0,0,0,0,0,0,0,0,0,0,0,0,0,0,0,0,0,0,0,0,0,0,0,0,0,0,0,0,0,0,0,0,0,0,0,0,0,0,0
Central & South America,        Antarctica,0,0,0,0,0,0,0,0,0,0,0,0,0,0,0,0,0,0,0,0,0,0,0,0,0,0,0,0,0,0,0,0,0,0,0,0,0,0,0,0,0,0,0
Central & South America,        Antigua and Barbuda,0,0,0,0,0,0,0,0,0,0,0,0,0,0,0,0,0,0,0,0,0,0,0,0,0,0,0,0,0,0,0,0,0,0,0,0,0,0,0,0,0,0,0
Central & South America,        Argentina,0.008734745,0.011153597,0.011534342,0.010884836,0.011399962,0.008958713,0.008152428,0.008353999,0.011467152,0.011511946,0.006181512,0.00653986,0.00452415,0.003762659,0.007771683,0.006831018,0.006943002,0.005621592,0.006495067,0.007525319,0.005800766,0.004165801,0.002172486,0.00201571,0.002082901,0.002150091,0.00188133,0.002351662,0.002038107,0.001702155,0.001802941,0.001903726,0.002127694,0.001769346,0.001276617,0.000761491,0.000515126,0.000441217,0.000531085,0.000492729,0.000443972,0.000457588,0.203232123
Central & South America,        Aruba,--,--,--,--,--,--,0,0,0,0,0,0,0,0,0,0,0,0,0,0,0,0,0,0,0,0,0,0,0,0,0,0,0,0,0,0,0,0,0,0,0,0,0
Central & South America,        Barbados,0,0,0,0,0,0,0,0,0,0,0,0,0,0,0,0,0,0,0,0,0,0,0,0,0,0,0,0,0,0,0,0,0,0,0,0,0,0,0,0,0,0,0
Central & South America,        Belize,0,0,0,0,0,0,0,0,0,0,0,0,0,0,0,0,0,0,0,0,0,0,0,0,0,0,0,0,0,0,0,0,0,0,0,0,0,0,0,0,0,0,0
Central & South America,        Bolivia,0,0,0,0,0,0,0,0,0,0,0,0,0,0,0,0,0,0,0,0,0,0,0,0,0,0,0,0,0,0,0,0,0,0,0,0,0,0,0,0,0,0,0
Central & South America,        Brazil,0.083521271,0.090643363,0.101111405,0.107341244,0.119800923,0.122876009,0.117761487,0.109683409,0.116805501,0.10628966,0.07321256,0.082660884,0.075379461,0.07321256,0.081800497,0.082836148,0.07655851,0.089974173,0.087886938,0.090181304,0.108440628,0.090085705,0.081959828,0.074025148,0.086134298,0.099661494,0.09371845,0.095040897,0.105349608,0.090962025,0.086277696,0.087711674,0.10541334,0.136928997,0.127824325,0.128090344,0.11009966,0.080813016,0.081466619,0.091082761,0.090284722,0.112568842,4.053477384
Central & South America,        British Virgin Islands,0,0,0,0,0,0,0,0,0,0,0,0,0,0,0,0,0,0,0,0,0,0,0,0,0,0,0,0,0,0,0,0,0,0,0,0,0,0,0,0,0,0,0
Central & South America,        Cayman Islands,0,0,0,0,0,0,0,0,0,0,0,0,0,0,0,0,0,0,0,0,0,0,0,0,0,0,0,0,0,0,0,0,0,0,0,0,0,0,0,0,0,0,0
Central & South America,        Chile,0.020358091,0.019833849,0.017911625,0.017998999,0.021389102,0.023171527,0.029147894,0.027907186,0.034267997,0.034722341,0.038147393,0.038584262,0.028413954,0.023678295,0.020655162,0.018138797,0.017544656,0.018243646,0.016443746,0.008475257,0.006395761,0.01006546,0.00756657,0.01006546,0.004071618,0.009506268,0.011777986,0.004246366,0.011655663,0.011113945,0.010816874,0.011428491,0.012442027,0.052913563,0.056624805,0.05748804,0.046072361,0.04412024,0.041120465,0.026220411,0.009554935,0.000369672,0.93067076
Central & South America,        Colombia,0.105453578,0.108467261,0.117862861,0.128575364,0.167955843,0.221999535,0.26715413,0.338444193,0.37911625,0.461802593,0.518353467,0.506298735,0.554745588,0.537473892,0.573992639,0.655134153,0.749495352,0.825394577,0.845224104,0.829497238,0.965948697,1.100146226,1.110504179,1.266898875,1.359778811,1.495795465,1.661223081,1.665325742,1.862420353,1.845067111,1.884404537,2.173955396,2.25625148,2.165280183,2.263676254,2.225771436,2.374966472,2.376384189,2.213276261,2.214683289,1.29599501,1.47640918,48.14660358
Central & South America,        Costa Rica,0,0,0,0,0,0,0,0,0,0,0,0,0,0,0,0,0,0,0,0,0,0,0,0,0,0,0,0,0,0,0,0,0,0,0,0,0,0,0,0,0,0,0
Central & South America,        Cuba,0,0,0,0,0,0,0,0,0,0,0,0,0,0,0,0,0,0,0,0,0,0,0,0,0,0,0,0,0,0,0,0,0,0,0,0,0,0,0,0,0,0,0
Central & South America,        Dominica,0,0,0,0,0,0,0,0,0,0,0,0,0,0,0,0,0,0,0,0,0,0,0,0,0,0,0,0,0,0,0,0,0,0,0,0,0,0,0,0,0,0,0
Central & South America,        Dominican Republic,0,0,0,0,0,0,0,0,0,0,0,0,0,0,0,0,0,0,0,0,0,0,0,0,0,0,0,0,0,0,0,0,0,0,0,0,0,0,0,0,0,0,0
Central & South America,        Ecuador,0,0,0,0,0,0,0,0,0,0,0,0,0,0,0,0,0,0,0,0,0,0,0,0,0,0,0,0,0,0,0,0,0,0,0,0,0,0,0,0,0,0,0
Central & South America,        El Salvador,0,0,0,0,0,0,0,0,0,0,0,0,0,0,0,0,0,0,0,0,0,0,0,0,0,0,0,0,0,0,0,0,0,0,0,0,0,0,0,0,0,0,0
Central & South America,        Falkland Islands,0,0,0,0,0,0,0,0,0,0,0,0,0,0,0,0,0,0,0,0,0,0,0,0,0,0,0,0,0,0,0,0,0,0,0,0,0,0,0,0,0,0,0
Central & South America,        French Guiana,0,0,0,0,0,0,0,0,0,0,0,0,0,0,0,0,0,0,0,0,0,0,0,0,0,0,0,0,0,0,0,0,0,0,0,0,0,0,0,0,0,0,0
Central & South America,        Grenada,0,0,0,0,0,0,0,0,0,0,0,0,0,0,0,0,0,0,0,0,0,0,0,0,0,0,0,0,0,0,0,0,0,0,0,0,0,0,0,0,0,0,0
Central & South America,        Guadeloupe,0,0,0,0,0,0,0,0,0,0,0,0,0,0,0,0,0,0,0,0,0,0,0,0,0,0,0,0,0,0,0,0,0,0,0,0,0,0,0,0,0,0,0
Central & South America,        Guatemala,0,0,0,0,0,0,0,0,0,0,0,0,0,0,0,0,0,0,0,0,0,0,0,0,0,0,0,0,0,0,0,0,0,0,0,0,0,0,0,0,0,0,0
Central & South America,        Guyana,0,0,0,0,0,0,0,0,0,0,0,0,0,0,0,0,0,0,0,0,0,0,0,0,0,0,0,0,0,0,0,0,0,0,0,0,0,0,0,0,0,0,0
Central & South America,        Haiti,0,0,0,0,0,0,0,0,0,0,0,0,0,0,0,0,0,0,0,0,0,0,0,0,0,0,0,0,0,0,0,0,0,0,0,0,0,0,0,0,0,0,0
Central & South America,        Honduras,0,0,0,0,0,0,0,0,0,0,0,0,0,0,0,0,0,0,0,0,0,0,0,0,0,0,0,0,0,0,0,0,0,0,0,0,0,0,0,0,0,0,0
Central & South America,        Jamaica,0,0,0,0,0,0,0,0,0,0,0,0,0,0,0,0,0,0,0,0,0,0,0,0,0,0,0,0,0,0,0,0,0,0,0,0,0,0,0,0,0,0,0
Central & South America,        Martinique,0,0,0,0,0,0,0,0,0,0,0,0,0,0,0,0,0,0,0,0,0,0,0,0,0,0,0,0,0,0,0,0,0,0,0,0,0,0,0,0,0,0,0
Central & South America,        Montserrat,0,0,0,0,0,0,0,0,0,0,0,0,0,0,0,0,0,0,0,0,0,0,0,0,0,0,0,0,0,0,0,0,0,0,0,0,0,0,0,0,0,0,0
Central & South America,        Netherlands Antilles,0,0,0,0,0,0,0,0,0,0,0,0,0,0,0,0,0,0,0,0,0,0,0,0,0,0,0,0,0,0,0,0,0,0,0,0,0,0,0,0,0,0,0
Central & South America,        Nicaragua,0,0,0,0,0,0,0,0,0,0,0,0,0,0,0,0,0,0,0,0,0,0,0,0,0,0,0,0,0,0,0,0,0,0,0,0,0,0,0,0,0,0,0
Central & South America,        Panama,0,0,0,0,0,0,0,0,0,0,0,0,0,0,0,0,0,0,0,0,0,0,0,0,0,0,0,0,0,0,0,0,0,0,0,0,0,0,0,0,0,0,0
Central & South America,        Paraguay,0,0,0,0,0,0,0,0,0,0,0,0,0,0,0,0,0,0,0,0,0,0,0,0,0,0,0,0,0,0,0,0,0,0,0,0,0,0,0,0,0,0,0
Central & South America,        Peru,0.001419537,0.003075176,0.002407073,0.003072983,0.00350937,0.00434852,0.005072908,0.003711848,0.004116804,0.00351668,0.002842027,0.001958988,0.002631476,0.002429587,0.002163658,0.001503335,0.00169584,0.00064325,0.000584773,0.000614011,0.000467818,0.000555534,0.00064325,0.000467818,0.00064325,0.001257261,0.003128533,0.003274726,0.004151885,0.004109864,0.005584578,0.005350669,0.006637168,0.00616935,0.006754123,0.007368134,0.007865191,0.011563493,0.016655539,0.018446449,0.009933213,0.012591252,0.184936942
Central & South America,        Puerto Rico,0,0,0,0,0,0,0,0,0,0,0,0,0,0,0,0,0,0,0,0,0,0,0,0,0,0,0,0,0,0,0,0,0,0,0,0,0,0,0,0,0,0,0
Central & South America,        Saint Kitts and Nevis,0,0,0,0,0,0,0,0,0,0,0,0,0,0,0,0,0,0,0,0,0,0,0,0,0,0,0,0,0,0,0,0,0,0,0,0,0,0,0,0,0,0,0
Central & South America,        Saint Lucia,0,0,0,0,0,0,0,0,0,0,0,0,0,0,0,0,0,0,0,0,0,0,0,0,0,0,0,0,0,0,0,0,0,0,0,0,0,0,0,0,0,0,0
Central & South America,        Saint Vincent/Grenadines,0,0,0,0,0,0,0,0,0,0,0,0,0,0,0,0,0,0,0,0,0,0,0,0,0,0,0,0,0,0,0,0,0,0,0,0,0,0,0,0,0,0,0
Central & South America,        Suriname,0,0,0,0,0,0,0,0,0,0,0,0,0,0,0,0,0,0,0,0,0,0,0,0,0,0,0,0,0,0,0,0,0,0,0,0,0,0,0,0,0,0,0
Central & South America,        The Bahamas,0,0,0,0,0,0,0,0,0,0,0,0,0,0,0,0,0,0,0,0,0,0,0,0,0,0,0,0,0,0,0,0,0,0,0,0,0,0,0,0,0,0,0
Central & South America,        Trinidad and Tobago,0,0,0,0,0,0,0,0,0,0,0,0,0,0,0,0,0,0,0,0,0,0,0,0,0,0,0,0,0,0,0,0,0,0,0,0,0,0,0,0,0,0,0
Central & South America,        Turks and Caicos Islands,0,0,0,0,0,0,0,0,0,0,0,0,0,0,0,0,0,0,0,0,0,0,0,0,0,0,0,0,0,0,0,0,0,0,0,0,0,0,0,0,0,0,0
Central & South America,        U.S. Virgin Islands,0,0,0,0,0,0,0,0,0,0,0,0,0,0,0,0,0,0,0,0,0,0,0,0,0,0,0,0,0,0,0,0,0,0,0,0,0,0,0,0,0,0,0
Central & South America,        Uruguay,0,0,0,0,0,0,0,0,0,0,0,0,0,0,0,0,0,0,0,0,0,0,0,0,0,0,0,0,0,0,0,0,0,0,0,0,0,0,0,0,0,0,0
Central & South America,        Venezuela,0.001235862,0.001441838,0.001500689,0.001088735,0.001500689,0.001588965,0.001677241,0.00356046,0.032073549,0.062528708,0.064411925,0.063999971,0.072091922,0.112257421,0.125881323,0.119584314,0.107078573,0.151422461,0.219394844,0.205358988,0.232018286,0.223190704,0.216834845,0.217452776,0.214583812,0.211714847,0.205476689,0.179405896,0.144831199,0.109697422,0.093263406,0.076829391,0.056231699,0.045774057,0.035630867,0.025088094,0.022839807,0.021956996,0.021101906,0.012013545,0.008682775,0.00480941,3.729106907
North America,        Bermuda,0,0,0,0,0,0,0,0,0,0,0,0,0,0,0,0,0,0,0,0,0,0,0,0,0,0,0,0,0,0,0,0,0,0,0,0,0,0,0,0,0,0,0
North America,        Canada,0.779975237,0.849124614,0.904434344,0.936186495,1.22511752,1.300619853,1.207520596,1.293682458,1.494789978,1.499126998,1.456417559,1.524470089,1.370812449,1.447401361,1.521156509,1.574420424,1.600388426,1.655462017,1.568976527,1.50850981,1.426008854,1.44713346,1.34426439,1.245722275,1.331778023,1.430156288,1.433636986,1.538012081,1.395955484,1.275465931,1.406127621,1.407026753,1.395202272,1.480125647,1.416396127,1.285989862,1.22024172,1.291085727,1.217667588,1.160431594,1.003463954,1.045295139,55.91578104
North America,        Greenland,0,0,0,0,0,0,0,0,0,0,0,0,0,0,0,0,0,0,0,0,0,0,0,0,0,0,0,0,0,0,0,0,0,0,0,0,0,0,0,0,0,0,0
North America,        Mexico,0.065222808,0.064230425,0.077236981,0.098098144,0.106881792,0.109647797,0.118769277,0.131247969,0.117185687,0.125884876,0.146387093,0.13646326,0.128883141,0.13967267,0.18787716,0.196787495,0.217585316,0.219696769,0.237158492,0.218028721,0.239523321,0.239544435,0.231922087,0.252635449,0.27702274,0.284518401,0.317625997,0.342414465,0.305316222,0.269104789,0.323136892,0.412113555,0.332596205,0.320666491,0.323819965,0.241205327,0.290725037,0.276650911,0.252953928,0.207907905,0.180383683,0.173279657,8.938013335
North America,        Saint Pierre and Miquelon,0,0,0,0,0,0,0,0,0,0,0,0,0,0,0,0,0,0,0,0,0,0,0,0,0,0,0,0,0,0,0,0,0,0,0,0,0,0,0,0,0,0,0
North America,        U.S. Territories,0,0,0,0,0,0,0,0,0,0,0,0,0,0,0,0,0,0,0,0,0,0,0,0,0,0,0,0,0,0,0,0,0,0,0,0,0,0,0,0,0,0,0
North America,        United States,18.5977255,18.3767727,18.63877277,17.24667073,19.71921608,19.32516562,19.5094662,20.14110412,20.73763916,21.36017841,22.4875484,21.63642439,21.69413242,20.3356537,22.20208332,22.12955019,22.79014808,23.30961402,24.04519844,23.29508389,22.73547764,23.54707959,22.73223698,22.09365226,22.85209886,23.18518869,23.78950986,23.49274208,23.85136787,21.6237213,22.03822612,22.22140689,20.67689297,20.00130387,20.2857053,17.94609454,14.66708867,15.62537705,15.36344203,14.25576303,10.70321416,11.60829126,852.8740292
Europe,        Albania,0.013229039,0.014367221,0.015859919,0.017259324,0.018752022,0.020058133,0.020216733,0.019908863,0.020375332,0.020459296,0.01932109,0.010141007,0.003414543,0.001996482,0.001576661,0.000746348,0.001054217,0.000363845,0.000457138,0.000457138,0.000279881,0.000195916,0.00013994,0.000541102,0.000541102,0.000419821,0.000419821,0.000419821,0.000569091,9.33E-05,9.33E-05,4.66E-05,6.53E-05,8.40E-05,0.000155334,0.000226703,0.000130611,0.00042915,0.000914277,0.001135556,0.001184828,0.002246032,0.230345841
Europe,        Austria,0.039374646,0.042068339,0.045311765,0.041793472,0.040240476,0.042343206,0.040803952,0.038288923,0.029259554,0.028393724,0.033643676,0.028599874,0.024339441,0.023239974,0.018814621,0.017825101,0.015227612,0.015529965,0.015667398,0.015626168,0.017165422,0.016574458,0.019405585,0.015832318,0.003229683,0,0,0,0,0,0,0,0,0,0,0,0,0,0,0,0,0,0.668599353
Europe,        Belgium,0.168837875,0.164852877,0.174364969,0.162370358,0.16793091,0.165432846,0.148844265,0.115002495,0.063851141,0.047905559,0.026217728,0.01604444,0.005516858,0,0,0,0,0,0,0,0,0,0,0,0,0,0,0,0,0,0,0,0,0,0,0,0,0,0,0,0,0,1.427172321
Europe,        Bosnia and Herzegovina,--,--,--,--,--,--,--,--,--,--,--,--,0.021748806,0.018848965,0.020298886,0.023778695,0.024503655,0.079064161,0.102001902,0.098188611,0.10785958,0.10949799,0.115622863,0.103988477,0.081767102,0.083599483,0.085481697,0.088929767,0.098024611,0.09720613,0.092698429,0.102977104,0.101067211,0.090430188,0.090572066,0.08892256,0.094093162,0.104283154,0.104076723,0.096884826,0.092667414,0.098401056,2.517485274
Europe,        Bulgaria,0.210907655,0.204122422,0.224883001,0.226104622,0.234942178,0.215563777,0.245880923,0.257022108,0.238369698,0.239423783,0.221113427,0.198181853,0.211682512,0.202663457,0.200743767,0.215214742,0.218509629,0.207382405,0.210195624,0.176597552,0.184513657,0.185763201,0.181623651,0.190565918,0.184883634,0.172388195,0.179250216,0.198621637,0.200967149,0.189777099,0.205267256,0.259179142,0.2333436,0.199794393,0.213287847,0.243602608,0.212256479,0.23682489,0.211202881,0.195414221,0.155619282,0.197428505,8.791080596
Europe,        Croatia,--,--,--,--,--,--,--,--,--,--,--,--,0.003036802,0.002935576,0.002606589,0.002075148,0.001670241,0.001240028,0.001290641,0.0003796,0,0,0,0,0,0,0,0,0,0,0,0,0,0,0,0,0,0,0,0,0,0,0.015234625
Europe,        Cyprus,0,0,0,0,0,0,0,0,0,0,0,0,0,0,0,0,0,0,0,0,0,0,0,0,0,0,0,0,0,0,0,0,0,0,0,0,0,0,0,0,0,0,0
Europe,        Czechia,--,--,--,--,--,--,--,--,--,--,--,--,--,1.396805316,1.260875753,1.22739726,1.264169525,1.212894829,1.10659283,0.969008186,1.067804972,1.083274232,1.038210181,1.047222991,1.050008769,1.016415567,1.030786903,1.026247724,0.986493038,0.924501291,0.904705882,0.951457787,0.915242677,0.802615324,0.710945023,0.710588086,0.670330785,0.643560943,0.608592121,0.561804853,0.425663984,0.42560446,27.03982129
Europe,        Denmark,0,0,0,0,0,0,0,0,0,0,0,0,0,0,0,0,0,0,0,0,0,0,0,0,0,0,0,0,0,0,0,0,0,0,0,0,0,0,0,0,0,0,0
Europe,        Estonia,--,--,--,--,--,--,--,--,--,--,--,--,0,0,0,0,0,0,0,0,0,0,0,0,0,0,0,0,0,0,0,0,0,0,0,0,0,0,0,0,0,0,0
Europe,        Faroe Islands,0,0,0,0,0,0,0,0,0,0,0,0,0,0,0,0,0,0,0,0,0,0,0,0,0,0,0,0,0,0,0,0,0,0,0,0,0,0,0,0,0,0,0
Europe,        Finland,0,0,0,0,0,0,0,0,0,0,0,0,0,0,0,0,0,0,0,0,0,0,0,0,0,0,0,0,0,0,0,0,0,0,0,0,0,0,0,0,0,0,0
Europe,        Former Czechoslovakia,1.977907689,1.94189403,1.976493832,2.040038004,2.084431552,2.039879144,2.033175234,2.029680304,1.993237721,1.900352027,1.685824821,1.593431708,1.430727054,--,--,--,--,--,--,--,--,--,--,--,--,--,--,--,--,--,--,--,--,--,--,--,--,--,--,--,--,--,24.72707312
Europe,        Former Serbia and Montenegro,--,--,--,--,--,--,--,--,--,--,--,--,0.527950095,0.506592957,0.463837452,0.557910558,0.556976012,0.590660918,0.605751097,0.454904286,0.509795154,0.499432681,0.527716458,0.553567666,0.565634311,0.500216051,--,--,--,--,--,--,--,--,--,--,--,--,--,--,--,--,7.420945696
Europe,        Former Yugoslavia,0.908872799,1.154855581,1.215529773,1.299269951,1.413450253,1.520118563,1.507439291,1.545932583,1.564435329,1.589500486,1.618555076,1.50529105,--,--,--,--,--,--,--,--,--,--,--,--,--,--,--,--,--,--,--,--,--,--,--,--,--,--,--,--,--,--,16.84325074
Europe,        France,0.53783166,0.540724987,0.518405275,0.509573034,0.493914181,0.440426258,0.429376224,0.410318333,0.357866407,0.35412394,0.332657816,0.313721014,0.286560175,0.265843181,0.234627163,0.218518418,0.210548445,0.176814236,0.145369705,0.132134739,0.089672327,0.059517265,0.042018131,0.045056214,0.004293545,0,0,0,0,0,0,0,0,0,0,0,0,0,0,0,0,0,7.149912673
Europe,        Germany,--,--,--,--,--,--,--,--,--,--,--,4.599744175,4.240532259,3.832852906,3.511720406,3.418238487,3.206244951,3.058970076,2.790912691,2.706491506,2.578539543,2.458660513,2.476657288,2.438865267,2.47504256,2.40559802,2.2702578,2.319655788,2.129491737,1.962105054,1.932962013,1.964171005,2.004676204,1.8862199,1.854462313,1.796347499,1.65938104,1.649798628,1.57344549,1.179502071,0.964495032,1.134074912,74.48011713
Europe,"        Germany, East",4.725551592,4.816227994,4.876398871,4.760017514,4.857151969,4.999498365,4.913508124,4.769735587,4.732485023,4.637765309,4.171783045,--,--,--,--,--,--,--,--,--,--,--,--,--,--,--,--,--,--,--,--,--,--,--,--,--,--,--,--,--,--,--,52.26012339
Europe,"        Germany, West",3.150367728,3.210818663,3.250932581,3.173345009,3.238101313,3.33299891,3.275672083,3.179823725,3.154990016,3.091843539,2.781188696,--,--,--,--,--,--,--,--,--,--,--,--,--,--,--,--,--,--,--,--,--,--,--,--,--,--,--,--,--,--,--,34.84008226
Europe,        Gibraltar,0,0,0,0,0,0,0,0,0,0,0,0,0,0,0,0,0,0,0,0,0,0,0,0,0,0,0,0,0,0,0,0,0,0,0,0,0,0,0,0,0,0,0
Europe,        Greece,0.120907751,0.142365515,0.142803322,0.159455631,0.169400108,0.187047908,0.198555982,0.232517311,0.251859007,0.270325088,0.270481448,0.274645828,0.286925278,0.285705672,0.295373914,0.300533784,0.311577992,0.306694357,0.317326817,0.32340921,0.332978424,0.345784284,0.367278532,0.355973725,0.365053012,0.361701702,0.337669215,0.345596652,0.342532002,0.338221686,0.294581691,0.305766622,0.328126061,0.281051364,0.266677672,0.237065691,0.165940878,0.190782858,0.178566103,0.133967887,0.068774434,0.059190767,10.85119319
Europe,        Hungary,0.177160354,0.178726036,0.179978582,0.173681816,0.172463307,0.164001815,0.159025669,0.157487216,0.143927046,0.138338241,0.121374413,0.11664333,0.107855087,0.100966085,0.095874214,0.100557646,0.103872808,0.107310502,0.099849686,0.099026001,0.095527041,0.094716971,0.088678883,0.090544087,0.076527827,0.065145998,0.067746392,0.066834211,0.064015983,0.061170526,0.062035055,0.065043888,0.06323995,0.06506431,0.066331666,0.063421366,0.061090336,0.052844202,0.052353676,0.045386885,0.040600945,0.033064084,4.139504136
Europe,        Iceland,0,0,0,0,0,0,0,0,0,0,0,0,0,0,0,0,0,0,0,0,0,0,0,0,0,0,0,0,0,0,0,0,0,0,0,0,0,0,0,0,0,0,0
Europe,        Ireland,0.001518401,0.001746161,0.001569015,0.001898002,0.001771468,0.001442481,0.001366561,0.001138801,0.001138801,0.001088188,0.000632667,0,0,0,0,0,0,0,0,0,0,0,0,0,0,0,0,0,0,0,0,0,0,0,0,0,0,0,0,0,0,0,0.015310546
Europe,        Italy,0.017673925,0.016684405,0.026181047,0.024050831,0.024449387,0.026002384,0.014251835,0.013372262,0.014293065,0.014760338,0.013138625,0.012918732,0.009812739,0.008520866,0.00366947,0.002363853,0.001882836,0.00296856,0.00259749,0.001580483,0.001924066,0.001910323,0.002240163,0.002340948,0.002384331,0.002427715,0.00229958,0.002171446,0.00160797,0.00098952,0.001388077,0.001264387,0.001099467,0.001003263,0.001181927,0.00111321,0,0,0,0,0,0,0.278519526
Europe,        Kosovo,--,--,--,--,--,--,--,--,--,--,--,--,--,--,--,--,--,--,--,--,--,--,--,--,--,--,--,--,0.060080025,0.066873277,0.067325219,0.064550013,0.067593559,0.063977219,0.056076394,0.064148468,0.068507544,0.058961923,0.059631897,0.062762905,0.065242277,0.066440376,0.892171096
Europe,        Latvia,--,--,--,--,--,--,--,--,--,--,--,--,0,0,0,0,0,0,0,0,0,0,0,0,0,0,0,0,0,0,0,0,0,0,0,0,0,0,0,0,0,0,0
Europe,        Lithuania,--,--,--,--,--,--,--,--,--,--,--,--,0,0,0,0,0,0,0,0,0,0,0,0,0,0,0,0,0,0,0,0,0,0,0,0,0,0,0,0,0,0,0
Europe,        Luxembourg,0,0,0,0,0,0,0,0,0,0,0,0,0,0,0,0,0,0,0,0,0,0,0,0,0,0,0,0,0,0,0,0,0,0,0,0,0,0,0,0,0,0,0
Europe,        Malta,0,0,0,0,0,0,0,0,0,0,0,0,0,0,0,0,0,0,0,0,0,0,0,0,0,0,0,0,0,0,0,0,0,0,0,0,0,0,0,0,0,0,0
Europe,        Montenegro,--,--,--,--,--,--,--,--,--,--,--,--,--,--,--,--,--,--,--,--,--,--,--,--,--,--,0.013893506,0.011054158,0.015988558,0.008793707,0.017807946,0.018129555,0.016411244,0.015547495,0.015207508,0.01629179,0.01284598,0.013551681,0.014664448,0.014749904,0.015303072,0.015544432,0.235784984
Europe,        Netherlands,0,0,0,0,0,0,0,0,0,0,0,0,0,0,0,0,0,0,0,0,0,0,0,0,0,0,0,0,0,0,0,0,0,0,0,0,0,0,0,0,0,0,0
Europe,        North Macedonia,--,--,--,--,--,--,--,--,--,--,--,--,0.042711582,0.042338207,0.041989316,0.044370343,0.043733771,0.041009974,0.05004441,0.045141576,0.046004621,0.049615947,0.046396358,0.045184422,0.04434586,0.042117855,0.040636599,0.039840884,0.046702403,0.045453741,0.041156875,0.050246399,0.044743718,0.040924281,0.041195416,0.036600144,0.031133924,0.030781739,0.030184212,0.033100763,0.030389036,0.024886327,1.232980703
Europe,        Norway,0.008074195,0.011494514,0.012335576,0.014073771,0.012643965,0.014213947,0.01225147,0.011186124,0.007401345,0.009504,0.008494726,0.009251682,0.010064708,0.007513487,0.008438655,0.008186337,0.006448142,0.010821664,0.009195611,0.011326301,0.017718372,0.050127294,0.059771472,0.082536216,0.0814148,0.041240073,0.067144782,0.114188182,0.09616142,0.07404149,0.054248498,0.038857064,0.034455506,0.052005666,0.046959294,0.031007152,0.022932957,0.003672637,0.004215234,0.003392844,0.001925051,0.003399741,1.184335965
Europe,        Poland,4.066769217,3.512437241,4.01329702,4.13108085,4.278659869,4.409829431,4.585771349,4.707197795,4.707180113,4.406169132,3.80312158,3.677869367,3.471636794,3.462508407,3.506696089,3.526325591,3.547228579,3.540169136,3.098057621,2.956726644,2.797945261,2.81993886,2.791635157,2.805218754,2.786051272,2.723847063,2.659878585,2.478099767,2.430872431,2.274947386,2.241277604,2.29726821,2.392240892,2.369783695,2.244404888,2.246368254,2.186633016,2.093002256,2.002850952,1.892920737,1.694472906,1.763585962,129.4019757
Europe,        Portugal,0.003690795,0.003836759,0.003711647,0.003857611,0.004045279,0.004941913,0.004921061,0.005442359,0.004795949,0.005379804,0.005859398,0.005630027,0.004608281,0.004107835,0.003065237,0,0,0,0,0,0,0,0,0,0,0,0,0,0,0,0,0,0,0,0,0,0,0,0,0,0,0,0.067893955
Europe,        Romania,0.273170794,0.286866622,0.294099076,0.345875988,0.343988248,0.361863518,0.36915812,0.40026311,0.456429212,0.476541804,0.296623832,0.251807477,0.298076537,0.308804807,0.314988516,0.319447623,0.325258445,0.262628968,0.203774971,0.177758335,0.227499906,0.258604896,0.236270519,0.25684922,0.246975483,0.241646306,0.27129859,0.277956177,0.278585424,0.263825314,0.241809444,0.275874225,0.263701018,0.192044568,0.185829348,0.196791625,0.176978959,0.198197884,0.181995509,0.166642019,0.11545938,0.136477883,11.2587397
Europe,        Serbia,--,--,--,--,--,--,--,--,--,--,--,--,--,--,--,--,--,--,--,--,--,--,--,--,--,--,0.297636749,0.300614735,0.313246898,0.311547504,0.307315203,0.332636176,0.30940303,0.326097555,0.242440423,0.300780147,0.300791821,0.311480408,0.294601934,0.304238876,0.310440532,0.284965914,4.848237905
Europe,        Slovakia,--,--,--,--,--,--,--,--,--,--,--,--,--,0.037772458,0.038698933,0.040030074,0.040775513,0.041691338,0.042074706,0.039912933,0.03884802,0.036462616,0.036249633,0.032980351,0.031436227,0.026739961,0.023438732,0.02248031,0.025802838,0.027400207,0.025323627,0.025302329,0.024407802,0.025057399,0.024200404,0.02068993,0.018869799,0.018736985,0.015345121,0.014967112,0.010022346,0.010972477,0.816690181
Europe,        Slovenia,--,--,--,--,--,--,--,--,--,--,--,--,0.06338454,0.058233267,0.055197086,0.05553823,0.054207769,0.056061317,0.055435887,0.05180839,0.050944159,0.046998261,0.05328668,0.054924171,0.05468537,0.051626446,0.05142176,0.051569589,0.051399017,0.050364214,0.050375585,0.051182959,0.048647123,0.044075794,0.03417142,0.036025851,0.039343817,0.039426052,0.03779309,0.036921523,0.03729459,0.030685816,1.453029773
Europe,        Spain,0.502339533,0.622295913,0.702657456,0.709386809,0.702977061,0.704237704,0.680392023,0.614181641,0.56533617,0.647206932,0.633552146,0.595910463,0.594294711,0.560772306,0.52614906,0.502569741,0.479221244,0.470343488,0.464093548,0.431441164,0.4167396,0.40265948,0.391224931,0.365088819,0.363757155,0.345895111,0.327535913,0.305075191,0.180875391,0.167700802,0.149678958,0.117559239,0.109746814,0.078142004,0.068186981,0.054471771,0.035557918,0.048439842,0.038181744,0,0,0,15.67587678
Europe,        Sweden,0.000455521,0.000404907,0.0003796,0.000354294,0.000328987,0.000303681,0.000468174,0.000632668,0.000404907,0.000506134,0.000278374,0.000708587,0.000936347,0,0,0,0,0,0,0,0,0,0,0,0,0,0,0,0,0,0,0,0,0,0,0,0,0,0,0,0,0,0.006162181
Europe,        Switzerland,0,0,0,0,0,0,0,0,0,0,0,0,0,0,0,0,0,0,0,0,0,0,0,0,0,0,0,0,0,0,0,0,0,0,0,0,0,0,0,0,0,0,0
Europe,        Turkiye,0.166007117,0.187229288,0.202078569,0.225012063,0.267144446,0.356498612,0.413720931,0.418810331,0.349555281,0.465345802,0.422732109,0.410966773,0.458411384,0.432821777,0.484615997,0.490873017,0.50237096,0.534155195,0.600593694,0.597518663,0.563916149,0.553478869,0.481166615,0.432848516,0.413364406,0.519992225,0.572713412,0.671729415,0.707720649,0.708585223,0.654215107,0.670196356,0.626316998,0.589275824,0.576981143,0.533990122,0.647522323,0.655184561,0.739393635,0.772638726,0.664982786,0.762185401,21.50486047
Europe,        United Kingdom,3.31069197,3.243814959,3.173629724,3.03476068,1.30247305,2.394924802,2.750889653,2.660142537,2.64825838,2.54020671,2.360595621,2.415563027,2.150167157,1.73551951,1.266922371,1.349678855,1.277406895,1.234094615,1.047867078,0.943530797,0.79392275,0.812550594,0.763156272,0.719640408,0.638639828,0.521630506,0.471218269,0.432791981,0.459435904,0.454855287,0.466866683,0.472108945,0.431774066,0.32249188,0.295869384,0.217740897,0.115512495,0.082323084,0.075729606,0.071230299,0.046226792,0.029438122,51.53629244
Eurasia,        Armenia,--,--,--,--,--,--,--,--,--,--,--,--,0,0,0,0,0,0,0,0,0,0,0,0,0,0,0,0,0,0,0,0,0,0,0,0,0,0,0,0,0,0,0
Eurasia,        Azerbaijan,--,--,--,--,--,--,--,--,--,--,--,--,0,0,0,0,0,0,0,0,0,0,0,0,0,0,0,0,0,0,0,0,0,0,0,0,0,0,0,0,0,0,0
Eurasia,        Belarus,--,--,--,--,--,--,--,--,--,--,--,--,0,0,0,0,0,0,0,0,0,0,0,0,0,0,0,0,0,0,0,0,0,0,0,0,0,0,0,0,0,0,0
Eurasia,        Former U.S.S.R.,17.15256454,16.86509139,17.20047673,17.15256454,17.05674016,17.3921255,17.99102789,18.20663276,18.47014981,17.75146694,17.03278406,15.24881638,--,--,--,--,--,--,--,--,--,--,--,--,--,--,--,--,--,--,--,--,--,--,--,--,--,--,--,--,--,--,207.5204407
Eurasia,        Georgia,--,--,--,--,--,--,--,--,--,--,--,--,0.00244776,0.002604,0.00319424,0.00059024,0.00027776,8.68E-05,0.0002604,0.00027776,0.00012152,1.74E-05,0.00010416,0.00013888,0.00013888,8.68E-05,0.00015624,0.00024304,0.00019096,0.00263872,0.0018228,0.0024304,0.00440944,0.007016911,0.005165986,0.005218864,0.005028912,0.004545526,0.002357568,0.000259502,0.001684219,0.00274102,0.056256668
Eurasia,        Kazakhstan,--,--,--,--,--,--,--,--,--,--,--,--,3.362883312,2.849292555,2.652626496,2.14615824,1.976945699,1.864978927,1.836701537,1.542340284,1.99020737,2.03485588,1.886931112,2.147566794,2.207576518,2.200214829,2.569016844,2.599925307,2.63083377,2.68034578,2.948103962,3.094832789,3.203185157,3.177857757,3.041456572,2.913075173,2.809049172,2.750647418,2.919064558,2.840559333,2.814982501,2.414372881,76.10658853
Eurasia,        Kyrgyzstan,--,--,--,--,--,--,--,--,--,--,--,--,0.033790006,0.027035146,0.013274084,0.007273256,0.006424971,0.008200085,0.006786277,0.006550643,0.006676314,0.007477472,0.00721042,0.006534934,0.007241838,0.005262507,0.005042581,0.006205045,0.007618853,0.009535348,0.009032661,0.013054158,0.018285247,0.022118237,0.028180286,0.028526928,0.028576714,0.028863013,0.036999442,0.040109397,0.042336894,0.032968584,0.507191341
Eurasia,        Moldova,--,--,--,--,--,--,--,--,--,--,--,--,0,0,0,0,0,0,0,0,0,0,0,0,0,0,0,0,0,0,0,0,0,0,0,0,0,0,0,0,0,0,0
Eurasia,        Russia,--,--,--,--,--,--,--,--,--,--,--,--,7.574643989,6.87033237,6.115188232,5.889409734,5.762919059,5.505362579,5.240617359,5.634968154,5.74278165,5.930227169,5.682175598,6.12290655,6.160280454,6.729709061,6.748356448,6.84930965,7.246705942,6.528363449,7.061007789,6.998486442,7.771957729,8.278697649,8.503512861,8.847654395,9.136911534,9.83460667,10.40535561,10.5165844,9.651781076,10.49320504,219.8340186
Eurasia,        Tajikistan,--,--,--,--,--,--,--,--,--,--,--,--,0.009241323,0.008348442,0.002433102,0.000915204,0.000446441,0.000379475,0.000424119,0.000424119,0.000491085,0.000535729,0.000803593,0.001049136,0.002075949,0.002209882,0.002343814,0.004040289,0.004442085,0.004509052,0.004464407,0.005268001,0.009196679,0.011518171,0.019614024,0.023355691,0.03070744,0.039805965,0.043067401,0.045853221,0.047125639,0.048362639,0.373452117
Eurasia,        Turkmenistan,--,--,--,--,--,--,--,--,--,--,--,--,0,0,0,0,0,0,0,0,0,0,0,0,0,0,0,0,0,0,0,0,0,0,0,0,0,0,0,0,0,0,0
Eurasia,        Ukraine,--,--,--,--,--,--,--,--,--,--,--,--,3.055188537,2.617951278,2.141912865,1.889247275,1.410485105,1.450400523,1.473998162,1.555537538,1.545187262,1.527383796,1.524214334,1.59047591,1.475508609,1.49462443,1.527061898,1.590005443,1.595626286,1.476622873,1.427719057,1.552145222,1.622442911,1.595304388,1.116221029,0.831473632,0.758137448,0.579082374,0.621651065,0.613546304,0.566414839,0.581892258,42.80746265
Eurasia,        Uzbekistan,--,--,--,--,--,--,--,--,--,--,--,--,0.084513215,0.071158568,0.071051609,0.046664863,0.043349121,0.045029912,0.044663194,0.04538135,0.039269384,0.041423852,0.04180585,0.029230479,0.042539286,0.047001021,0.049430528,0.052593471,0.050270923,0.055832813,0.055466095,0.058735997,0.058873516,0.062494856,0.065749635,0.052708514,0.058786918,0.060795322,0.063137641,0.061674292,0.06412099,0.07739052,1.641143735
