Continent,Country,1980,1981,1982,1983,1984,1985,1986,1987,1988,1989,1990,1991,1992,1993,1994,1995,1996,1997,1998,1999,2000,2001,2002,2003,2004,2005,2006,2007,2008,2009,2010,2011,2012,2013,2014,2015,2016,2017,2018,2019,2020,2021,Production_Neuclear
Africa,        Algeria,0.002576225,0.003783987,0.004955198,0.002451164,0.00538704,0.006675633,0.002580162,0.005115729,0.001868644,0.002743616,0.001393868,0.00302644,0.002037374,0.003597841,0.001691824,0.001969592,0.00138556,0.000755762,0.002171961,0.002055426,0.000540653,0.000702644,0.000569688,0.00265275,0.002483968,0.005489451,0.002142504,0.002214016,0.00275912,0.00295728,0.001679008,0.004829824,0.005861856,0.003119907,0.00238701,0.002059499,0.003063362,0.005854309,0.00711778,0.007453485,0.006325333,0.007955883,0.138442376
Africa,        Angola,0.005505642,0.005540091,0.006272403,0.006312011,0.006264,0.0062682,0.00689436,0.00687654,0.00681384,0.006958144,0.007468636,0.00746174,0.008604544,0.009082229,0.009139976,0.009187992,0.00947144,0.008844458,0.010696653,0.00905001,0.009211503,0.010405331,0.011515836,0.012443625,0.017357728,0.021967803,0.026166322,0.024433248,0.030576962,0.02989488,0.035863056,0.038650248,0.035665968,0.045167094,0.04796844,0.047498943,0.054748262,0.071806122,0.091140144,0.09877426,0.106784956,0.102802014,1.123555654
Africa,        Benin,0,0,0,0,0,0,0,0,0,0,0,0,0,0,0,0,0.000017578,1.74E-05,1.73E-05,1.74E-05,0.000020402,0.000020666,0.000020346,0.00002025,0.000010016,0.000009999,0.000009919,0.000009884,0.000009854,0.00000976,0.000009756,0.000009716,0.000009516,0.000019082,0.00001902,0.000055914,0.00009232,0.000055278,4.64E-05,7.18E-05,6.19E-05,7.07E-05,0.00073221
Africa,        Botswana,0,0,0,0,0,0,0,0,0,0,0,0,0,0,0,0,0,0,0,0,0,0,0,0,0,0,0,0,0,0,0,0,0.000009516,0.000019082,0.00002853,0.000027957,0.00004616,0.000046065,0.000054624,0.00005343,0.000052638,0.000052638,0.00039064
Africa,        Burkina Faso,0,0,0,0,0,0,0,0,0,0,0.000093618,0.000135668,0.00020684,0.000484523,0.000742752,0.000969328,0.00117876,0.001174495,0.000795366,0.001257798,0.000989497,0.000547649,0.000651072,0.000972,0.001006047,0.000994581,0.000792141,0.001090235,0.001326082,0.001278306,0.001190232,0.00087444,0.001008696,0.001106756,0.00096051,0.000987814,0.00143096,0.001455654,0.002066608,0.00190567,0.001859876,0.002054882,0.033588856
Africa,        Burundi,2.08E-05,2.09E-05,2.09E-05,0.00024196,0.00040716,0.000480562,0.000637206,0.000979386,0.001063372,0.001064064,0.001113014,0.00114796,0.001075568,0.001113372,0.001176024,0.001206504,0.00120978,0.00122556,0.001111473,0.000991922,0.000999698,0.001177962,0.001281798,0.0010125,0.00090144,0.000949905,0.000912548,0.001146544,0.001093794,0.0011712,0.001433156,0.00131166,0.001398852,0.001412068,0.0014265,0.001369893,0.00143096,0.0018426,0.001491126,0.002074865,0.002051022,0.002051022,0.04624859
Africa,        Cabo Verde,0,0,0,0,0,0,0,0,0,0,0,0,0,0.000020618,0.00005158,0.000061872,0.00007238,0.000071491,0.000081576,0.000081808,0.000081608,0.000061998,0.000061038,0.000050625,0.000060096,0.000059994,0.000069433,0.000069188,0.000059124,0.00006832,0.000039024,0.0002429,0.000675636,0.000791903,0.0008559,0.000792115,0.000766256,0.000690975,0.000810256,0.000739115,0.000640429,0.000640429,0.008767687
Africa,        Cameroon,0.014023804,0.018710875,0.021200721,0.021071596,0.02198664,0.023975865,0.023994462,0.023974119,0.025696436,0.027144064,0.027138818,0.027571912,0.027137408,0.027071434,0.027450876,0.0281002,0.02935526,0.031261993,0.031457745,0.033756026,0.034765008,0.035535187,0.03204495,0.035366625,0.038872096,0.037336266,0.038217907,0.037648156,0.04128826,0.03880576,0.04115471,0.042323187,0.040133159,0.04135327,0.041247438,0.040308496,0.040078605,0.046572636,0.045454178,0.0477308,0.047851451,0.04404046,1.400208859
Africa,        Central African Republic,0.000685608,0.000679445,0.000710872,0.000673281,0.00072036,0.00062682,0.000793896,0.000760587,0.000763976,0.000771968,0.000790552,0.0007827,0.000796334,0.000793793,0.000814964,0.00082496,0.00083754,0.000847679,0.000825957,0.000828306,0.000846683,0.000847306,0.000834186,0.000840375,0.001241984,0.001329867,0.001378741,0.001344224,0.001340144,0.0013176,0.00130828,0.001421451,0.00142169,0.001310933,0.001601484,0.00156932,0.001563901,0.001385635,0.0013656,0.00133575,0.00131595,0.00131595,0.043566652
Africa,        Chad,0,0,0,0,0,0,0,0,0,0,0,0,0,0,0,0,0,0,0,0,0,0,0,0,0,0,0,0,0,0,0,0,0.000085644,8.68E-05,0.000086541,8.67E-05,0.000168946,0.000168598,0.000172976,0.000169195,0.000166687,0.000166687,0.001358764
Africa,        Comoros,2.08E-05,2.09E-05,2.09E-05,2.10E-05,0.00002088,0.000020894,0.000020892,0.000020838,0.000020648,0.000020864,0.000020804,0.000020872,0.000020684,0.000020618,0.000020632,0.000020624,0.00002068,0.000020426,0.000020394,0.000020452,0.000020402,0.000020666,0.000030519,0.0000405,0.00005008,0.000049995,0.000049595,0.00004942,0.00004927,0.0000488,0.00004878,0.00004858,0.000028548,0.000019082,0.00001902,0.000018638,0.000018464,3.69E-06,3.64E-06,0.000003562,0,0,0.00103608
Africa,        Congo-Brazzaville,0.001028412,0.001066206,0.001818997,0.002409084,0.00258912,0.003008736,0.00276819,0.002865225,0.002952664,0.004099776,0.00504497,0.004946664,0.004353982,0.003659695,0.003290804,0.003588576,0.00466334,0.004554998,0.003456783,0.0025565,0.002978692,0.003420223,0.003987816,0.003432375,0.003275232,0.003509649,0.003780242,0.003281488,0.003655834,0.00319152,0.004156056,0.0076086,0.009298084,0.009171763,0.008961273,0.010139072,0.010312144,0.010981896,0.009972048,0.00755046,0.007908421,0.007906403,0.203202013
Africa,        Congo-Kinshasa,0.043619226,0.043129089,0.042652339,0.046624721,0.04850424,0.051973825,0.054360984,0.054043353,0.053643504,0.060881152,0.057928738,0.054329816,0.061979606,0.056421157,0.054066156,0.062872264,0.0623502,0.050799462,0.047538414,0.053655822,0.060583739,0.061109362,0.061536477,0.06174225,0.070182112,0.073182681,0.073846955,0.076521928,0.072998432,0.07536672,0.075521196,0.075133828,0.071466112,0.077740068,0.08305083,0.082268132,0.083208016,0.086731182,0.095288108,0.09862666,0.104816497,0.096801282,2.779096635
Africa,        Côte d’Ivoire,0.013971864,0.018041883,0.018095882,0.011224859,0.00385236,0.014040768,0.012315834,0.012669504,0.012667548,0.01304,0.013616218,0.012961512,0.010734996,0.011205883,0.011987192,0.018210992,0.01823976,0.01899618,0.013898511,0.017752336,0.017810946,0.018413406,0.017416176,0.01836675,0.017337696,0.014229577,0.014830889,0.017585613,0.018517637,0.02059848,0.015648624,0.017080728,0.016871868,0.015189272,0.01804047,0.012506098,0.014020731,0.018734912,0.026760116,0.03086473,0.029521145,0.029047403,0.696917349
Africa,        Djibouti,0,0,0,0,0,0,0,0,0,0,0,0,0,0,0,0,0,0,0,0,0,0,0,0,0,0,0,0,0,0,0,0,0.000004758,4.77E-06,0.000004755,4.66E-06,0.000004616,4.61E-06,0.000009104,0.000008905,0.000008773,1.07E-05,6.56506E-05
Africa,        Egypt,0.100753244,0.105669403,0.108355758,0.10618959,0.103356522,0.083775015,0.082733365,0.085103434,0.080745036,0.082622483,0.10272079,0.089176664,0.087442644,0.107029069,0.109763272,0.11662047,0.118384728,0.121301844,0.123487709,0.155007753,0.142928251,0.16027723,0.134834977,0.137519775,0.133875859,0.133948604,0.136338639,0.163344961,0.155468529,0.139265821,0.146815911,0.145688931,0.139514076,0.14292418,0.14924043,0.148675326,0.145985616,0.145965097,0.160494507,0.187975645,0.185610361,0.204968985,5.411900504
Africa,        Equatorial Guinea,2.08E-05,2.09E-05,2.09E-05,2.10E-05,0.00002088,0.000020894,0.000020892,0.000020838,0.000020648,0.000020864,0.000020804,0.000020872,0.000020684,0.000020618,0.000020632,0.000020624,0.00002068,0.000030639,0.000030591,0.000030678,0.000142814,0.000144662,0.000142422,0.00014175,0.000140224,0.000139986,0.000138866,0.000138376,0.000512408,0.00050752,0.000273168,0.000272048,0.00076128,0.002394791,0.00360429,0.004351973,0.004348272,0.004035294,0.004033072,0.00398944,0.004290523,0.00386012,0.038808767
Africa,        Eritrea,--,--,--,--,--,--,--,--,--,--,--,--,--,--,0,0,0,0.000010213,0.000010197,0.000010226,0.000010201,0.000010333,0.000010173,0.000010125,0.000010016,0.000009999,0.000019838,0.000019768,0.000039416,0.00003904,0.000039024,0.00004858,0.00004758,0.000057246,0.00005706,0.000065233,0.000064624,0.000073704,0.000109248,0.000115765,0.000131595,0.000149141,0.001168345
Africa,        Eswatini,0.001308888,0.001348437,0.000982676,0.000683801,0.00134676,0.001932695,0.001577346,0.001906677,0.002002856,0.002263744,0.001581104,0.002108072,0.002089084,0.002082418,0.002083832,0.002144896,0.00215072,0.00214473,0.002120976,0.002075878,0.003662159,0.00382321,0.004038681,0.00313875,0.003014816,0.003629637,0.003461731,0.00365708,0.003389776,0.004190938,0.00423694,0.004731223,0.004979217,0.005625468,0.004849017,0.003856751,0.003816264,0.003620276,0.004126415,0.003689208,0.003995619,0.003875264,0.12334403
Africa,        Ethiopia,0.004913526,0.005247407,0.006000599,0.006553971,0.00713052,0.007803909,0.008576166,0.009231234,0.009869744,0.010369408,0.011317376,0.011448292,0.011655434,0.012896559,0.01382344,0.014581168,0.0154583,0.01583015,0.016203033,0.016453634,0.017127479,0.020842694,0.020834304,0.023338125,0.02549072,0.028577142,0.032544239,0.03355618,0.032905795,0.034881508,0.04843582,0.061160428,0.072065554,0.082775849,0.090324812,0.097134835,0.115548064,0.120987788,0.125461496,0.126621086,0.124840667,0.128727106,1.679545561
Africa,        Gabon,0.002669717,0.004264825,0.00503883,0.00569133,0.00630576,0.00689502,0.00694659,0.006959892,0.006906756,0.007229376,0.007291802,0.007388688,0.007404872,0.007329699,0.007716368,0.008167104,0.00795146,0.008252104,0.008269767,0.00848758,0.008181202,0.009051708,0.009369333,0.00909225,0.008924256,0.008109189,0.009353617,0.0079072,0.008799622,0.00921344,0.008848692,0.008171156,0.00865956,0.008958999,0.00758898,0.008582799,0.008825792,0.008593057,0.008239029,0.00890142,0.008769473,0.008890909,0.328199223
Africa,"        Gambia, The",0,0,0,0,0,0,0,0,0,0,0,0,0,0,0,0,0,0,0,0,0,0,0,0,0,0.000009999,0.000009919,0.000019768,0.000019708,0.000030256,3.22E-05,3.50E-05,2.95E-05,2.96E-05,0.000029481,2.89E-05,2.86E-05,2.86E-05,2.82E-05,2.76E-05,2.72E-05,2.72E-05,0.000441669
Africa,        Ghana,0.054807105,0.055829487,0.051653237,0.026826046,0.01878156,0.031299212,0.045847494,0.048208713,0.049668764,0.054016896,0.058916928,0.0633987,0.067595312,0.064204452,0.062236428,0.062243232,0.06782006,0.069264566,0.038667024,0.052326442,0.066898158,0.067753481,0.050865,0.0390825,0.052503872,0.055864413,0.055278587,0.0365708,0.060592246,0.06660224,0.067726152,0.072879716,0.076185096,0.07794997,0.07918026,0.054134071,0.051246832,0.052173219,0.05526128,0.065207753,0.06465701,0.06395517,2.376179484
Africa,        Guinea,0.001537424,0.001547044,0.001547193,0.001609563,0.0016182,0.001681967,0.001702698,0.001719135,0.001734432,0.00177344,0.001799546,0.001836736,0.001840876,0.00185562,0.001877512,0.001969592,0.0020163,0.002910705,0.003130479,0.003998366,0.004141606,0.005641818,0.005991897,0.0040095,0.005498784,0.004889511,0.004523064,0.005268172,0.005163496,0.005054704,0.004711172,0.004021452,0.00463334,0.004598762,0.00406077,0.008405738,0.010199883,0.011360117,0.006937466,0.011674455,0.021853543,0.017730233,0.200076311
Africa,        Guinea-Bissau,0,0,0,0,0,0,0,0,0,0,0,0,0,0,0,0,0,0,0,0,0,0,0,0,0,0,0,0,0,0,0,0,0,0,0.000002853,0.000009319,0.000009232,0.000009213,0.000018208,0.00001781,0.000017546,0.000017546,0.000101727
Africa,        Kenya,0.01227862,0.016125847,0.016908307,0.019568812,0.019312434,0.022372773,0.023536927,0.024233552,0.028913394,0.03078744,0.031607829,0.033875256,0.033652868,0.035618317,0.03528072,0.037566616,0.0396539,0.037931082,0.038269341,0.029819016,0.020983457,0.032807275,0.03855567,0.04384125,0.041977056,0.043155684,0.045369506,0.04734436,0.040667458,0.036706574,0.050071604,0.050806256,0.059177905,0.059238558,0.065292344,0.080721762,0.077812153,0.076753503,0.089068074,0.091216587,0.095263375,0.095486829,1.849630291
Africa,        Lesotho,0,0,0,0,0,0,0,0,0,0,0,0,0,0,0,0,0,0,0,0.00199407,0.002937888,0.002944905,0.003194322,0.003290625,0.002974752,0.004589541,0.005207475,0.005475736,0.005754736,0.00632448,0.006770664,0.00476084,0.004624776,0.004913615,0.00495471,0.004968798,0.004828594,0.004972017,0.004913192,0.004461405,0.004395273,0.004397203,0.103649617
Africa,        Liberia,0.003438429,0.003282243,0.003428914,0.003366406,0.00232812,0.002705773,0.00329049,0.003292404,0.003314004,0.003244352,0,0,0,0,0,0,0,0,0,0,0,0,0,0,0,0,0,0,0,0,0,0,0,0,0,0,0,0.000027639,0.000036416,0.00003562,0.000035092,0.000035092,0.031860994
Africa,        Libya,0,0,0,0,0,0,0,0,0,0,0,0,0,0,0,0,0,0,0,0,0,0,0,0,0,0,0,0,0,0,0.000058536,0.000058296,0.000066612,0.000076328,0.00007608,0.000074552,0.000073856,0.000073704,0.000072832,0.00007124,0.000070184,0.000070184,0.000842404
Africa,        Madagascar,0.001516648,0.001588856,0.002362605,0.002577404,0.00263088,0.002663985,0.002778636,0.002979834,0.0030972,0.003275648,0.003515876,0.003464752,0.003536964,0.003546296,0.003579652,0.003805128,0.00435314,0.00459585,0.0050985,0.00526639,0.00550854,0.005455824,0.005442555,0.0061155,0.006350144,0.006409359,0.006258889,0.007037408,0.006818968,0.00716384,0.007018954,0.006816454,0.007307527,0.007894033,0.008631561,0.008928627,0.008498702,0.007596856,0.009120296,0.008311989,0.006209152,0.006522462,0.221651884
Africa,        Malawi,0.004030545,0.003961688,0.004363921,0.004920467,0.005104972,0.005170189,0.005545775,0.006073901,0.006073224,0.006164611,0.007510293,0.008014047,0.008203468,0.008208338,0.008626375,0.008839683,0.009008452,0.009234607,0.010536164,0.010097511,0.011073872,0.011461071,0.011847146,0.012167099,0.013241548,0.013758749,0.013978076,0.014216307,0.015731592,0.015375198,0.017800962,0.018315521,0.018681679,0.018807026,0.019788032,0.019501241,0.019328501,0.017642665,0.013323467,0.013526695,0.013352506,0.010741927,0.473349111
Africa,        Mali,0.000862204,0.000857146,0.00109767,0.001283442,0.00138852,0.001389451,0.001650468,0.00166704,0.001713784,0.001752576,0.001882762,0.001899352,0.002151136,0.002247362,0.00226952,0.002299576,0.0021714,0.002318351,0.00234531,0.00235198,0.002376833,0.002417922,0.002400828,0.00236925,0.002483968,0.004469553,0.004751201,0.004655364,0.005636488,0.00655872,0.011306424,0.011789686,0.01253714,0.011370487,0.01388498,0.011216814,0.014439033,0.014446168,0.01323931,0.00929682,0.009141466,0.009588889,0.215976394
Africa,        Mauritania,0.0002597,0.00031359,0.000397252,0.000410281,0.00037584,0.000323857,0.000188028,0.000260475,0.0002581,0.0002608,0.00026005,0.0002609,0.000268892,0.000268034,0.000288848,0.000288736,0.00028952,0.00030639,0.000285516,0.00030678,0.000326432,0.000351322,0.000345882,0.000415125,0.000440704,0.000489951,0.000505869,0.000533736,0.00059124,0.0010736,0.001131696,0.00126308,0.001294176,0.001994069,0.00212073,0.002984876,0.002707746,0.003125971,0.003944763,0.004051775,0.004219813,0.004376962,0.044161107
Africa,        Mauritius,0.000851816,0.000616727,0.000972222,0.000368201,0.0006786,0.001190958,0.001138614,0.001448241,0.001022076,0.001533504,0.000873768,0.000772264,0.001158304,0.001061827,0.0007737,0.001381808,0.00105468,0.000939596,0.001060488,0.00317006,0.005151505,0.00537316,0.005239095,0.005538375,0.005723142,0.005433457,0.004922502,0.005173483,0.005847364,0.006494298,0.007042553,0.005980432,0.005947336,0.00620456,0.006449263,0.007008239,0.006793974,0.005739699,0.005897116,0.00626912,0.005904229,0.006055646,0.152256002
Africa,        Morocco,0.015446961,0.010777046,0.006021507,0.005007529,0.00377928,0.004857855,0.00652875,0.008595675,0.009560024,0.01194464,0.012315968,0.012878024,0.009866268,0.004525651,0.008572596,0.00623876,0.02002858,0.021059206,0.017936523,0.008354642,0.007905775,0.011035644,0.010540245,0.016646513,0.017939658,0.011749825,0.011616141,0.011713528,0.012003157,0.028627056,0.039922528,0.02602042,0.02288598,0.039833675,0.034363567,0.0411752,0.04334424,0.043236609,0.059449666,0.067738385,0.061583275,0.07176886,0.895395432
Africa,        Mozambique,0.139292736,0.034651704,0.0309334,0.052705291,0.00576288,0.001556603,0.000396948,0.000250056,0.000505876,0.0005216,0.002922962,0.00333952,0.003330124,0.003515369,0.003734392,0.003867,0.0046013,0.009875971,0.015162939,0.077778956,0.097552163,0.121278421,0.127966167,0.10935,0.116075424,0.131746824,0.144926509,0.157580612,0.147928248,0.164212,0.16131546,0.16235436,0.143365346,0.138055472,0.153054435,0.160132813,0.144224066,0.12935052,0.126561896,0.133909997,0.13904626,0.14203487,3.44672749
Africa,        Namibia,--,--,--,--,--,--,--,--,--,--,0,0,0,0,0,0.01154944,0.0087373,0.006168652,0.010013454,0.011831482,0.013934566,0.014011548,0.014710158,0.015157125,0.015885376,0.016408359,0.015781129,0.015428924,0.014554358,0.01362496,0.012126708,0.013592684,0.015282696,0.012231562,0.014265,0.014230113,0.012952496,0.015496266,0.01264145,0.0117546,0.016598516,0.013141954,0.362110876
Africa,        Niger,0,0,0,0,0,0,0,0,0,0,0,0,0,0,0,0,0,0,0,0,0,0,0,0,0,0,0,0,0,0,0,0,0.000066612,0.000076328,0.0000951,0.000102509,0.000120016,0.000138195,0.000418784,0.00040963,0.000403558,0.000403558,0.00223429
Africa,        Nigeria,0.028296921,0.023947829,0.025026887,0.019525154,0.02682036,0.031111166,0.037542924,0.033872169,0.040965632,0.042760768,0.045175886,0.061269756,0.062031316,0.056864444,0.056799896,0.05614884,0.0563013,0.056549381,0.058296249,0.062255888,0.058135499,0.060582379,0.083062545,0.074793375,0.08052864,0.077022297,0.061626747,0.061063352,0.055941158,0.04389072,0.0617067,0.056731724,0.053660724,0.050710415,0.05076438,0.053218852,0.074977596,0.071110817,0.070471333,0.075621714,0.067986153,0.070763018,2.295932904
Africa,        Reunion,0.003137177,0.003867611,0.00441159,0.004502568,0.00421776,0.005045901,0.005191662,0.005459556,0.004315432,0.005132544,0.005658688,0.004758816,0.00506758,0.005082337,0.005085788,0.005125064,0.00517,0.005504807,0.005618547,0.005654978,0.008313815,0.008349064,0.00824013,0.0081405,0.008723936,0.008449155,0.008510502,0.008935136,0.008957286,0.00830576,0.008868204,0.00806428,0,0,0,0,0,0,0,0,0,0,0.199866174
Africa,        Rwanda,0.001153068,0.001076659,0.001390383,0.001588523,0.00168084,0.001692414,0.001556454,0.001708716,0.001724108,0.001783872,0.00171633,0.001701068,0.00175814,0.001577277,0.001609296,0.001629296,0.0014476,0.00163408,0.00163152,0.001298702,0.001132311,0.000919637,0.000996954,0.001184625,0.000841344,0.000659934,0.000386841,0.000426989,0.000681897,0.000977952,0.001094623,0.001284455,0.001313208,0.00143115,0.00201612,0.002842295,0.002834224,0.003353532,0.003336088,0.004104056,0.005133188,0.004456684,0.072766453
Africa,        Saint Helena,0,0,0,0,0,0,0,0,0,0,0,0,0,0,0,0,0,0,0,0,0,0,0,0,0,0,0,0,0,0,0,0,0,0,0,0,0,0,0,0,0,0,0
Africa,        Sao Tome and Principe,7.27E-05,7.32E-05,8.36E-05,6.31E-05,0.00008352,0.000083576,0.000073122,0.000083352,0.000082592,0.000083456,0.000083216,0.000083488,0.000082736,0.000082472,0.000082528,0.000082496,0.00008272,0.000081704,0.000071379,0.000092034,0.00010201,0.000041332,0.000061038,0.000070875,0.000060096,0.000039996,0.000079352,0.00009884,0.000078832,0.00006832,0.00004878,0.000058296,0.000057096,0.000057246,0.00005706,0.000074552,0.000064624,0.000064491,0.000063728,0.00008905,0.00008773,0.00008773,0.003118104
Africa,        Senegal,0,0,0,0,0,0,0,0,0,0,0.000457688,0.000459184,0.000455048,0.000463905,0.00046422,0.000474352,0.00048598,0.000490224,0.000499653,0.0005113,0.000540653,0.000640646,0.002665326,0.00394875,0.00335536,0.003189681,0.002836834,0.002164596,0.00266058,0.0028304,0.003131676,0.003079972,0.0033306,0.003463383,0.00353772,0.003708962,0.003960528,0.004895788,0.00612153,0.00660751,0.008983552,0.009969394,0.090384995
Africa,        Seychelles,0,0,0,0,0,0,0,0,0,0,0,0,0,0,0,0,0,0,0,0,0,0,0,0,0,0,0,0,0,0,0,0,0,0.000066787,0.00007608,0.000083871,0.000083088,0.00009213,0.000109248,0.000418535,0.000570245,0.000684119,0.002184103
Africa,        Sierra Leone,0,0,0,0,0,0,0,0,0,0,0,0,0,0,0,0,0,0,0,0,0.000153015,0.000154995,0.000162768,0.000162,0.000160256,0.000179982,0.000039676,0.000177912,0.000177372,0.00017568,0.001199988,0.0014574,0.001103856,0.001001805,0.00116973,0.001202151,0.001209392,0.00128982,0.001638192,0.001691434,0.001666361,0.001666361,0.017840146
Africa,        Somalia,0,0,0,0,0,0,0,0,0,0,0,0,0,0,0,0,0,0,0,0,0,0,0,0,0,0,0,0,0,0,0,0,0.000038064,0.000038164,0.000038991,4.85E-05,0.000110784,0.000158464,0.000156589,0.000153166,0.000264945,0.000311266,0.001318892
Africa,        South Africa,0.010304899,0.017310172,0.010621269,0.006259411,0.0463053,0.061305948,0.107695182,0.080416959,0.140806332,0.14319038,0.097598312,0.11242332,0.100982264,0.074309039,0.108388779,0.118860583,0.132420985,0.149769339,0.155105757,0.138257893,0.147387,0.132033709,0.147145851,0.13783608,0.155679576,0.138976713,0.13253582,0.137944822,0.142803211,0.141246507,0.153689778,0.153627141,0.13989327,0.151817118,0.180590469,0.166225585,0.223932253,0.243712749,0.216934628,0.2482769,0.228531002,0.269628917,5.602781222
Africa,        South Sudan,--,--,--,--,--,--,--,--,--,--,--,--,--,--,--,--,--,--,--,--,--,--,--,--,--,--,--,--,--,--,--,--,0.000019032,0.000019082,0.00001902,0.000018638,0.000018464,0.000027639,0.00009104,0.00008905,0.00008773,0.00008773,0.000477425
Africa,        Sudan,0.005142062,0.007724769,0.00798686,0.008037294,0.00783,0.009548558,0.009547644,0.009543804,0.009477432,0.009660032,0.009861096,0.010728208,0.011148676,0.01113372,0.01145076,0.009920144,0.01099142,0.010652159,0.010533501,0.012250748,0.012965471,0.014104545,0.014181162,0.012970125,0.012379776,0.013918608,0.014838824,0.01566614,0.015736838,0.03267648,0.061228656,0.063416332,0.064509835,0.081082393,0.086015817,0.079463452,0.075862877,0.086639052,0.088330923,0.088330476,0.091267274,0.088949349,1.307703292
Africa,        Tanzania,0.010252959,0.01065161,0.010746717,0.011193299,0.01142136,0.011637958,0.011166774,0.012106878,0.012729492,0.014928192,0.015956668,0.017835124,0.016898828,0.017329429,0.015247048,0.015715488,0.01789854,0.014655655,0.020975229,0.021914318,0.021636321,0.026617808,0.027395889,0.0255555,0.023367328,0.01759824,0.014104818,0.024700116,0.025847042,0.02622512,0.026936316,0.020413316,0.017861532,0.017545899,0.02581965,0.020939793,0.023200016,0.02312463,0.021882921,0.023851152,0.029312348,0.028126238,0.803323559
Africa,        Togo,0.000394744,0.000397214,0.000595878,0.00019988,0.00039672,0.000793972,0.000793896,0.000791844,0.000784624,0.00099104,0.00098819,0.002014148,0.001323776,0.00237107,0.001526768,0.00262956,0.0019646,0.000949809,0.001753884,0.002075878,0.001009899,0.000506317,0.000864705,0.001225125,0.00080128,0.000729927,0.00089271,0.000899444,0.00088686,0.00106384,0.000900479,0.00102601,0.000844069,0.000358074,0.001139298,0.000544602,0.001892191,0.001943943,0.00186723,0.00221218,0.001393679,0.001476496,0.048215853
Africa,        Tunisia,0.000238924,0.000303137,0.000407706,0.000315601,0.00068904,0.001128276,0.000532746,0.001166928,0.000485228,0.000354688,0.000457688,0.001085344,0.000661888,0.000649467,0.00041264,0.000422792,0.0007238,0.000735336,0.000764775,0.000961244,0.000877286,0.000795641,0.000946089,0.001994625,0.001963136,0.001859814,0.001279551,0.000909328,0.000679926,0.001708,0.00185364,0.00160314,0.00299754,0.004140794,0.00566796,0.005414339,0.005797696,0.005518587,0.005858424,0.007221065,0.007404587,0.008727762,0.087716178
Africa,        Uganda,0.006575606,0.00536239,0.005801973,0.005396769,0.00638928,0.006560716,0.00668544,0.006376428,0.005998244,0.007072896,0.007915922,0.008014848,0.010062766,0.009876022,0.010285052,0.01067292,0.01144638,0.01266412,0.012797235,0.012864308,0.016127781,0.016295141,0.017344965,0.018174375,0.01938096,0.01889811,0.01207695,0.014391104,0.017323332,0.01534272,0.016069595,0.016000892,0.016023612,0.024692776,0.025867866,0.026034211,0.03420456,0.035631093,0.03760125,0.037905112,0.038521953,0.038060241,0.680787914
Africa,        Western Sahara,0,0,0,0,0,0,0,0,0,0,0,0,0,0,0,0,0,0,0,0,0,0,0,0,0,0,0,0,0,0,0,0,0,0,0,0,0,0,0,0,0,0,0
Africa,        Zambia,0.09359591,0.101143253,0.103630548,0.104463781,0.10213452,0.102923844,0.10127397,0.087029907,0.085596284,0.069915264,0.080417862,0.08051374,0.079250746,0.079028794,0.079103088,0.080351104,0.07282462,0.079732891,0.076110408,0.07807551,0.078670112,0.081145049,0.08199438,0.083156625,0.084274624,0.088331166,0.095351347,0.094649184,0.093248402,0.09601888,0.101433952,0.111087225,0.116989704,0.126075766,0.132884219,0.120961589,0.101470417,0.115780904,0.125502418,0.111562837,0.114233794,0.142991022,4.03492966
Africa,        Zimbabwe,0.041981256,0.043344924,0.038080186,0.039651764,0.036508115,0.032800352,0.033392709,0.026619417,0.028233951,0.035925705,0.039808601,0.037588069,0.030567395,0.018205694,0.016794448,0.018705968,0.02213794,0.021467726,0.018976617,0.02985992,0.032918627,0.030668344,0.038514978,0.053713125,0.054747456,0.048655134,0.05316584,0.053294528,0.05646342,0.0532896,0.05692626,0.051304366,0.052395096,0.048852293,0.053437276,0.048243558,0.029787245,0.039124475,0.048907831,0.040075727,0.034551118,0.036331353,1.626018407
Asia & Oceania,        Afghanistan,0.00738587,0.007536615,0.007390981,0.007847934,0.00790308,0.00804419,0.007447998,0.007876764,0.007681056,0.007824,0.007863912,0.007127788,0.004891766,0.00484523,0.004817572,0.004248544,0.00373274,0.003288586,0.0030591,0.0030678,0.003182712,0.005145834,0.005646015,0.00637875,0.00565904,0.00589941,0.006318403,0.007393232,0.005340967,0.007574736,0.007329683,0.005783935,0.007022808,0.008443785,0.00951,0.009635846,0.00978592,0.010023744,0.00878536,0.00792545,0.005991959,0.006113553,0.278772668
Asia & Oceania,        American Samoa,0,0,0,0,0,0,0,0,0,0,0,0,0,0,0,0,0,0,0,0,0,0,0,0,0,0,0,0,0,0,0,0,8.56E-06,0.000019082,0.00001902,0.000018638,0.000027696,0.000046065,0.00004552,0.000044525,0.000043865,0.000043865,0.00031684
Asia & Oceania,        Australia,0.137267075,0.149843793,0.145948359,0.130563946,0.129195,0.145516263,0.154308312,0.144438597,0.14567164,0.157637952,0.153491912,0.171494788,0.164173045,0.176943676,0.174123764,0.169828328,0.1713855,0.181107129,0.170310294,0.181010426,0.177721822,0.186004333,0.180184176,0.187403625,0.18549632,0.200000248,0.215494295,0.209967435,0.198232738,0.187818255,0.219845233,0.272277054,0.266034769,0.337836588,0.355808043,0.321310703,0.363992193,0.381061895,0.396371066,0.483889582,0.562944894,0.628734882,9.672689948
Asia & Oceania,        Bangladesh,0.006492502,0.00546692,0.006920551,0.006964252,0.00936468,0.007720333,0.0047007,0.005334528,0.006896432,0.009503552,0.00910175,0.00866188,0.008149496,0.006206018,0.008655124,0.006228448,0.00756888,0.00727186,0.008729142,0.008437473,0.009563438,0.010167672,0.010752861,0.01131975,0.012199488,0.012848715,0.013737815,0.007531608,0.009469694,0.00457744,0.00814227,0.0094991,0.00863262,0.010241825,0.007482002,0.007473838,0.01144768,0.011921622,0.012382715,0.009853383,0.011204595,0.01197146,0.370796112
Asia & Oceania,        Bhutan,6.23E-05,7.32E-05,8.36E-05,8.42E-05,0.00008352,0.000083576,0.0031338,0.012169392,0.015785396,0.015950528,0.016029482,0.016248852,0.016588568,0.016535636,0.017103928,0.01768508,0.01914968,0.01858766,0.018181251,0.018222732,0.018280192,0.019849693,0.022156794,0.02533275,0.023327264,0.02619738,0.044377606,0.064186696,0.067903914,0.06761728,0.07077978,0.0677691,0.06418542,0.071853271,0.0679965,0.072054508,0.07274816,0.070488663,0.06272656,0.079708655,0.078527123,0.078965773,1.458875454
Asia & Oceania,        Brunei,0,0,0,0,0,0,0,0,0,0,0,0,0,0,0,0,0,0,0,0,0,0,0,0,0,0,0,0,0,0,0,0,0.000019032,0.000019082,0.00001902,0.000009319,0.000009232,0.000018426,0.000018208,0.00001781,0.000017546,2.14E-05,0.000169081
Asia & Oceania,        Burma,0.008185747,0.008895505,0.009586322,0.010341178,0.01044,0.010373871,0.010769826,0.010554447,0.009560024,0.011819456,0.012284762,0.012815408,0.015544026,0.017401592,0.016484968,0.016581696,0.01689556,0.017045497,0.00958518,0.010512328,0.019106473,0.018640732,0.02248233,0.0225585,0.023878144,0.029687031,0.032673186,0.03543414,0.039731328,0.0508008,0.04933219,0.072351166,0.075014628,0.08539195,0.08535225,0.088921898,0.091452192,0.103379073,0.114582944,0.096735015,0.09948582,0.082110543,1.584779726
Asia & Oceania,        Cambodia,0.000509012,0.000554009,0.00057497,0.000420801,0.0003132,0.000365645,0.00041784,0.000468855,0.0005162,0.000563328,0.000644924,0.000667904,0.000692914,0.000711321,0.000732436,0.000752776,0.00079618,0.000582141,0.00050985,0.000449944,0.000479447,0.000320323,0.00030519,0.000432338,0.000303485,0.000589941,0.000644735,0.00064246,0.000610948,0.000442128,0.000402923,0.000644171,0.005065367,0.009772846,0.017739003,0.019060151,0.024679906,0.025891294,0.043780499,0.037884542,0.039112666,0.039068359,0.279116972
Asia & Oceania,        China,0.598535974,0.677824955,0.770000165,0.899840277,0.89713008,0.955649772,0.97727553,1.033543962,1.115084916,1.222797312,1.30170628,1.29260296,1.351718584,1.563509961,1.84692034,2.062420094,2.06682083,2.110796319,2.226454454,2.327834571,2.438038368,3.038939435,3.19508417,3.318222487,4.050337665,4.516478559,4.912087823,5.47855103,6.723803999,7.156370944,8.46440446,8.654324362,10.57171635,11.79130431,13.69174411,14.85759534,16.39343184,17.94568235,19.79909303,21.62697562,22.83327791,24.91521893,263.6711504
Asia & Oceania,        Cook Islands,0,0,0,0,0,0,0,0,0,0,0,0,1.03E-06,1.03E-06,1.03E-06,1.03E-06,0.000001034,1.02E-06,1.02E-06,1.02E-06,1.02E-06,1.03E-06,1.02E-06,1.01E-06,1.00E-06,1.00E-06,9.92E-07,9.88E-07,9.85E-07,9.76E-07,9.76E-07,9.72E-07,9.52E-07,7.63E-06,1.38E-05,3.24E-05,4.32E-05,0.000064491,0.000145664,0.000133575,0.000114049,0.00013914,0.000715016
Asia & Oceania,        Fiji,0,0,0,0.000515481,0.0029754,0.003040077,0.003645654,0.003813354,0.003582428,0.003619904,0.004171202,0.004184836,0.004198852,0.004185454,0.004394616,0.00458884,0.00461164,0.004596054,0.00446651,0.004805709,0.005172927,0.005611852,0.005667378,0.004435763,0.004718538,0.004410559,0.004494299,0.00596104,0.005952801,0.005378736,0.004715075,0.005140736,0.005604924,0.005600567,0.004607557,0.004495346,0.005068599,0.005190687,0.006009487,0.005971693,0.006049861,0.006057342,0.181711778
Asia & Oceania,        French Polynesia,0,0,0,0.00016832,0.00025056,0.000334304,0.00036561,0.000364665,0.000598792,0.000667648,0.000717738,0.000772264,0.00093078,0.000969046,0.000990336,0.001289,0.00137522,0.001358329,0.001539747,0.000889662,0.001183316,0.001084965,0.001332663,0.00155925,0.001782848,0.001789821,0.0019838,0.002204132,0.002089048,0.00205936,0.002705339,0.002237595,0.002010731,0.001624832,0.001850209,0.001854593,0.002003381,0.001953967,0.001839399,0.001959991,0.001948483,0.001974802,0.054614546
Asia & Oceania,        Guam,0,0,0,0,0,0,0,0,0,0,0,0,0,0,0,0,0,0,0,0,0,0,0,0,0,0,0,0,0,9.76E-07,1.95E-06,1.94E-06,5.71E-06,0.000019082,2.49E-05,0.000287771,0.000612479,0.000558603,0.00062783,0.000614107,0.000605004,0.000736174,0.004096527
Asia & Oceania,        Hawaiian Trade Zone,0,0,0,0,0,0,0,--,--,--,--,--,--,--,--,--,--,--,--,--,--,--,--,--,--,--,--,--,--,--,--,--,--,--,--,--,--,--,--,--,--,--,0
Asia & Oceania,        Hong Kong,0,0,0,0,0,0,0,0,0,0,0,0,0,0,0,0,0,0,0,0,0,0,0,0,0,0,0.000009919,0.000009884,0.000009854,0.00001952,0.00055643,0.001590759,0.000624299,0.000968226,0.004553155,0.000856892,0.001468737,0.001566735,0.001490488,0.001586701,0.001386134,0.001413398,0.018111131
Asia & Oceania,        India,0.517615673,0.55245465,0.528048844,0.564391388,0.6019386,0.582457116,0.612120816,0.545025474,0.652106718,0.686095144,0.803726323,0.813522976,0.788020922,0.790819406,0.90338064,0.824095408,0.804232078,0.890914178,0.977129225,0.98025632,0.956974951,1.020655969,1.013908364,1.067807631,1.148329349,1.345988282,1.499971771,1.462981588,1.542824866,1.578838667,1.700187531,2.062231572,1.963922376,2.247589523,2.31157157,2.216356781,2.42793799,2.669066787,2.936509235,3.209179527,3.266170678,3.508487539,57.57584445
Asia & Oceania,        Indonesia,0.023206799,0.030386879,0.029083041,0.033022337,0.03551688,0.043846059,0.060262974,0.054637236,0.0686546,0.08209984,0.081041982,0.085116016,0.104381806,0.094110861,0.095969748,0.106770448,0.11494978,0.084543214,0.133866216,0.131680202,0.150882991,0.181633474,0.163612359,0.155084625,0.162780032,0.172422756,0.163177232,0.189541179,0.216369218,0.212492637,0.287213928,0.275012592,0.373106108,0.438766501,0.44621423,0.353979798,0.484105888,0.492951806,0.629174104,0.6974522,0.464232068,0.492963643,8.696316287
Asia & Oceania,        Japan,1.769907604,1.809879942,1.962487225,2.118210086,2.242497861,2.582474852,2.669652642,2.932251864,2.944175774,2.98256061,3.021250082,3.217541354,3.152575066,3.530185965,3.442484844,3.833117834,3.934528795,4.225173125,4.334004969,4.129175521,4.123961491,4.086513653,3.819802407,3.41094249,3.813253078,3.803823119,4.022905903,3.652716222,3.405988536,3.625234063,3.859475031,2.615894426,1.135276011,1.192557816,1.228184196,1.389706034,1.545096753,1.826273658,2.068209202,2.304448642,2.154439373,2.435765838,122.354604
Asia & Oceania,        Kiribati,0,0,0,0,0,0,0,0,0,0,0,0,0,0,0,0,0,0,0,0,0,0,0,0,0,4.00E-06,3.97E-06,3.95E-06,0.000004927,0.00000488,6.83E-06,6.80E-06,7.61E-06,7.63E-06,1.21E-05,3.64E-05,4.47E-05,4.46E-05,4.40E-05,4.31E-05,4.24E-05,4.24E-05,0.000360271
Asia & Oceania,        Laos,0.009556963,0.01138332,0.011896657,0.010719899,0.0098136,0.008953079,0.008555274,0.005532489,0.005027788,0.006895552,0.008498434,0.009141936,0.008873436,0.008937903,0.008799548,0.010745104,0.01234596,0.011887932,0.018374994,0.023765224,0.033428677,0.034067901,0.032675676,0.028674,0.030027968,0.03509649,0.0357084,0.03330908,0.03665688,0.0328912,0.08160894,0.124743724,0.123007622,0.146511596,0.14384826,0.129608652,0.161882843,0.185531394,0.203856768,0.176559435,0.251021849,0.251030622,2.521453069
Asia & Oceania,        Macau,0,0,0,0,0,0,0,0,0,0,0,0,0,0,0,0,0,0,0,0,0,0,0,0,0,0,0,0,0,0,0,0,0,0,0,0.001835843,0.000544688,0.000810744,0.001656928,0.001932385,0.001658097,0.001671311,0.010109996
Asia & Oceania,        Malaysia,0.014522429,0.016494838,0.013485666,0.017715711,0.03546468,0.039447872,0.042118272,0.050646759,0.057886668,0.054069056,0.041067096,0.045532268,0.044636072,0.049720307,0.066620728,0.063480672,0.05306488,0.039126003,0.048976191,0.07613257,0.07487534,0.065831543,0.053387904,0.057641625,0.057782304,0.051384861,0.0653759,0.068591222,0.081745685,0.086147465,0.076838812,0.090734796,0.110013116,0.141942526,0.15786234,0.176605916,0.220028976,0.285906414,0.295684376,0.317142385,0.259473064,0.262150371,3.927355679
Asia & Oceania,        Maldives,0,0,0,0,0,0,0,0,0,0,0,0,0,0,0,0,0,0,0,0,0,0,0,0,0,1.00E-07,2.98E-07,2.01E-05,2.00E-05,1.98E-05,2.05E-05,2.14E-05,0.000038064,0.000047705,0.00007608,0.000083871,0.000120016,0.000165834,0.000245808,0.000293865,0.000368466,0.000445668,0.001987519
Asia & Oceania,        Micronesia,0,0,0,0,0,0,0,0,0,0,0,0,0,0,0,0,0,0,0,0,0,0,0,0,0,0,0,0,0,0,0,0,0,0,0,0,0,0,0,0,0,0,0
Asia & Oceania,        Mongolia,0,0,0,0,0,0,0,0,0,0,0,0,0,0,0,0,0,0,0,0,0,0,0,1.14E-06,4.13E-06,4.12E-06,4.09E-06,4.08E-06,0.000088686,0.00008784,0.000429264,0.000592676,0.00057096,0.001158277,0.001895723,0.002054001,0.002280304,0.002272331,0.003988444,0.005719423,0.005932601,0.006106008,0.033194101
Asia & Oceania,        Nauru,0,0,0,0,0,0,0,0,0,0,0,0,0,0,0,0,0,0,0,0,0,0,0,0,0,0,0,0,0,0,0,0,0,0,0,0,0,0.000009213,0.000009104,0.00001781,0.000026319,3.21E-05,9.45552E-05
Asia & Oceania,        Nepal,0.001828289,0.002174225,0.002153525,0.003303286,0.0034974,0.003468404,0.004512672,0.005657517,0.005750468,0.005591552,0.009122554,0.009402836,0.00858386,0.008917285,0.009531984,0.011827864,0.01208746,0.010733863,0.01142064,0.014285722,0.016484816,0.018919723,0.021342954,0.02268,0.023818048,0.024917508,0.026860652,0.027319376,0.027453244,0.03009008,0.03101567,0.033677075,0.033412855,0.033274018,0.035886023,0.032086575,0.038962539,0.043445007,0.045303744,0.055709431,0.05543063,0.053664441,0.875605815
Asia & Oceania,        New Caledonia,0.002867089,0.002801405,0.004265234,0.002924565,0.00414468,0.005004113,0.004157508,0.002646426,0.005440748,0.005382912,0.004743312,0.00354824,0.003536964,0.003525678,0.003878816,0.00433104,0.0040326,0.00367668,0.004007421,0.004775542,0.004539445,0.00382321,0.003306225,0.003290625,0.003335612,0.003559644,0.003124485,0.004210584,0.004759482,0.00421632,0.003053628,0.004051572,0.004348812,0.004897672,0.003340102,0.003815255,0.00265733,0.003998811,0.003734807,0.00475527,0.003675887,0.004024177,0.164209928
Asia & Oceania,        New Zealand,0.219123863,0.22358643,0.209717104,0.226297108,0.232499857,0.224434862,0.249850513,0.247409452,0.255815281,0.259184354,0.269291492,0.268840837,0.247463442,0.272630153,0.295350832,0.312076642,0.298445964,0.266179904,0.289188916,0.268299961,0.284874894,0.258350374,0.285556215,0.270630112,0.306825416,0.273927491,0.276668143,0.280966743,0.27477781,0.300714075,0.316610947,0.325089641,0.300812243,0.305911318,0.326052929,0.32834792,0.337992656,0.328514156,0.333699672,0.323153919,0.307684937,0.313228339,11.79607692
Asia & Oceania,        Niue,0,0,0,0,0,0,0,0,0,0,0,0,0,0,0,0,0,0,0,0,0,0,0,0,0,0,0,0,0,0,0,0,0,0,0,0,0,0,0,0,0,0,0
Asia & Oceania,        North Korea,0.109011707,0.111345384,0.113018244,0.11539408,0.11617632,0.127213119,0.13444002,0.140281416,0.1533114,0.1549152,0.160648488,0.1549746,0.145387836,0.135738603,0.140937192,0.144966096,0.1279575,0.108186309,0.102969306,0.104274522,0.103009698,0.108434502,0.106958922,0.117480375,0.123948,0.130001999,0.123933937,0.129950878,0.137247497,0.120792688,0.129436754,0.127001722,0.127213694,0.131345222,0.122464074,0.092364337,0.117111613,0.10867102,0.11550609,0.098101042,0.112438277,0.105419877,5.18997956
Asia & Oceania,        Northern Mariana Islands,0,0,0,0,0,0,0,0,0,0,0,0,0,0,0,0,0,0,0,0,0,0,0,0,0,0,0,0,0,0,0,0,0,0,0,0,0,0,0,0,0,0,0
Asia & Oceania,        Pakistan,0.089640804,0.095357232,0.100529086,0.121050441,0.136394208,0.13040404,0.14746974,0.16323418,0.172703008,0.176004048,0.17822619,0.193397712,0.221805218,0.202536214,0.239444156,0.242280514,0.217138609,0.22703677,0.230731363,0.196021293,0.17774446,0.214858035,0.244264308,0.289357192,0.275097196,0.331118451,0.341939138,0.306269728,0.290364666,0.312016604,0.347186154,0.329312063,0.35212399,0.36951949,0.380078205,0.395355267,0.395612747,0.397583872,0.498776641,0.468418028,0.488580805,0.571087136,11.258069
Asia & Oceania,        Papua New Guinea,0.003241057,0.003209072,0.003146655,0.004008127,0.00423864,0.004345952,0.004721592,0.004511427,0.00454256,0.0046944,0.00473291,0.00474838,0.00470561,0.004690595,0.00474536,0.008888944,0.00965756,0.007179739,0.008759223,0.00930566,0.009527734,0.009651022,0.009491409,0.009952875,0.00946512,0.011913809,0.011560595,0.012518086,0.012401259,0.01229272,0.012394998,0.013451802,0.013327158,0.013543373,0.013746629,0.013421913,0.013255139,0.011347956,0.011137724,0.01106001,0.010896066,0.010898723,0.365329583
Asia & Oceania,        Philippines,0.056614618,0.066083883,0.074652047,0.071799124,0.098658,0.106653423,0.107917626,0.09939726,0.111643736,0.11965504,0.119269332,0.113251472,0.102478878,0.109388799,0.125927412,0.12688916,0.13952796,0.134903517,0.142217559,0.187708456,0.197358747,0.180569175,0.175026465,0.1783215,0.188190624,0.182221776,0.201980228,0.186850915,0.20454287,0.201675771,0.177970996,0.1969488,0.202548424,0.196471916,0.19660143,0.205886688,0.215938928,0.226424813,0.22652636,0.211249604,0.195883544,0.201192788,6.565019664
Asia & Oceania,        Samoa,7.27E-05,7.32E-05,0.000125448,0.00012624,0.00016704,0.000177599,0.00020892,0.000187542,0.000185832,0.00020864,0.00020804,0.00020872,0.00025855,0.000257725,0.0002579,0.000268112,0.0003102,0.000337029,0.000387486,0.000439718,0.000357035,0.000495984,0.000630726,0.00054675,0.0005008,0.00049995,0.000505869,0.000515945,0.000524233,0.000528992,0.000519019,0.000536323,0.000352092,0.000305312,0.000306222,0.000365584,0.000430987,0.000513809,0.00059125,0.000571078,0.000562612,0.000562612,0.015189812
Asia & Oceania,        Singapore,0,0,0,0,0,0,0,0,0,0,0.00176834,0.00511364,0.00506758,0.00505141,0.00505484,0.00505288,0.0050666,0.00500437,0.00499653,0.00501074,0.00499849,0.009775018,0.009623658,0.01002375,0.009595328,0.009218203,0.010049537,0.010996241,0.01229824,0.012861891,0.014848632,0.015098664,0.030605646,0.042835533,0.042555962,0.041773136,0.044798013,0.055300024,0.049015164,0.057277535,0.020344587,0.021941273,0.583021455
Asia & Oceania,        Solomon Islands,0,0,0,0,0,0,0,0,0,0,0,0,0,0,0,0,0,0,0,0,0,0,0,0,0,0,0.000009919,0.000019768,0.000019708,0.00002928,0.000019512,0.000038864,0.000038064,3.89E-05,5.21E-05,5.14E-05,5.65E-05,6.65E-05,6.28E-05,6.14E-05,6.05E-05,6.05E-05,0.000685719
Asia & Oceania,        South Korea,0.048488423,0.050674027,0.051609968,0.113198962,0.13811473,0.197398551,0.310211748,0.427029675,0.41416511,0.499545378,0.555083249,0.575669205,0.573471641,0.600330557,0.583104577,0.669755041,0.730682401,0.758320044,0.893811169,1.024126693,1.078743175,1.108984036,1.164660506,1.278991524,1.284213502,1.406020941,1.442505789,1.404121506,1.480157855,1.456435872,1.479680714,1.553966537,1.499067186,1.404135953,1.566570389,1.659097084,1.675270126,1.578433712,1.48280476,1.594218109,1.766785788,1.858593931,41.43825014
Asia & Oceania,        Sri Lanka,0.015208037,0.016264872,0.016632321,0.012666102,0.02160036,0.02475939,0.027337182,0.022442526,0.02653268,0.028927936,0.032391828,0.03219506,0.029691882,0.038741222,0.041759168,0.045444984,0.03328446,0.034856969,0.039523572,0.042243606,0.032398376,0.03192897,0.02726364,0.033179625,0.029507136,0.034336566,0.038366692,0.038814468,0.04054921,0.03814208,0.055423836,0.045801224,0.032773104,0.06802733,0.04611399,0.059091779,0.04288264,0.041661186,0.063536725,0.050178277,0.051395313,0.052708368,1.536584692
Asia & Oceania,        Taiwan,0.10857057,0.155853309,0.186307293,0.247614107,0.298212673,0.356482172,0.339556689,0.396201172,0.361723374,0.341920711,0.404700565,0.391332111,0.404917252,0.38419556,0.399726572,0.403873553,0.429377929,0.41976076,0.43719542,0.439803006,0.445072826,0.427058778,0.44741877,0.446966938,0.455959277,0.470165547,0.470572342,0.482647272,0.484590965,0.486777494,0.495414419,0.503260777,0.503825019,0.518215761,0.514731617,0.458697525,0.430240547,0.335600691,0.390317975,0.46020775,0.448490601,0.431758939,17.01531663
Asia & Oceania,        Thailand,0.013088884,0.030763187,0.039693856,0.038103506,0.04216716,0.038173338,0.057411216,0.042019827,0.03861176,0.05753248,0.051250654,0.047400312,0.043415716,0.037772176,0.04611252,0.07151372,0.0840642,0.076321749,0.055536941,0.044670236,0.065314392,0.068907109,0.081945957,0.084655682,0.072031203,0.073632321,0.096405571,0.103835036,0.116021188,0.12801727,0.11775037,0.15184051,0.169414617,0.188108353,0.201594559,0.197984207,0.30350588,0.31783179,0.360175416,0.394267676,0.257995691,0.290084509,4.796942745
Asia & Oceania,        Timor-Leste,--,--,--,--,--,--,--,--,--,--,--,--,--,--,--,--,--,--,--,--,--,--,--,0,0,0,0,0,0,0,0,0,0.000009516,0.000009541,0.00000951,0.000009319,0.000018464,0.000018426,0.000018208,0.00001781,0.000017546,0.000017546,0.000145886
Asia & Oceania,        Tonga,0,0,0,0,0,0,0,0,0,0,0,0,0,0,0,0,0,0,0,0,0,0,0,0,0,0,0,0,0,0,0,0,0.000009516,0.000028623,0.00003804,0.000046595,0.00004616,0.000055278,0.000063728,0.00007124,0.00008773,0.00008773,0.00053464
Asia & Oceania,        Tuvalu,0,0,0,0,0,0,0,0,0,0,0,0,0,0,0,0,0,0,0,0,0,0,0,0,0,0,0,0,0,0,0,0,0,0,0,0,0,0,0,0,0,0,0
Asia & Oceania,        U.S. Pacific Islands,0,0,0,0,0,0.000167152,0.00031338,0.00031257,0.00030972,0.00031296,0.00031206,0.00031308,0,0,0,0,0,0,0,0,0,0,0,0,0,0,0,0,0,0,0,0,0,0,0,0,0,0,0,0,0,0,0.002040922
Asia & Oceania,        Vanuatu,0,0,0,0,0,0,0,0,0,0,0,0,0,0,0,0,0,0,0,0,0,0,0,0,0,0,0,0,0,0,0.00004878,4.96E-05,7.80E-05,8.88E-05,9.92E-05,0.000118929,9.38E-05,8.62E-05,9.92E-05,0.000104429,0.000102881,0.000116057,0.00108579
Asia & Oceania,        Vietnam,0.012340948,0.013453014,0.013977004,0.014580745,0.0152424,0.01577497,0.016546464,0.017274702,0.018242508,0.039203456,0.055453062,0.065371104,0.074007352,0.081090594,0.094112868,0.108028512,0.12292192,0.11785802,0.112003848,0.139441736,0.146955606,0.186293657,0.183286941,0.190319625,0.175189856,0.209049093,0.201087887,0.2211545,0.254095244,0.29287808,0.269903424,0.398180644,0.50220884,0.496166671,0.56947172,0.533364022,0.606004008,0.809301501,0.779251944,0.657276865,0.746661257,0.7762482,10.35127481
Asia & Oceania,        Wake Island,0,0,0,0,0,0,0,0,0,0,0,0,0,0,0,0,0,0,0,0,0,0,0,0,0,0,0,0,0,0,0,0,0,0,0,0,0,0,0,0,0,0,0
Middle East,        Bahrain,0,0,0,0,0,0,0,0,0,0,0,0,0,0,0,0,0,0,0,0,0,0,0,0,0,0,0,0,0,0,0,0,7.61E-06,7.63E-06,7.85E-05,7.69E-05,0.000076164,7.60E-05,0.000075108,0.00008905,0.00008773,0.000107031,0.000681675
Middle East,        Iran,0.057767686,0.064432308,0.06669655,0.064571872,0.06543792,0.06550269,0.064096656,0.066014784,0.065929064,0.069195456,0.062640844,0.07289546,0.09757677,0.100255025,0.076039236,0.074267024,0.07575084,0.070030541,0.070981317,0.050526666,0.037356062,0.05228498,0.081729882,0.11151675,0.105849088,0.16008399,0.180605152,0.1774178,0.050738246,0.07262228,0.094189339,0.119852388,0.133768271,0.182405047,0.173531035,0.165988847,0.21455405,0.206933595,0.215254742,0.210833883,0.208893691,0.175968645,4.532986472
Middle East,        Iraq,0.007095006,0.007139401,0.006314219,0.006248891,0.00630576,0.006309988,0.006204924,0.006293076,0.007257772,0.006196608,0.006282808,0.003203852,0.007167006,0.006123546,0.005715064,0.005815968,0.00583176,0.005872475,0.005985639,0.006125374,0.006171605,0.006323796,0.005208576,0.004343625,0.004887808,0.05939406,0.059861562,0.056127678,0.033997778,0.031180565,0.046032125,0.032674908,0.041375568,0.045367455,0.02814009,0.024024382,0.031333408,0.020372154,0.019817769,0.047555051,0.046439358,0.046295121,0.820413579
Middle East,        Israel,0,0,0,0,0,0,0,0.00010419,0.00010324,0.000031296,0.000031206,0.000062616,0.000299918,0.00030927,0.00030948,0.0002578,0.00024816,0.000255325,0.000254925,0.000337458,0.000316231,0.00020666,0.000325536,0.000435375,0.000390624,0.000389961,0.000247975,0.000237216,0.000315328,0.00096624,0.00165852,0.002924516,0.004681872,0.00543837,0.00917715,0.011387818,0.015808877,0.017195143,0.017381357,0.025995476,0.034258565,0.043908865,0.196252559
Middle East,        Jordan,0,0,0,0,0,0,0.000031338,0.000197961,0.000278748,0.000177344,0.000197638,0.000083488,0.000165472,0.000237107,0.00015474,0.000195928,0.00023782,0.00020426,0.000163152,0.000173842,0.000428442,0.000475318,0.00061038,0.00050625,0.000610976,0.000639936,0.000585221,0.000711648,0.000719342,0.00066368,0.000702432,0.00063154,0.000656604,0.000582001,0.00059913,0.00214337,0.00798568,0.012888987,0.019652805,0.026326742,0.03742825,0.044612132,0.162659704
Middle East,        Kuwait,0,0,0,0,0,0,0,0,0,0,0,0,0,0,0,0,0,0,0,0,0,0,0,0,0,0,0,0,0,0,0,0,0,5.92E-05,0.00008559,0.000102509,0.00013848,0.000350094,0.000528032,0.00049868,0.000464969,0.000464969,0.002692477
Middle East,        Lebanon,0.008736311,0.008790975,0.006721925,0.00582809,0.00604476,0.006048813,0.005787084,0.006293076,0.006132456,0.00516384,0.003089394,0.00516582,0.00563639,0.007350317,0.008345644,0.00732152,0.0081686,0.009109996,0.007923069,0.003364354,0.004539445,0.00340989,0.006826083,0.013658625,0.011107744,0.010358964,0.006824272,0.005722836,0.003636126,0.00601216,0.008116992,0.007753368,0.009601644,0.012145693,0.00203514,0.004724733,0.003978992,0.004632757,0.004265406,0.009929217,0.010611742,0.009895944,0.290810207
Middle East,        Oman,0,0,0,0,0,0,0,0,0,0,0,0,0,0,0,0,0,0,0,0,0,0,0,0,0,0,0,0,0,0,0,0,0,0.000009541,0.00000951,0.000037276,0.000036928,0.000147408,0.000145664,0.000151385,0.001122944,0.001369992,0.003030648
Middle East,        Palestinian Territories,--,--,--,--,--,--,--,--,--,--,--,--,--,--,--,--,--,0,0,0,0,0,0,0,0,0,0,0,0,0,0,0,0.000009516,0.000019082,0.00002853,0.000083871,0.000396976,0.000420389,0.000548753,0.001097773,0.001564015,0.001757021,0.005925926
Middle East,        Qatar,1.00E-39,1.00E-39,0,0,-1.00E-39,0,0,0,0,-1.00E-39,0,-1.00E-39,1.00E-39,-1.00E-39,0,-1.00E-39,0,0,0,0,0,0,0,0,0,0,0,0,0,0,0,0.000009716,0.000104676,0.000760904,0.001031892,0.00116959,0.001212752,0.001265535,0.001305186,0.001125271,0.001248959,0.001258328,0.010492809
Middle East,        Saudi Arabia,0,0,0,0,0,0,0,0,0,0,0,0,0,0,0,0,0,0,0,0,0,0,0,0,0,0,0,0,0,0,0,0,0.000247416,0.000400722,0.00043746,0.000428674,0.000424672,0.000643067,0.001991955,0.00290303,0.006886805,0.008390322,0.022754123
Middle East,        Syria,0.0263232,0.027491397,0.03061978,0.02918253,0.03436848,0.034569123,0.029572626,0.029496189,0.028783312,0.028625408,0.028095802,0.027728452,0.027033988,0.02649413,0.026058216,0.02562532,0.0261085,0.026288262,0.027256581,0.027538618,0.032969632,0.035225197,0.025015407,0.027975375,0.041726656,0.043145685,0.039070941,0.034356784,0.028310542,0.0183488,0.025355844,0.031897628,0.030812808,0.028651623,0.0223485,0.004118998,0.008798096,0.007176927,0.007114412,0.007043855,0.006939443,0.006904351,1.080567418
Middle East,        United Arab Emirates,0,0,0,0,0,0,0,0,0,0,0,0,0,0,0,0,0,0,0,0,0,0,0,0,0,0,0,0,0,0.0000976,0.00019512,0.000330344,0.000180804,0.000735611,0.00288153,0.002832976,0.00295424,0.006863685,0.01197176,0.03378557,0.063847672,0.076732134,0.203409046
Middle East,        Yemen,0,0,0,0,0,0,0,0,0,0,0,0,0,0,0,0,0,0,0,0,0,0,0,0,0,0,0,0,0,0,0.000019512,0.000019432,0.000028548,0.000047705,0.0000951,0.001081004,0.00143096,0.001787322,0.004406336,0.00431002,0.00429877,0.005244499,0.022769208
Central & South America,        Antarctica,0,0,0,0,0,0,0,0,0,0,0,0,0,0,0,0,0,0,0,0,0,0,0,0,0,0.000019998,0.000019838,0.000019768,0.000019708,0.00003904,0.000039024,0.000038864,0.000004758,4.77E-06,0.000004755,0.000009319,0.000009232,0,0,0,0,0,0.000229075
Central & South America,        Antigua and Barbuda,0,0,0,0,0,0,0,0,0,0,0,0,0,0,0,0,0,0,0,0,0,0,0,0,0,0,0,0,0,0,1.95E-06,0.000004858,0.000004758,5.72E-06,0.000005706,4.99E-05,0.00004616,5.66E-05,0.00009104,0.000115765,0.000140368,0.000171249,0.000694069
Central & South America,        Argentina,0.206775359,0.203436764,0.218124529,0.232833817,0.265284576,0.27875692,0.281884184,0.298851006,0.211899097,0.191467603,0.268141664,0.259505579,0.279148885,0.330994787,0.373049219,0.357921766,0.319265185,0.375210966,0.355394927,0.301398319,0.367935526,0.462212489,0.433744736,0.432137272,0.400183971,0.425309627,0.48567773,0.4112586,0.421737005,0.475554887,0.48463862,0.479319389,0.463246725,0.486657403,0.500061029,0.480059351,0.503851028,0.514692221,0.515031111,0.515976815,0.446798437,0.450323603,15.76575273
Central & South America,        Aruba,--,--,--,--,--,--,0,0,0,0,0,0,0,0,0,0,0,0,0,0,0,0,0,0,0,0,0,0,0,0.0002928,0.001035112,0.001102766,0.001294176,0.001459773,0.00151209,0.001630825,0.001380295,0.001324019,0.001335666,0.00130647,0.001287104,0.001287104,0.0162482
Central & South America,        Barbados,0,0,0,0,0,0,0,0,0,0,0,0,0,0,0,0,0,0,0,0,0,0,0,0,0,0,0,0,0,0,0.000019512,0.000029148,0.000028548,0.000038164,0.0000951,0.000130466,0.000212336,0.000294816,0.000300432,0.00039182,0.000579018,0.000706402,0.002825762
Central & South America,        Belize,0.00041552,0.00041812,0.00041816,0.000420801,0.0004176,0.00041788,0.00041784,0.00041676,0.00041296,0.00041728,0.00041608,0.00041744,0.00041368,0.00041236,0.00041264,0.00082496,0.001034,0.001103004,0.001072724,0.001178035,0.00112415,0.001101229,0.001072672,0.000783209,0.000815453,0.000827667,0.001943459,0.00193334,0.002164421,0.001983232,0.003335576,0.003293743,0.002873937,0.00320589,0.003362936,0.003332717,0.003477011,0.003580485,0.003510366,0.004167718,0.00210552,0.00210552,0.063558095
Central & South America,        Bolivia,0.011582624,0.012188201,0.012701616,0.012602982,0.0126846,0.012358801,0.01216959,0.012127716,0.013379904,0.01340512,0.013231344,0.014693888,0.014251276,0.014473836,0.014246396,0.01356028,0.01542728,0.016391865,0.015784956,0.018682902,0.020473407,0.022339946,0.022736655,0.020462625,0.021864928,0.020007999,0.021774992,0.02330753,0.023491936,0.02336544,0.02185344,0.023434992,0.024239433,0.026453616,0.024857595,0.027398506,0.020574064,0.02493975,0.029474591,0.035816284,0.03140734,0.036083349,0.822303595
Central & South America,        Brazil,1.437510235,1.46738105,1.614959148,1.788603646,2.034198546,2.171517672,2.157279516,2.217506953,2.336487302,2.430375627,2.452306498,2.591531764,2.617474232,2.707660124,2.81533814,2.959941632,3.13041844,3.273549738,3.366571408,3.38132451,3.444276088,3.238344179,3.411040898,3.646618219,3.754845848,3.931000621,4.107687929,4.481540775,4.590121674,4.727361169,5.034743797,5.198763421,5.053653478,4.981004953,4.954403968,4.903257234,5.153811077,5.164039128,5.518072599,5.639337753,4.718674552,4.561506514,149.1660421
Central & South America,        British Virgin Islands,0,0,0,0,0,0,0,0,0,0,0,0,0,0,0,0,0,0,0,0,0,0,0,0,0,0,0,0,0,0,1.08E-05,1.32E-05,1.30E-05,1.30E-05,1.29E-05,1.45E-05,1.44E-05,1.44E-05,1.42E-05,1.39E-05,1.37E-05,1.43E-05,0.000162188
Central & South America,        Cayman Islands,0,0,0,0,0,0,0,0,0,0,0,0,0,0,0,0,0,0,0,0,0,0,0,0,0,0,0,0,0,0,0,0,0,0,0,0,0.000018464,0.000082917,0.00013656,0.000151385,0.000166687,0.000184233,0.000740246
Central & South America,        Chile,0.077317908,0.080414949,0.089789446,0.096058286,0.09942012,0.110142721,0.120881112,0.127976577,0.12042946,0.102358784,0.13330163,0.14641708,0.189372362,0.193520548,0.191815704,0.22165644,0.21008812,0.209335861,0.172910529,0.147775926,0.209059294,0.236295044,0.244080789,0.235618875,0.238350752,0.280121985,0.300307644,0.253069936,0.266767488,0.28690496,0.23629034,0.252110787,0.240364634,0.24806601,0.28588962,0.301637401,0.312050795,0.316680356,0.345459408,0.33636682,0.347935998,0.356844249,8.971256748
Central & South America,        Colombia,0.150968852,0.152080735,0.191517365,0.192547893,0.21410352,0.227796835,0.265443306,0.224852439,0.25624168,0.280641664,0.286283844,0.286770844,0.233284494,0.289816917,0.334403456,0.33323228,0.36843488,0.325304476,0.316168182,0.346262586,0.329033255,0.330470006,0.347153625,0.36767925,0.402663232,0.400250284,0.431656162,0.446839887,0.468942343,0.409645595,0.419880264,0.504935608,0.489074832,0.513777015,0.491391195,0.490171525,0.488979949,0.599075647,0.584019633,0.521020911,0.4456413,0.530766068,15.28922383
Central & South America,        Costa Rica,0.021794031,0.023634239,0.024692359,0.029508651,0.03110076,0.028718803,0.029938236,0.030986106,0.03117848,0.034289984,0.034825896,0.037872244,0.04157484,0.045235892,0.0451325,0.041278936,0.04457574,0.055109348,0.049995891,0.061284418,0.069295393,0.070099072,0.075343988,0.073572745,0.080831691,0.081743138,0.082916236,0.08532432,0.089096035,0.08577088,0.08653572,0.086452968,0.089900749,0.087417025,0.088497363,0.101158168,0.100440391,0.103498842,0.102734725,0.100926866,0.102804821,0.111519867,2.698608357
Central & South America,        Cuba,0.010346451,0.01002443,0.010903527,0.011172259,0.01116036,0.011000691,0.012096468,0.011919336,0.013132128,0.013363392,0.018484795,0.01648729,0.016741107,0.011539706,0.01131953,0.009298601,0.011939904,0.011633332,0.010092821,0.011223626,0.011973117,0.011686193,0.011932297,0.009887508,0.010086327,0.005930907,0.005615699,0.005810965,0.007279163,0.013489045,0.01233344,0.012246432,0.013541302,0.015629749,0.014531036,0.011277509,0.010784868,0.007388826,0.007000976,0.008094645,0.008070283,0.008249772,0.466719813
Central & South America,        Dominica,9.35E-05,0.00010453,9.41E-05,0.0001578,0.00016704,0.000146258,0.000135798,0.000145866,0.000165184,0.000166912,0.000166432,0.000166976,0.000165472,0.000164944,0.000175372,0.000195928,0.00019646,0.00020426,0.000275319,0.000327232,0.000326432,0.000278991,0.00030519,0.000293625,0.000340544,0.000271973,0.000269797,0.000210529,0.000200036,0.000233264,0.000233168,0.000348804,0.000260738,0.000356833,0.000298205,0.000236302,0.00034488,0.000261253,0.000229221,0.00018859,0.000361255,0.000361598,0.009626589
Central & South America,        Dominican Republic,0.00671065,0.009230001,0.008687278,0.009078776,0.00667116,0.011220078,0.00981924,0.01031481,0.00898188,0.006499136,0.004337634,0.006032008,0.00573981,0.011886277,0.005911068,0.006589368,0.00924396,0.007210378,0.007729326,0.01150425,0.008456629,0.007977076,0.009694869,0.01289925,0.01667664,0.019788021,0.018102175,0.017563868,0.01438684,0.01499624,0.014736438,0.01573992,0.018641844,0.021114233,0.01575807,0.01239427,0.018242432,0.026312328,0.024562592,0.020672824,0.025575102,0.026244853,0.543933602
Central & South America,        Ecuador,0.009120667,0.008184701,0.009304064,0.018010271,0.03302172,0.039291167,0.04460442,0.046739634,0.048946084,0.050772544,0.051354674,0.0524409,0.050924008,0.059297368,0.067043684,0.052684008,0.06494554,0.066067897,0.065678877,0.07265573,0.076844133,0.072331,0.07578885,0.071974747,0.073493221,0.068633536,0.070691126,0.098212492,0.112257162,0.09125639,0.085745874,0.109820337,0.118287624,0.107878726,0.11292338,0.126465052,0.151128584,0.189504234,0.192979771,0.226902735,0.218616686,0.228875384,3.591699002
Central & South America,        El Salvador,0.016028689,0.016108077,0.017374556,0.015548587,0.01787328,0.016662965,0.016838952,0.016284897,0.017839872,0.019476544,0.019410132,0.013337208,0.014406406,0.015989259,0.016515916,0.01964436,0.02392676,0.019629386,0.020638728,0.02423562,0.020086789,0.022082654,0.022191905,0.026015961,0.025021761,0.029988938,0.039681423,0.038345039,0.042715656,0.031779536,0.037922548,0.03733956,0.036028528,0.036122226,0.03548181,0.03243012,0.032430373,0.037579827,0.037654144,0.03784625,0.046365305,0.048431127,1.111311674
Central & South America,        Falkland Islands,0,0,0,0,0,0,0,0,0,0,0,0,0,0,0,0,0,0,0,0,2.04E-06,2.07E-06,2.03E-06,2.53E-06,0.000002504,2.50E-06,2.98E-06,2.97E-06,0.000019708,0.00001952,0.00004878,0.000058296,0.000066612,0.000066787,0.00006657,5.96E-05,6.74E-05,5.99E-05,6.10E-05,5.97E-05,5.88E-05,5.88E-05,0.000791029
Central & South America,        French Guiana,0,0,0,0,0,0,0,0,0,0,0,0,0,0,0,0,0,0,0,0,0,0.00547649,0.005584977,0.005781375,0.005939488,0.006159384,0.006338241,0.006553092,0.006789406,0.00693936,0.007297488,0.006791484,0,0,0,0,0,0,0,0,0,0,0.069650785
Central & South America,        Grenada,0,0,0,0,0,0,0,0,0,0,0,0,0,0,0,0,0,0,0,0,0,0,0,0,0,0,0,9.88E-07,9.85E-07,9.76E-07,1.66E-05,1.65E-05,2.42E-05,2.42E-05,2.42E-05,1.43E-05,2.32E-05,3.03E-05,3.18E-05,0.000037401,3.68E-05,4.46E-05,0.00032707
Central & South America,        Guadeloupe,0,0,0,0,0,0,0.00031338,0.00031257,0.00030972,0.00031296,0.00031206,0.00031308,0.00031026,0.000316486,0.000316701,0.000316578,0.00032054,0.000357455,0.00040788,0.00040904,0.001285326,0.001115964,0.001302144,0.00216675,0.002343744,0.002179782,0.002221856,0.002243668,0.002079194,0.00213744,0.002126808,0.002263828,0,0,0,0,0,0,0,0,0,0,0.028095214
Central & South America,        Guatemala,0.005889998,0.004118483,0.005645163,0.008994616,0.00685908,0.007615863,0.018364068,0.018212412,0.019677544,0.022491392,0.025079222,0.025630816,0.02228701,0.023411739,0.024840928,0.023975503,0.023733299,0.023996158,0.02265906,0.031271722,0.033487639,0.030627012,0.02799101,0.043304625,0.041756704,0.043175682,0.047377558,0.05033496,0.051021844,0.041736847,0.048417077,0.050550405,0.061984401,0.067952934,0.072313493,0.067115461,0.071626313,0.084212759,0.080873495,0.073501257,0.082552079,0.083857668,1.620525299
Central & South America,        Guyana,5.19E-05,5.23E-05,5.23E-05,5.26E-05,0.0000522,0.000052235,0.00005223,0.000052095,0.00005162,0.00005216,0.00005201,0.00005218,0.00005171,0.000051545,0.00005158,0.00005156,0.0000517,0.000051065,0.000061182,0.000061356,0.000418241,0.000485651,0.000569688,0.000516375,0.000560896,0.000451955,0.000449331,0.000468502,0.000447372,0.00044408,0.000460951,0.000527899,0.000669983,0.000815651,0.000756549,0.000605297,0.000788413,0.000805216,0.000832106,0.000840632,0.000828171,0.000828171,0.014628633
Central & South America,        Haiti,0.002378853,0.002446003,0.002697133,0.002819365,0.00290232,0.003207229,0.003488964,0.003459108,0.003427568,0.003463424,0.003827936,0.00360042,0.003288756,0.002793739,0.002382996,0.002578,0.00278146,0.002022174,0.003089691,0.00270989,0.00285628,0.00289324,0.002614461,0.0025515,0.002574112,0.002619738,0.002658292,0.001502368,0.001763866,0.0020008,0.0017073,0.00116592,0.002092568,0.001344327,0.000854949,0.00078438,0.000667381,0.001185989,0.001802865,0.001576185,0.000957134,0.001172599,0.098711283
Central & South America,        Honduras,0.008019539,0.008581915,0.008844088,0.008742135,0.0090306,0.009047102,0.013287312,0.011783889,0.017953436,0.0190384,0.021490532,0.021894728,0.02244214,0.023102469,0.0185688,0.017076672,0.02087646,0.021079632,0.019415088,0.02157686,0.022829838,0.019570702,0.01637853,0.01782,0.014633376,0.01859814,0.021732529,0.023098908,0.02429011,0.02866512,0.031189932,0.029818404,0.032991972,0.03224858,0.03447375,0.04165593,0.048763424,0.056720866,0.061575295,0.057134311,0.054370904,0.057368807,1.067781225
Central & South America,        Jamaica,0.001786737,0.001787463,0.001954899,0.002146084,0.00139896,0.001295428,0.001702698,0.001937934,0.001899616,0.002232448,0.002153214,0.001732376,0.0020684,0.002216435,0.002486156,0.002248016,0.00235752,0.002440907,0.002192355,0.002219042,0.002213617,0.001487952,0.003732393,0.004869662,0.004621332,0.005220853,0.009301838,0.008813774,0.010888303,0.00217648,0.002175588,0.002613604,0.002731092,0.002518824,0.00279594,0.002739786,0.005461389,0.004385388,0.004972186,0.004819493,0.004909204,0.005327667,0.139033053
Central & South America,        Martinique,0,0,0,0,0,0,0,0,0,0,0,0,0,0,0,0,0,0,0,0,0,0,0.000152595,0.000151875,0.00015024,0.000169983,0.000317408,0.000336056,0.000325182,0.00032208,0.0002439,0.000155456,0,0,0,0,0,0,0,0,0,0,0.002324775
Central & South America,        Montserrat,0,0,0,0,0,0,0,0,0,0,0,0,0,0,0,0,0,0,0,0,0,0,0,0,0,0,0,0,0,0,0,0,0,0,0,0,0,0,0,0,0,0,0
Central & South America,        Netherlands Antilles,0,0,0,0,0,0,0,0,0,0,0,0,0,0.000010309,0.000072212,0.000072184,0.00007238,0.000071491,0.000071379,0.000071582,0.00030603,0.00030999,0.00030519,0.00030375,0.00030048,0.00029997,0.00029757,0.00029652,0.00029562,0.0006344,0.000665076,0.000866385,0.000915163,0.001517019,0.00177837,0.001873119,0.001624832,0.002036073,0.002647989,0.002324205,0.002087974,0.002389551,0.024516813
Central & South America,        Nicaragua,0.005609522,0.00546692,0.004756572,0.003671486,0.00556452,0.005860767,0.00485739,0.006230562,0.006101484,0.009785216,0.00816557,0.008265312,0.007466924,0.009113156,0.007623524,0.007352456,0.00742412,0.006393338,0.00458865,0.005358424,0.003826395,0.004496922,0.00616789,0.007039913,0.007044253,0.0090021,0.00799769,0.007771789,0.012897646,0.011956178,0.013313672,0.012706801,0.016780416,0.020972419,0.023143044,0.021361245,0.022521143,0.023280413,0.024934873,0.02323302,0.02330522,0.024130721,0.457539676
Central & South America,        Panama,0.010336063,0.015303196,0.012795702,0.010498978,0.0169128,0.020956682,0.022761834,0.021952833,0.02379682,0.023221632,0.023373294,0.021456416,0.019835956,0.023855026,0.02470682,0.024841608,0.03092694,0.029566635,0.021841974,0.031935798,0.034765008,0.025801501,0.034435605,0.028512,0.03771024,0.03709629,0.035867104,0.03662022,0.038913446,0.03789808,0.040721544,0.03964128,0.051024792,0.049447076,0.049722926,0.062460898,0.066967653,0.072533949,0.079670925,0.055284912,0.073405446,0.073222524,1.492600426
Central & South America,        Paraguay,0.007448198,0.008011613,0.007446602,0.008711483,0.009948943,0.042727154,0.124911166,0.193391329,0.206089305,0.253537225,0.283626256,0.307264745,0.281640129,0.32166854,0.372391366,0.430421173,0.464222937,0.514283109,0.513671364,0.526326443,0.540266519,0.463605722,0.4855833,0.518962635,0.515072998,0.507269643,0.52918747,0.527010687,0.543029373,0.533543689,0.525671144,0.558259084,0.57167808,0.576457982,0.52705162,0.521919908,0.590491064,0.553065564,0.543828207,0.448623673,0.408006262,0.351106093,16.2174298
Central & South America,        Peru,0.073910643,0.084585697,0.089758084,0.087210951,0.09131868,0.100228518,0.107050608,0.114379782,0.108267788,0.109035264,0.109262608,0.120076616,0.101548098,0.121501874,0.131498052,0.132416392,0.13781152,0.135066925,0.140637024,0.148573554,0.164899675,0.18187165,0.183663851,0.187859756,0.175390677,0.18258224,0.197210054,0.196403362,0.191997494,0.192905434,0.197910828,0.21490873,0.20937618,0.222560833,0.22289641,0.2345122,0.242394088,0.287206894,0.308430477,0.310320577,0.295539499,0.308181304,7.153160891
Central & South America,        Puerto Rico,0.002119153,0.001296172,0.001087216,0.001157202,0.0014094,0.001911801,0.002329458,0.002677683,0.002808128,0.002837504,0.001422005,0.001242479,0.001397359,0.001240472,0.000695742,0.00089636,0.001396159,0.001041001,0.001052585,0.001622968,0.001550552,0.001374289,0.001159722,0.001042875,0.001412256,0.001382705,0.001408498,0.001620976,0.001537224,0.001706048,0.001568765,0.001474889,0.001170468,0.002795513,0.00329046,0.00361634,0.003580779,0.003399597,0.002163374,0.004158635,0.004044353,0.004313029,0.081412194
Central & South America,        Saint Kitts and Nevis,0,0,0,0,0,0,0,0,0,0,0,0,0,0,0,0,0,0,0,0,0,0,0,0,0,0,0,0,0,0,0,0.00004858,0.000076128,0.000076328,0.00007608,0.000074552,0.000073856,0.000046065,0.000054624,0.00005343,0.000052638,0.000052638,0.000684919
Central & South America,        Saint Lucia,0,0,0,0,0,0,0,0,0,0,0,0,0,0,0,0,0,0,0,0,0,0,0,0,0,0,0,0,0,0,0,0,9.52E-07,9.54E-07,0.000001902,1.10E-05,1.20E-05,1.20E-05,2.88E-05,2.82E-05,2.77E-05,2.77E-05,0.00015118
Central & South America,        Saint Vincent/Grenadines,0.000176596,0.000177701,0.000188172,0.00018936,0.00022968,0.000271622,0.000292488,0.000322989,0.00036134,0.000375552,0.000249648,0.000135668,0.00020684,0.000237107,0.000216636,0.000216552,0.00021714,0.000214473,0.000224334,0.000224972,0.000255025,0.000196327,0.000223806,0.000212625,0.000270432,0.000259974,0.00022775,0.000222258,0.000230938,0.00022448,0.000253656,0.0002429,0.0002379,0.000219443,0.000116973,0.00016681,0.000155098,0.00019163,0.0002276,0.000240435,0.000377239,0.000377239,0.009859408
Central & South America,        Suriname,0.009172607,0.008623727,0.010987159,0.007511293,0.00883224,0.010050014,0.007897176,0.003365337,0.00500714,0.011339584,0.012180742,0.014537348,0.014861454,0.01494805,0.015092308,0.013189048,0.01324554,0.013164557,0.013194918,0.013406286,0.00724271,0.007491425,0.007538193,0.007614,0.007652224,0.008209179,0.008550178,0.008520008,0.008504002,0.00842288,0.011689639,0.010017099,0.007846703,0.0079155,0.005310479,0.00449857,0.007299013,0.008597489,0.009180938,0.008645758,0.008721081,0.008969185,0.399042781
Central & South America,        The Bahamas,0,0,0,0,0,0,0,0,0,0,0,0,0,0,0,0,0,0,0,0,0,0,0,0,0,0,0,0,0,0,0.000004878,5.83E-06,8.56E-06,0.000019082,0.00001902,0.000018638,0.000018464,1.90E-05,1.88E-05,3.11E-05,3.06E-05,3.06E-05,0.000224731
Central & South America,        Trinidad and Tobago,0.0002597,0.000188154,0.000177718,0.0001578,0.00012528,0.000167152,0.00026115,0.000302151,0.000268424,0.0002608,0.000322462,0.0002609,0.00031026,0.000288652,0.000330112,0.000340296,0.00017578,0.000183834,0.000183546,0.000184068,0.00020402,0.000299657,0.000264498,0.0001215,0.000230368,0.001020273,0.002628542,0.004379032,0.005834091,0.00022448,0.000039024,0.000038864,0.000038064,0.000038164,0.00004755,0.000055914,0.000055392,0.000055278,0.000054624,0.00005343,0.000052638,0.000052638,0.02053628
Central & South America,        Turks and Caicos Islands,0,0,0,0,0,0,0,0,0,0,0,0,0,0,0,0,0,0,0,0,0,0,0,0,0,0,0,0,0,0,0,0,0,0,0,0,0,0,0.000009104,0.000008905,0.000008773,1.07E-05,3.74851E-05
Central & South America,        U.S. Virgin Islands,0,0,0,0,0,0,0,0,0,0,0,0,0,0,0,0,0,0,0,0,0,0,0,0,0,0,0,0.000260099,0.004172986,0,0,6.70E-06,8.42E-06,1.19E-05,6.83E-05,0.0001237,0.000123063,6.67E-05,0.000127456,0.00012467,0.000122822,0.000149843,0.005366646
Central & South America,        Uruguay,0.023362619,0.026341567,0.025309145,0.074849929,0.07342452,0.066693648,0.075388782,0.074870934,0.055377936,0.040277952,0.072782794,0.063743088,0.081784536,0.075090756,0.0768542,0.06022208,0.05946534,0.065894276,0.092843685,0.056161192,0.071570216,0.094453953,0.096450213,0.0859005,0.047766304,0.066563343,0.03580759,0.0803075,0.052186784,0.06040464,0.095902774,0.075427241,0.065903024,0.094341413,0.118104693,0.120003494,0.124726864,0.130897177,0.130534803,0.14205812,0.111706109,0.119688284,3.261444018
Central & South America,        Venezuela,0.149981992,0.156094688,0.165528709,0.192600493,0.2031624,0.228005775,0.260178522,0.318144165,0.349580964,0.358015808,0.380848426,0.460102368,0.483891838,0.484461146,0.523650476,0.525148912,0.55118404,0.579026035,0.585063072,0.613038474,0.634481798,0.618378385,0.59959662,0.606760875,0.694849984,0.764493543,0.801296496,0.812741552,0.847177942,0.83059552,0.741592584,0.80482486,0.77312742,0.790013882,0.60614838,0.691879836,0.576298368,0.558324798,0.5302577,0.442879133,0.549255071,0.536021352,22.3787044
North America,        Bermuda,0,0,0,0,0,0,0,0,0,0,0,0,0,0,0,0,0,0,0,0,0,0,0,0,0,0,0,0,0,0,0,0,0,0,0,0,0,0,0,0,0,0,0
North America,        Canada,3.036118194,3.207584522,3.108207165,3.327067289,3.551323505,3.818588709,4.00884693,4.127925648,4.060301072,3.90549445,3.893036984,4.153923838,4.162131122,4.378053425,4.59336636,4.543212618,4.701981747,4.498589177,4.189749836,4.374533257,4.492069424,4.329078387,4.44126147,4.290301002,4.451136552,4.675072535,4.627189872,4.727654627,4.810829028,4.698726031,4.571421601,4.84676541,4.844188462,5.127012941,5.113315545,5.022716096,5.067332197,5.157981919,5.034795216,4.906290343,4.826160097,4.734499506,184.4358341
North America,        Greenland,0,0,0,0,0,0,0,0,0,0,0,0,0,0,0,0,0,0,0,0.001748646,0.001744371,0.001632614,0.001851486,0.0018225,0.001923072,0.002029797,0.001944124,0.002016336,0.001990508,0.0025864,0.002858508,0.00325486,0.003254472,0.003568334,0.00372792,0.003904661,0.003665104,0.003537792,0.003767417,0.003562,0.0043865,0.0043865,0.065163922
North America,        Mexico,0.18333787,0.264732744,0.250707939,0.230104358,0.25872408,0.288431223,0.242462106,0.236104959,0.264366668,0.303289536,0.323817388,0.338676726,0.387290145,0.399653546,0.327182447,0.449199749,0.47424366,0.438706458,0.412989555,0.501732542,0.490738251,0.458723077,0.424892565,0.388393875,0.42920291,0.481642887,0.493262744,0.466229799,0.555641447,0.43772502,0.498935001,0.531562535,0.485546534,0.488574421,0.591757233,0.548612733,0.541993127,0.572146617,0.6228323,0.596911452,0.677688744,0.792221749,18.15098872
North America,        Saint Pierre and Miquelon,0,0,0,0,0,0,0,0,0,0,0,0,0,0,0,0,0,0,0,0,0,0,0,0,0,0,0,0,0,0,0.000019512,0.000019432,0.000019032,0.000019082,0,0,0,0,0,0,0,0,0.000077058
North America,        U.S. Territories,0,0,0,0,0,0,0,0,0,0,0,0,0,0,0,0,0,0,0,0,0,0,0,0,0,0,0,0,0,0,0,0,0,0,0,0,0,0,0,0,0,0,0
North America,        United States,8.167511079,8.421277169,9.110785416,9.698161313,9.990394259,10.15957955,10.49124907,10.37574078,11.04372238,11.8368354,12.14439347,12.48993864,12.29978568,12.49243298,12.68104717,13.63277692,14.09760033,13.61384342,13.56059031,14.12589827,13.96407824,13.19070101,13.87641867,13.90219093,14.28556996,14.38180992,14.80114181,14.96933873,15.61864894,15.98096675,16.74943922,17.57838584,16.95798202,17.68197346,18.13568797,18.10528814,18.9063812,19.68171017,20.02170632,20.08356774,19.93911117,20.46324187,599.7089037
Europe,        Albania,0.030322582,0.031547162,0.032334236,0.033316898,0.03383604,0.034631805,0.03515079,0.041457201,0.038333012,0.040121472,0.02933364,0.036348588,0.032959954,0.033823829,0.038509628,0.042918544,0.05861746,0.050840314,0.049679784,0.053492206,0.046394148,0.036361827,0.035371521,0.051809625,0.054196576,0.053184681,0.049108969,0.02727984,0.037041186,0.05076176,0.073090293,0.03975282,0.044522033,0.065741402,0.044485498,0.054395469,0.071143454,0.04128115,0.077087938,0.046091746,0.046610949,0.078631899,1.901919929
Europe,        Austria,0.299267987,0.316966398,0.317780833,0.316694628,0.3042738,0.32563299,0.32821332,0.273571683,0.373171304,0.372328512,0.336598318,0.337782012,0.370822752,0.38906166,0.377524336,0.39809476,0.36896222,0.38411093,0.395184735,0.430586182,0.440857274,0.435303519,0.425257084,0.357421276,0.398396381,0.406426156,0.412052897,0.439213334,0.452760154,0.476773876,0.440581157,0.399420173,0.484707499,0.47753144,0.476530099,0.446893048,0.47428113,0.472148241,0.456079143,0.503072321,0.491420018,0.457379451,16.84113503
Europe,        Belgium,0.129565222,0.133805659,0.159937719,0.244219026,0.281318312,0.345336836,0.395393388,0.422422976,0.43388531,0.415377024,0.431530694,0.43323169,0.440804431,0.424857369,0.413055133,0.421087495,0.439651238,0.478699319,0.468369884,0.498023544,0.492126634,0.477170279,0.486964287,0.485856541,0.489457483,0.497034033,0.496805109,0.519475593,0.503448769,0.545989866,0.569024046,0.5890621,0.528303851,0.560835952,0.483215695,0.41890767,0.588415272,0.591801415,0.465422264,0.629038475,0.552326144,0.695321419,19.07657517
Europe,        Bosnia and Herzegovina,--,--,--,--,--,--,--,--,--,--,--,--,0.034893908,0.024153987,0.035321984,0.037195384,0.05277536,0.047061504,0.045998667,0.056007802,0.051443643,0.052997957,0.053052195,0.045117,0.059284704,0.059374062,0.057510362,0.039150524,0.047476572,0.06028752,0.077521176,0.042206304,0.039719784,0.068380347,0.05596635,0.051301095,0.051797521,0.034826061,0.059045084,0.056210052,0.0429877,0.063086643,1.502151252
Europe,        Bulgaria,0.102110384,0.132007313,0.143007948,0.162663068,0.165762446,0.159328908,0.149250948,0.155151842,0.192789998,0.188457584,0.168226486,0.161808272,0.142041286,0.165895839,0.175275029,0.204090174,0.22540419,0.208779278,0.20797472,0.193505542,0.217207475,0.218500188,0.244748979,0.206961865,0.203282084,0.234417952,0.241690861,0.179368273,0.191554367,0.193183413,0.213157342,0.206127759,0.213775712,0.213691442,0.237726784,0.243382247,0.231943591,0.22206614,0.249101104,0.235489231,0.229710599,0.254519143,8.285137806
Europe,        Croatia,--,--,--,--,--,--,--,--,--,--,--,--,0.044511968,0.04453488,0.050414292,0.053797704,0.07409644,0.053475268,0.055145376,0.066734876,0.059114795,0.066988839,0.054028803,0.048873375,0.069050304,0.062933706,0.05921643,0.042034991,0.051624448,0.066036572,0.090370969,0.051214994,0.050995424,0.088845249,0.09488197,0.069965007,0.076582512,0.065039266,0.088303594,0.074532094,0.074794212,0.091421312,1.93955967
Europe,        Cyprus,0,0,0,0,0,0,0,0,0,0,0,0,0,0,0,0,0,0,0,0,0,0,0,0,0,0.000009999,0.000009919,0.000029652,0.000402791,0.000576321,0.000956596,0.001973816,0.002582866,0.003187639,0.00298614,0.00372308,0.003920267,0.004069609,0.004347461,0.004584577,0.00523762,0.006820446,0.045418799
Europe,        Czechia,--,--,--,--,--,--,--,--,--,--,--,--,--,0.162095683,0.168404581,0.156955881,0.163010229,0.164623761,0.162572816,0.169840318,0.174107663,0.189973076,0.237522437,0.30131584,0.313505605,0.299119848,0.316498832,0.316171507,0.324203772,0.344048453,0.366027332,0.381359388,0.409118361,0.42598889,0.421849003,0.383224032,0.353041595,0.400115536,0.414272246,0.424178415,0.411205611,0.416345454,8.770696165
Europe,        Denmark,0.000425908,0.000439026,0.000491338,0.000662761,0.00063684,0.000814866,0.00161913,0.002115057,0.003344976,0.00490304,0.009018534,0.011709192,0.015161372,0.018463419,0.020363784,0.02186144,0.02503314,0.033835669,0.044017696,0.049718812,0.062511728,0.067501872,0.076967104,0.090313682,0.10444258,0.109027381,0.102195984,0.112470409,0.111794714,0.109323604,0.131645277,0.148583291,0.149015249,0.159935583,0.178661016,0.184018369,0.17657909,0.207658049,0.195637449,0.212829002,0.210902752,0.224796698,3.391446883
Europe,        Estonia,--,--,--,--,--,--,--,--,--,--,--,--,0.000010342,0.000010309,0.000030948,0.000082496,0.00007238,0.000112343,0.000173349,0.000173842,0.000193819,0.000196327,0.00030519,0.000496125,0.00060096,0.001109889,0.00128947,0.00143318,0.001941238,0.005281136,0.010186259,0.011457107,0.014057987,0.012222021,0.01393216,0.015245884,0.015257514,0.01789616,0.018980042,0.019648882,0.022662056,0.027676195,0.21273561
Europe,        Faroe Islands,0.000509012,0.000512197,0.000512246,0.000515481,0.00051156,0.000511903,0.000511854,0.000510531,0.000640088,0.000740672,0.000769748,0.000772264,0.000858386,0.000756918,0.000779941,0.000779278,0.000725289,0.000772266,0.000785648,0.000715973,0.000773083,0.000782198,0.000977503,0.000889208,0.001011135,0.001083072,0.001139812,0.001177837,0.001063148,0.001039313,0.000787895,0.001039612,0.00104676,0.001059051,0.00148356,0.001751972,0.001449424,0.00156621,0.001554963,0.001380275,0.001377361,0.001377361,0.039002008
Europe,        Finland,0.174425153,0.284703464,0.299499482,0.31471335,0.321407235,0.313931017,0.314679906,0.334407612,0.327779351,0.32124645,0.354667287,0.37902907,0.393955444,0.393588032,0.37684364,0.386569706,0.373930378,0.401858645,0.462932975,0.441611375,0.455640038,0.443273806,0.418002723,0.414169068,0.477430261,0.463402621,0.447991632,0.472668203,0.503677866,0.453707164,0.473238457,0.471989355,0.508505261,0.492138783,0.499316995,0.533512245,0.514646432,0.52723632,0.532674028,0.537040271,0.543526626,0.560819473,17.7163872
Europe,        Former Czechoslovakia,0.105293416,0.106724411,0.110124217,0.117393471,0.1233221,0.1909827,0.2614886,0.307507323,0.314350772,0.328370494,0.327977038,0.308984912,0.322831042,--,--,--,--,--,--,--,--,--,--,--,--,--,--,--,--,--,--,--,--,--,--,--,--,--,--,--,--,--,2.925350496
Europe,        Former Serbia and Montenegro,--,--,--,--,--,--,--,--,--,--,--,--,0.11614066,0.107162055,0.113641056,0.124476152,0.14751044,0.129051468,0.130144311,0.135422918,0.12118788,0.127364558,0.118342509,0.098739,0.11027616,0.119108088,--,--,--,--,--,--,--,--,--,--,--,--,--,--,--,--,1.698567255
Europe,        Former Yugoslavia,0.289492876,0.264900926,0.270671002,0.269440724,0.31510651,0.300440397,0.33291354,0.318865884,0.308738869,0.293250561,0.253828445,0.239399029,--,--,--,--,--,--,--,--,--,--,--,--,--,--,--,--,--,--,--,--,--,--,--,--,--,--,--,--,--,--,3.457048763
Europe,        France,1.440149584,1.769119091,1.79005505,2.126460368,2.55745508,2.789143702,3.085519614,3.262538844,3.422586367,3.432105371,3.678391963,3.886835717,4.074701299,4.323002405,4.372598846,4.484345993,4.604334872,4.568604615,4.473890684,4.646749947,4.81129452,4.963798566,4.969055883,4.999472114,5.074137137,5.058448723,5.10116011,5.055878821,5.168989515,4.84738308,5.109924148,5.120658638,5.131913753,5.251134848,5.333763969,5.30966212,5.028546459,4.916959321,5.255571154,5.072748958,4.581922054,4.811796289,179.7628096
Europe,        Germany,--,--,--,--,--,--,--,--,--,--,--,1.645118806,1.784993122,1.741222158,1.75390068,1.782663657,1.858314747,1.919103201,1.86525174,1.965005435,2.049544787,2.121285879,2.120400363,2.14036395,2.270488165,2.261656117,2.431268753,2.384225056,2.497112506,2.376385375,2.542136997,2.391700212,2.454831194,2.533821963,2.647531286,2.794332516,2.732800024,2.889201872,2.916080177,3.025121396,2.836786906,2.710504003,71.44315304
Europe,"        Germany, East",0.151302993,0.144448101,0.133576038,0.147691096,0.150648438,0.162031491,0.141474416,0.1380899,0.142500044,0.140797788,0.074546842,--,--,--,--,--,--,--,--,--,--,--,--,--,--,--,--,--,--,--,--,--,--,--,--,--,--,--,--,--,--,--,1.527107147
Europe,"        Germany, West",0.697463862,0.806617149,0.908341004,0.916814531,1.193179334,1.525633424,1.469376774,1.597489632,1.750211414,1.690398928,1.673756127,--,--,--,--,--,--,--,--,--,--,--,--,--,--,--,--,--,--,--,--,--,--,--,--,--,--,--,--,--,--,--,14.22928218
Europe,        Gibraltar,0,0,0,0,0,0,0,0,0,0,0,0,0,0,0,0,0,0,0,0,0,0,0,0,0,0,0,0,0,0,0,0,0,0,0,0,0,0,0,0,0,0,0
Europe,        Greece,0.035277659,0.035519303,0.03712217,0.024522162,0.02977488,0.029168024,0.033657012,0.02886063,0.024354316,0.019706048,0.018234706,0.03203852,0.024055492,0.024731291,0.027708776,0.037453184,0.04609572,0.040772134,0.03987027,0.050148304,0.04355827,0.031143662,0.037202661,0.060598125,0.06019616,0.064553544,0.077669428,0.049035437,0.059268496,0.082692135,0.108632986,0.084450965,0.095390086,0.142931915,0.12208615,0.141628093,0.14525838,0.132497675,0.146547952,0.149946764,0.153596707,0.190024504,2.817980696
Europe,        Hungary,0.001153068,0.001735198,0.001708603,0.028122357,0.042227988,0.071047195,0.081160296,0.119484642,0.145831391,0.150511335,0.150533832,0.13375224,0.136117024,0.134399439,0.136906239,0.136835806,0.138646255,0.136736863,0.136088174,0.137837989,0.138605111,0.138285863,0.136097247,0.108995775,0.123541095,0.150584475,0.142771854,0.160568297,0.172394775,0.180082771,0.1877869,0.183409707,0.186316007,0.184721628,0.19167843,0.196841551,0.202510321,0.205406883,0.20530207,0.217417914,0.202921266,0.213387473,5.850463347
Europe,        Iceland,0.032233974,0.033627309,0.037373067,0.039660469,0.04093524,0.040200056,0.042389868,0.043259688,0.045570136,0.046672768,0.046413724,0.04638802,0.046507974,0.048215193,0.04879468,0.0507866,0.0524238,0.056477175,0.06342534,0.072839798,0.077680615,0.082281679,0.08484282,0.085282875,0.085616768,0.086101389,0.097731907,0.117530644,0.161024214,0.16307984,0.163354454,0.163704865,0.164563178,0.171693295,0.169281,0.172904745,0.167732589,0.173611707,0.176896391,0.17023806,0.164718577,0.168972616,4.003039107
Europe,        Ireland,0.008653207,0.008937317,0.008279572,0.008163534,0.0070992,0.008608328,0.00950586,0.007011987,0.008899288,0.007135488,0.00717738,0.007701768,0.008418388,0.008092565,0.009727988,0.007599944,0.00781704,0.008193073,0.011838717,0.011412216,0.012006577,0.010549993,0.013967529,0.0114615,0.013902208,0.018707254,0.024584343,0.028596094,0.037165995,0.042590586,0.039192597,0.053747394,0.051377454,0.055118158,0.062341485,0.074865142,0.071010098,0.084330132,0.0942775,0.1065346,0.117908416,0.100641246,1.295149161
Europe,        Italy,0.531917589,0.512838762,0.546013014,0.53121921,0.551057773,0.536227803,0.561709715,0.446158544,0.454235352,0.383999834,0.360335682,0.4719681,0.47309479,0.466523486,0.497581944,0.42918544,0.47952784,0.477294036,0.481583916,0.533940364,0.522950587,0.57001002,0.503688996,0.462134361,0.560540858,0.50335727,0.526254102,0.494221886,0.612818431,0.721200194,0.794805184,0.843400334,0.903806794,1.099875244,1.18113362,1.052394874,1.030492991,0.995415292,1.080759579,0.902951126,1.039827386,1.010583557,27.13903588
Europe,        Kosovo,--,--,--,--,--,--,--,--,--,--,--,--,--,--,--,--,--,--,--,--,--,--,--,--,--,--,--,--,0.00073905,0.00116144,0.00151218,0.001039612,0.000932568,0.001383445,0.00144552,0.001323298,0.002271995,0.001667553,0.002751866,0.00275966,0.003183072,0.003830599,0.026001858
Europe,        Latvia,--,--,--,--,--,--,--,--,--,--,--,--,0.025834316,0.029339414,0.033753952,0.029987296,0.01904628,0.029862812,0.030509424,0.027927206,0.028511795,0.029046063,0.025015407,0.023439375,0.031961452,0.034144959,0.027880905,0.028427319,0.032835172,0.036537627,0.037271433,0.032016043,0.042037133,0.035396928,0.028891541,0.028086337,0.033932672,0.052366402,0.03533452,0.031414712,0.031836698,0.031415158,0.944060351
Europe,        Lithuania,--,--,--,--,--,--,--,--,--,--,--,--,0.151081146,0.134685266,0.082675075,0.117259448,0.13844003,0.118665533,0.141508149,0.104084081,0.08871021,0.118444314,0.146858647,0.16019398,0.157359463,0.106723041,0.08977398,0.103818399,0.10638472,0.118341938,0.013398249,0.014438784,0.015461823,0.019424205,0.019155818,0.020679434,0.024574989,0.028948168,0.027143419,0.028935209,0.023257893,0.023020165,2.443445576
Europe,        Luxembourg,0.00119462,0.001337984,0.001223119,0.001209802,0.00128412,0.001086488,0.001211736,0.001489917,0.001455684,0.001126656,0.001081808,0.001262756,0.001044542,0.001092754,0.001629928,0.00144368,0.00104434,0.001337903,0.00173349,0.00158503,0.0020402,0.002076416,0.001871323,0.001701,0.002283648,0.002389761,0.00277732,0.003004736,0.002778828,0.00259616,0.003016877,0.00298084,0.003470913,0.004043142,0.004275877,0.004590269,0.004817027,0.006212206,0.006894458,0.007770485,0.009194086,0.009160171,0.1158221
Europe,        Malta,0,0,0,0,0,0,0,0,0,0,0,0,0,0,0,0,0,0,0,0,0,0,0,0,0,0,0,0,0,0.00000976,5.86E-05,0.000136269,0.000295572,0.00036303,0.000732804,0.00095585,0.001259854,0.001603927,0.001806215,0.001800034,0.002137576,0.002312387,0.013471899
Europe,        Montenegro,--,--,--,--,--,--,--,--,--,--,--,--,--,--,--,--,--,--,--,--,--,--,--,--,--,--,0.017189627,0.012562564,0.015017496,0.020008,0.026565588,0.011581472,0.013921908,0.02366168,0.01651887,0.01379212,0.016885328,0.010272495,0.016773601,0.013934375,0.010445458,0.013858925,0.252989507
Europe,        Netherlands,0.052024906,0.046681948,0.041889553,0.037692956,0.037031868,0.042963493,0.04708102,0.042765837,0.045025496,0.049970544,0.047918862,0.047221347,0.052505607,0.055830306,0.058117713,0.060686493,0.06908588,0.053217047,0.070234949,0.073271035,0.078908958,0.083286285,0.089122459,0.091069728,0.101993157,0.125498029,0.126813944,0.132216873,0.150044233,0.17019367,0.176897206,0.196586978,0.21869045,0.217129139,0.228906074,0.243009514,0.244899045,0.282275633,0.294097142,0.323464972,0.319862346,0.376624058,5.302806753
Europe,        North Macedonia,--,--,--,--,--,--,--,--,--,--,--,--,0.008449414,0.005329753,0.007179936,0.008177416,0.00870628,0.009099783,0.010931184,0.01406075,0.011812758,0.00640646,0.007619577,0.01377,0.014693472,0.014768523,0.016207646,0.010001362,0.008237756,0.012307429,0.02356091,0.013992263,0.010046436,0.015239959,0.012446792,0.019182518,0.019365419,0.011843127,0.017728565,0.011862947,0.012940419,0.014351135,0.370319989
Europe,        Norway,0.859264468,0.960380069,0.956614602,1.101487986,1.0951038,1.060088431,0.99623502,1.066707639,1.11468228,1.224956736,1.25006035,1.140331284,1.197229737,1.219688717,1.142115308,1.244122176,1.06680882,1.112849332,1.171258011,1.232989724,1.435556127,1.236105791,1.307016867,1.063935,1.085774464,1.352084778,1.18313832,1.321332656,1.370208554,1.22301584,1.147286068,1.18407216,1.362472332,1.240635302,1.30788177,1.301389031,1.338963768,1.339846043,1.300815486,1.157459514,1.333976639,1.372424649,50.17836565
Europe,        Poland,0.028203429,0.025996618,0.019904425,0.022176198,0.01946016,0.024466874,0.021236718,0.020337888,0.021205496,0.01893408,0.017277722,0.019296164,0.019815272,0.018947942,0.021385068,0.023026696,0.02394744,0.026002298,0.029438739,0.027027318,0.023574511,0.02851908,0.027914712,0.02390962,0.032161772,0.043435111,0.048608908,0.058384449,0.078398156,0.104231054,0.127663281,0.147182094,0.14027154,0.171574711,0.189493052,0.224635574,0.24782775,0.259335341,0.233359625,0.262493904,0.24806905,0.271070498,3.440200338
Europe,        Portugal,0.084942703,0.054658751,0.074798403,0.087126791,0.10402416,0.115261751,0.09338724,0.099897372,0.130670868,0.066232768,0.10152352,0.101928412,0.056787922,0.09659533,0.119005376,0.095973784,0.16175896,0.144013002,0.142992531,0.08850603,0.132735412,0.163840048,0.100875468,0.180468,0.125029728,0.085171482,0.161391945,0.169110297,0.152765743,0.190259483,0.289290521,0.249912964,0.196285776,0.29303199,0.312293053,0.241045862,0.311827094,0.222113809,0.28244011,0.257963024,0.265538393,0.273242031,6.676717907
Europe,        Romania,0.129912369,0.131760098,0.122635928,0.104505861,0.11701152,0.123002978,0.111657294,0.115505034,0.139177844,0.130389568,0.113090544,0.147220652,0.12038088,0.131017081,0.133241456,0.170447048,0.17212928,0.23834795,0.249151097,0.242545482,0.21157488,0.212751152,0.222570578,0.18706295,0.226624598,0.261028085,0.242021608,0.241909757,0.294884765,0.282696055,0.325301778,0.291464227,0.2721209,0.324253876,0.38864662,0.375818665,0.3778198,0.354568124,0.368305123,0.35234764,0.340294386,0.353606637,9.450802168
Europe,        Serbia,--,--,--,--,--,--,--,--,--,--,--,--,--,--,--,--,--,--,--,--,--,--,--,--,--,--,0.107670745,0.098217308,0.093297672,0.10185536,0.114847632,0.08336328,0.087585264,0.096631248,0.10389675,0.093357751,0.099336311,0.084774304,0.098351133,0.093617669,0.089540632,0.1106062,1.556949259
Europe,        Slovakia,--,--,--,--,--,--,--,--,--,--,--,--,--,0.178517789,0.186418749,0.178260697,0.176349176,0.164620832,0.171725769,0.193578048,0.232998786,0.245749776,0.257937671,0.238285431,0.234214471,0.242480994,0.24697404,0.219906796,0.235684621,0.210579809,0.217724687,0.22237402,0.227237491,0.237132354,0.23394007,0.230505617,0.232658133,0.235522212,0.22482286,0.228116046,0.229824102,0.233282586,6.367423633
Europe,        Slovenia,--,--,--,--,--,--,--,--,--,--,--,--,0.072797638,0.068410636,0.077537943,0.078603874,0.08114204,0.079126273,0.082707345,0.08298653,0.084831256,0.089935989,0.087538341,0.080624205,0.093958964,0.091792944,0.089575924,0.087788806,0.102329277,0.102512618,0.100507362,0.096477385,0.093349118,0.098781048,0.1229893,0.094028756,0.100680838,0.100400325,0.102199177,0.100029143,0.109657719,0.101915333,2.755216107
Europe,        Spain,0.365125751,0.337050897,0.37430135,0.403550141,0.581125262,0.63098265,0.681662236,0.731705794,0.885945651,0.784426028,0.792247309,0.825081593,0.740149069,0.797965683,0.831536997,0.787315862,0.970221254,0.913951934,0.948200499,0.852397941,0.971471645,1.127596401,0.968587894,1.174380973,1.131185471,0.99627629,1.109070959,1.126299609,1.201249852,1.274680566,1.582579489,1.4321962,1.432706498,1.62902539,1.637976519,1.486465442,1.568491144,1.422189363,1.535910216,1.524953668,1.540278311,1.616282552,43.72479835
Europe,        Sweden,0.871722288,0.987443435,0.952775967,1.069611961,1.20894156,1.308782315,1.317310996,1.402790223,1.389217043,1.390847192,1.415377954,1.409301202,1.391909694,1.37394196,1.329107844,1.390932203,1.265013173,1.398847938,1.495983952,1.459737573,1.391408958,1.546405275,1.373317956,1.239540917,1.444537782,1.517493829,1.366958238,1.418425316,1.42930214,1.299369288,1.385747403,1.426037717,1.57334013,1.450667835,1.459861152,1.519800266,1.453572426,1.531963331,1.522033299,1.553401215,1.449617449,1.500066084,57.68246448
Europe,        Switzerland,0.475409392,0.515262907,0.522274388,0.520570178,0.490330248,0.547852617,0.557915328,0.580307964,0.599463372,0.54176524,0.55354958,0.568311092,0.579167298,0.608406953,0.653823612,0.613291897,0.551848876,0.606422131,0.605406115,0.648306829,0.621408848,0.676400673,0.613965908,0.611204637,0.593228188,0.535400997,0.575247998,0.615696554,0.621797724,0.614379321,0.608611542,0.580254516,0.620638971,0.628598663,0.642656914,0.594618733,0.544372997,0.535961107,0.590108761,0.623363085,0.622941774,0.557194755,24.56773868
Europe,        Turkiye,0.117259781,0.129753122,0.144369804,0.117087803,0.13790196,0.123546222,0.121946604,0.191334516,0.294326916,0.184291712,0.239214794,0.2355927,0.273225298,0.347877205,0.31370956,0.366014128,0.4170122,0.406424701,0.429678229,0.35346169,0.315200699,0.249562616,0.342555429,0.356835375,0.459514048,0.395010808,0.439933186,0.359426864,0.338227841,0.368912682,0.541230585,0.554540094,0.610777442,0.650951623,0.494842509,0.771478967,0.831052337,0.803190484,0.888644164,1.175369649,1.123897686,1.021107172,18.03629121
Europe,        United Kingdom,0.457672753,0.47423136,0.547458095,0.614823875,0.620147616,0.682019479,0.665491044,0.638841465,0.72574476,0.819938024,0.803192116,0.890616332,0.975502981,1.114599311,1.127553716,1.126529713,1.182137605,1.235936025,1.270465405,1.228897791,1.104973729,1.181722794,1.162446926,1.094638154,0.940736156,0.965831397,0.922950322,0.78993927,0.714832429,0.885169778,0.831353541,0.97066138,1.015652389,1.13950148,1.188058269,1.405426223,1.42313168,1.559160547,1.604024728,1.590197917,1.641732524,1.414450664,42.74839176
Eurasia,        Armenia,--,--,--,--,--,--,--,--,--,--,--,--,0.031160446,0.043802941,0.035889364,0.0195928,0.04071154,0.030819838,0.032169334,0.036536488,0.034304848,0.033196589,0.041199143,0.04120475,0.045665273,0.046917644,0.046331502,0.045684968,0.04411912,0.04639953,0.051566047,0.051605197,0.046819248,0.045980655,0.04536061,0.050525628,0.047246935,0.049007438,0.043337275,0.045262562,0.04674026,0.041807898,1.260965871
Eurasia,        Azerbaijan,--,--,--,--,--,--,--,--,--,--,--,--,0.01789166,0.024494184,0.018682276,0.01588048,0.01574782,0.017311035,0.019690407,0.015246966,0.015495319,0.013308904,0.020346,0.0247455,0.027313632,0.029787021,0.024728067,0.02312856,0.02177734,0.02232112,0.033297228,0.025737684,0.017157348,0.01536101,0.01394166,0.016895347,0.020051904,0.018039054,0.018517536,0.016869187,0.012378703,0.014188573,0.590331525
Eurasia,        Belarus,--,--,--,--,--,--,--,--,--,--,--,--,0.000175814,0.000195871,0.000196004,0.00020624,0.00016544,0.000214473,0.000285516,0.000194294,0.000275427,0.00030999,0.000284844,0.0002835,0.000340544,0.000659934,0.000644735,0.000681996,0.001033165,0.001924255,0.002666515,0.002407391,0.002741204,0.003427365,0.00335754,0.00335132,0.004303712,0.00759175,0.007494999,0.009517966,0.015268081,0.071575474,0.141775359
Eurasia,        Former U.S.S.R.,2.744290817,2.668262211,2.957665644,3.147201554,3.745755389,4.091587887,3.974808115,4.296911263,4.688132608,4.739554504,4.707285572,4.739184199,--,--,--,--,--,--,--,--,--,--,--,--,--,--,--,--,--,--,--,--,--,--,--,--,--,--,--,--,--,--,46.50063976
Eurasia,        Georgia,--,--,--,--,--,--,--,--,--,--,--,--,0.066592138,0.067379624,0.069158464,0.053117112,0.0614196,0.061145231,0.064322676,0.065221428,0.059176001,0.056697171,0.068148927,0.065417625,0.059985824,0.061733826,0.052193778,0.066717,0.06986486,0.07161888,0.090467388,0.075891676,0.068048916,0.078121708,0.07847652,0.077990711,0.08534984,0.084814878,0.090439136,0.07950099,0.073159802,0.090054845,2.112226575
Eurasia,        Kazakhstan,--,--,--,--,--,--,--,--,--,--,--,--,0.075696749,0.082185617,0.097960875,0.086190676,0.07607129,0.068951747,0.06313506,0.062093419,0.076058656,0.082664,0.089532573,0.086457375,0.079887616,0.077762223,0.076287029,0.080026585,0.072781644,0.06647536,0.077491908,0.07583338,0.072055152,0.073293962,0.07886643,0.087868851,0.110036208,0.10689936,0.102414119,0.102831903,0.10717381,0.110757361,2.505740938
Eurasia,        Kyrgyzstan,--,--,--,--,--,--,--,--,--,--,--,--,0.09509469,0.092719146,0.119737812,0.113504184,0.12544488,0.110555725,0.100379268,0.122926746,0.138182746,0.127157898,0.108637467,0.135482625,0.139753248,0.12658734,0.122469893,0.124627356,0.098766642,0.0987224,0.107286732,0.136004568,0.133576092,0.123994836,0.12519915,0.102406491,0.105050928,0.129543993,0.129047561,0.122048012,0.1298404,0.114049,3.558797829
Eurasia,        Moldova,--,--,--,--,--,--,--,--,--,--,--,--,0.00263721,0.003824639,0.0028369,0.003310152,0.00374308,0.003860514,0.003946239,0.003712038,0.003998792,0.003709547,0.003540204,0.00362475,0.0035056,0.003589641,0.003620435,0.003498936,0.00379379,0.00345504,0.003931668,0.003381168,0.002531256,0.002995874,0.00315732,0.002646596,0.002280304,0.002892882,0.002997401,0.003339286,0.00315828,0.003833801,0.101353343
Eurasia,        Russia,--,--,--,--,--,--,--,--,--,--,--,--,3.033023612,3.037122941,2.828735588,2.847858042,2.72555846,2.751776327,2.700406717,2.869641492,3.050930325,3.210225513,3.15752582,3.153331915,3.296101564,3.271855381,3.343130651,3.403169298,3.326666956,3.423198785,3.409521284,3.424409898,3.440107468,3.53451174,3.560577465,3.595164065,3.738421874,3.807137316,3.752819947,3.883326994,4.208481562,4.329255278,100.1139943
Eurasia,        Tajikistan,--,--,--,--,--,--,--,--,--,--,--,--,0.163082998,0.174706623,0.170461584,0.1490084,0.15176018,0.138651688,0.142839576,0.156181698,0.140508574,0.145323312,0.152717076,0.163751625,0.162018816,0.167953203,0.164000746,0.167464612,0.163990268,0.15363216,0.158398416,0.155825208,0.159212196,0.1612429,0.1506384,0.15683877,0.152014112,0.156270906,0.165784386,0.17070885,0.158912367,0.157914,4.73181365
Eurasia,        Turkmenistan,--,--,--,--,--,--,--,--,--,--,--,--,0.000041368,0.000051545,0.000041264,0.000041248,0.0000517,0.000051065,0.000061182,0.00005113,0.000051005,0.000030999,0.000030519,0.000030375,0.000030048,0.000029997,0.000029757,0.000029652,0.000029562,0.00002928,0.000029268,0.000029148,0.000028548,0.000028623,0.00002853,0.000027957,0.000027696,2.91E-05,2.87E-05,2.81E-05,2.77E-05,2.77E-05,0.001052664
Eurasia,        Ukraine,--,--,--,--,--,--,--,--,--,--,--,--,0.84486216,0.892148901,0.836904012,0.831842942,0.91700542,0.923369864,0.932107694,0.880489916,0.889914283,0.907301832,0.899973004,0.932028854,1.019958506,1.033603559,1.054176937,1.052284865,1.035291856,0.968403039,1.046214581,1.035636349,1.034354388,0.999677876,1.007293545,0.969618305,0.919559582,0.981441124,0.997324344,0.963472635,0.980914552,1.080325169,28.86750009
Eurasia,        Uzbekistan,--,--,--,--,--,--,--,--,--,--,--,--,0.064306556,0.075090756,0.073078544,0.063171312,0.0667964,0.058408147,0.0581229,0.057531476,0.059339217,0.060954367,0.062299452,0.076383,0.08934272,0.088371162,0.046153107,0.04556524,0.043781322,0.06263968,0.07912116,0.054856536,0.062672376,0.053897071,0.057212597,0.06523464,0.067011792,0.076922009,0.053211578,0.05761909,0.043931798,0.043952107,1.866978112
